{
  "type": "FeatureCollection",
  "features": [
    {
      "type": "Feature",
      "geometry": {
        "type": "MultiPolygon",
        "coordinates": [
          [
            [
              [
                149.25166623266,
                -37.132656356721
              ],
              [
                149.25166317726,
                -37.132674604358
              ],
              [
                149.25173792159,
                -37.132444624161
              ],
              [
                149.25173860292,
                -37.132437915056
              ],
              [
                149.25166623266,
                -37.132656356721
              ],
              [
                149.2517496227,
                -37.132158353337
              ],
              [
                149.25173428401,
                -37.131920098541
              ],
              [
                149.25165145942,
                -37.130934484112
              ],
              [
                149.25159894715,
                -37.130167666985
              ],
              [
                149.25159840251,
                -37.129948301981
              ],
              [
                149.2516130298,
                -37.129638037818
              ],
              [
                149.2516476539,
                -37.129198628203
              ],
              [
                149.25169971327,
                -37.128744581054
              ],
              [
                149.25175403153,
                -37.128366794716
              ],
              [
                149.25174852264,
                -37.128180907471
              ],
              [
                149.25173098458,
                -37.127790179575
              ],
              [
                149.25169668662,
                -37.12737743489
              ],
              [
                149.25169810404,
                -37.1273714472
              ],
              [
                149.25171653728,
                -37.127293800853
              ],
              [
                149.25178808757,
                -37.127045187848
              ],
              [
                149.2517881982,
                -37.127044818943
              ],
              [
                149.25178829414,
                -37.127044486368
              ],
              [
                149.25188290178,
                -37.12672749206
              ],
              [
                149.25188495975,
                -37.12672059817
              ],
              [
                149.25189105666,
                -37.126700166703
              ],
              [
                149.25204503037,
                -37.126529955278
              ],
              [
                149.25224560024,
                -37.126263846385
              ],
              [
                149.25238068911,
                -37.125998980998
              ],
              [
                149.25243689509,
                -37.125871039685
              ],
              [
                149.25253002553,
                -37.125659046775
              ],
              [
                149.25255720631,
                -37.125603610721
              ],
              [
                149.25269239046,
                -37.12532844208
              ],
              [
                149.25277419135,
                -37.125166666585
              ],
              [
                149.25278996715,
                -37.125101365216
              ],
              [
                149.25280610646,
                -37.125034545565
              ],
              [
                149.25282025392,
                -37.124907537076
              ],
              [
                149.25282308147,
                -37.124750860713
              ],
              [
                149.25276627069,
                -37.124244992629
              ],
              [
                149.25275139413,
                -37.124095822147
              ],
              [
                149.25275311914,
                -37.12385188589
              ],
              [
                149.25276883244,
                -37.12367702187
              ],
              [
                149.25282414415,
                -37.12340656191
              ],
              [
                149.25286415032,
                -37.123259773563
              ],
              [
                149.25289038058,
                -37.123063909098
              ],
              [
                149.25289988975,
                -37.122886117737
              ],
              [
                149.25289029139,
                -37.122728431174
              ],
              [
                149.25287200442,
                -37.122610371204
              ],
              [
                149.25282861167,
                -37.122477012451
              ],
              [
                149.25275439189,
                -37.122300811106
              ],
              [
                149.25265483064,
                -37.122101421464
              ],
              [
                149.25254049623,
                -37.121902304444
              ],
              [
                149.25249722132,
                -37.121772885298
              ],
              [
                149.25247150735,
                -37.121676582506
              ],
              [
                149.25249173884,
                -37.121504609355
              ],
              [
                149.25252819263,
                -37.121362822868
              ],
              [
                149.25260181967,
                -37.121126005701
              ],
              [
                149.25273553882,
                -37.120792518932
              ],
              [
                149.25312826246,
                -37.119883153468
              ],
              [
                149.25318846088,
                -37.119743755978
              ],
              [
                149.25324935879,
                -37.119602753578
              ],
              [
                149.25344065245,
                -37.119183339895
              ],
              [
                149.25357423313,
                -37.118812393235
              ],
              [
                149.25368201707,
                -37.118457723953
              ],
              [
                149.25370024058,
                -37.118296855908
              ],
              [
                149.25366711013,
                -37.118065913057
              ],
              [
                149.25357783351,
                -37.117714999538
              ],
              [
                149.25350239377,
                -37.117431540611
              ],
              [
                149.25348554373,
                -37.117264945298
              ],
              [
                149.25354504809,
                -37.116831440381
              ],
              [
                149.2535595482,
                -37.11675639465
              ],
              [
                149.25361342337,
                -37.116477523229
              ],
              [
                149.25362686847,
                -37.116395897813
              ],
              [
                149.25368955301,
                -37.116111726289
              ],
              [
                149.2537645376,
                -37.115828926796
              ],
              [
                149.25388515707,
                -37.11547849227
              ],
              [
                149.25401285842,
                -37.115166075766
              ],
              [
                149.25413719084,
                -37.114840501201
              ],
              [
                149.25435734372,
                -37.114337715417
              ],
              [
                149.25441617555,
                -37.114234135802
              ],
              [
                149.25450380683,
                -37.114094091376
              ],
              [
                149.25456842351,
                -37.11402047672
              ],
              [
                149.25464409651,
                -37.113961807732
              ],
              [
                149.25474952912,
                -37.113902573377
              ],
              [
                149.25485524436,
                -37.113852871313
              ],
              [
                149.25496152288,
                -37.113822235764
              ],
              [
                149.25507998909,
                -37.113800905056
              ],
              [
                149.25523936427,
                -37.1137833163
              ],
              [
                149.25549617389,
                -37.113778676579
              ],
              [
                149.25572383803,
                -37.113779600145
              ],
              [
                149.25581385374,
                -37.113783920437
              ],
              [
                149.25615978241,
                -37.113802148644
              ],
              [
                149.25643461473,
                -37.113816628611
              ],
              [
                149.25699298874,
                -37.11385032887
              ],
              [
                149.25766678877,
                -37.113880415296
              ],
              [
                149.25787440689,
                -37.113880371978
              ],
              [
                149.25895612967,
                -37.113804640199
              ],
              [
                149.2589686227,
                -37.113803147538
              ],
              [
                149.25906313822,
                -37.113777500083
              ],
              [
                149.25912152059,
                -37.113738234303
              ],
              [
                149.2591620472,
                -37.113699309798
              ],
              [
                149.25918868765,
                -37.113593883024
              ],
              [
                149.25922170609,
                -37.113502642634
              ],
              [
                149.25924834752,
                -37.113397215827
              ],
              [
                149.25929893467,
                -37.113296100919
              ],
              [
                149.25938523292,
                -37.113194306941
              ],
              [
                149.25951290715,
                -37.113082184448
              ],
              [
                149.2596526637,
                -37.112975969738
              ],
              [
                149.2597469128,
                -37.11291649723
              ],
              [
                149.25983558553,
                -37.112871550723
              ],
              [
                149.25995410974,
                -37.112821234906
              ],
              [
                149.26004907488,
                -37.112785782601
              ],
              [
                149.26015002668,
                -37.112750217846
              ],
              [
                149.2603933539,
                -37.112659062045
              ],
              [
                149.26058870522,
                -37.112568828144
              ],
              [
                149.2607482081,
                -37.112484084994
              ],
              [
                149.26085141437,
                -37.112436681298
              ],
              [
                149.26099240653,
                -37.112371993733
              ],
              [
                149.26118766898,
                -37.11233011533
              ],
              [
                149.26140107019,
                -37.112297429129
              ],
              [
                149.26161503735,
                -37.112283808149
              ],
              [
                149.26187951592,
                -37.112287074333
              ],
              [
                149.26216039495,
                -37.112248071751
              ],
              [
                149.26235174318,
                -37.112225193857
              ],
              [
                149.26250682026,
                -37.112193395592
              ],
              [
                149.26263176257,
                -37.112157367114
              ],
              [
                149.26272658476,
                -37.112117108239
              ],
              [
                149.26280254183,
                -37.112048375456
              ],
              [
                149.26290164465,
                -37.111950365704
              ],
              [
                149.26306970694,
                -37.111750108108
              ],
              [
                149.26324847143,
                -37.111506398418
              ],
              [
                149.26345206883,
                -37.111247225762
              ],
              [
                149.26358487191,
                -37.111115490223
              ],
              [
                149.263701674,
                -37.111007523789
              ],
              [
                149.26389391482,
                -37.110901425465
              ],
              [
                149.26405354503,
                -37.110811716024
              ],
              [
                149.26413676093,
                -37.110751325235
              ],
              [
                149.2642003942,
                -37.110682012314
              ],
              [
                149.26426383766,
                -37.110606519627
              ],
              [
                149.26435542208,
                -37.110437641485
              ],
              [
                149.26441123206,
                -37.110365386706
              ],
              [
                149.26445297637,
                -37.110339837601
              ],
              [
                149.26450318605,
                -37.110338875483
              ],
              [
                149.26452351625,
                -37.110340979815
              ],
              [
                149.26455358576,
                -37.110344102986
              ],
              [
                149.26464333957,
                -37.110373336206
              ],
              [
                149.26471046983,
                -37.110421576109
              ],
              [
                149.26476422229,
                -37.110474710278
              ],
              [
                149.26481435083,
                -37.110600642275
              ],
              [
                149.26484387367,
                -37.110683647586
              ],
              [
                149.26490461319,
                -37.110782284784
              ],
              [
                149.26499746668,
                -37.110909743336
              ],
              [
                149.26511288121,
                -37.111022048047
              ],
              [
                149.26523602375,
                -37.111134210328
              ],
              [
                149.2653505116,
                -37.111215585976
              ],
              [
                149.26546858979,
                -37.111287611077
              ],
              [
                149.26557389798,
                -37.111319642853
              ],
              [
                149.26569624372,
                -37.11134051418
              ],
              [
                149.26586862124,
                -37.111354242717
              ],
              [
                149.26607906957,
                -37.111348669519
              ],
              [
                149.26626758042,
                -37.111320308731
              ],
              [
                149.26638459758,
                -37.111291723366
              ],
              [
                149.2664325607,
                -37.11128000752
              ],
              [
                149.26668552499,
                -37.111210176062
              ],
              [
                149.26690778921,
                -37.111147123699
              ],
              [
                149.26705776483,
                -37.111122581906
              ],
              [
                149.26713878166,
                -37.111117941693
              ],
              [
                149.26722582551,
                -37.111120920495
              ],
              [
                149.26740628891,
                -37.111146864219
              ],
              [
                149.26753852746,
                -37.111175285044
              ],
              [
                149.26765992376,
                -37.111228672745
              ],
              [
                149.26781727626,
                -37.111321605062
              ],
              [
                149.2679519205,
                -37.111430450413
              ],
              [
                149.26805859974,
                -37.111508881601
              ],
              [
                149.26816059172,
                -37.111559537202
              ],
              [
                149.26823434524,
                -37.111570513912
              ],
              [
                149.26831940441,
                -37.111571977967
              ],
              [
                149.26841605663,
                -37.111573221853
              ],
              [
                149.26852768889,
                -37.111558705649
              ],
              [
                149.26880843847,
                -37.111513093731
              ],
              [
                149.26918831115,
                -37.111422255534
              ],
              [
                149.26947906793,
                -37.111323831082
              ],
              [
                149.26962482197,
                -37.111287001986
              ],
              [
                149.2697059219,
                -37.111285446945
              ],
              [
                149.26979144585,
                -37.111302373395
              ],
              [
                149.26987789935,
                -37.111350238396
              ],
              [
                149.27002941674,
                -37.111441740188
              ],
              [
                149.27047122841,
                -37.111742775586
              ],
              [
                149.27085501952,
                -37.11204182176
              ],
              [
                149.27109551615,
                -37.112201249819
              ],
              [
                149.27138705997,
                -37.112387555133
              ],
              [
                149.27153388231,
                -37.11245127974
              ],
              [
                149.27167036971,
                -37.112491989254
              ],
              [
                149.27178016714,
                -37.112519562917
              ],
              [
                149.27186504751,
                -37.112540873852
              ],
              [
                149.271994261,
                -37.112597200185
              ],
              [
                149.27209313241,
                -37.112672677095
              ],
              [
                149.2722120536,
                -37.112772538931
              ],
              [
                149.2723230679,
                -37.112866354488
              ],
              [
                149.27241794423,
                -37.112911728186
              ],
              [
                149.27256844008,
                -37.112966071316
              ],
              [
                149.27267075392,
                -37.113002261025
              ],
              [
                149.27277306785,
                -37.113038450641
              ],
              [
                149.27295303698,
                -37.113082689378
              ],
              [
                149.27310381859,
                -37.113146564064
              ],
              [
                149.27321265492,
                -37.113201704545
              ],
              [
                149.27341132317,
                -37.113331386488
              ],
              [
                149.27362130882,
                -37.113503780191
              ],
              [
                149.27381583859,
                -37.113676461055
              ],
              [
                149.27386187176,
                -37.11372973455
              ],
              [
                149.27393429729,
                -37.113760847718
              ],
              [
                149.27400014508,
                -37.113765775625
              ],
              [
                149.2741004735,
                -37.113760749221
              ],
              [
                149.27421785141,
                -37.113759470001
              ],
              [
                149.27436620957,
                -37.113742314814
              ],
              [
                149.27458584382,
                -37.113719023867
              ],
              [
                149.27498388031,
                -37.113687538453
              ],
              [
                149.27536191973,
                -37.113620469348
              ],
              [
                149.27550804496,
                -37.113595994358
              ],
              [
                149.2756226236,
                -37.113550467504
              ],
              [
                149.27570150375,
                -37.113474663402
              ],
              [
                149.27601346772,
                -37.113180836221
              ],
              [
                149.27629380642,
                -37.112992849719
              ],
              [
                149.27640424442,
                -37.112938106366
              ],
              [
                149.27653500675,
                -37.11291702998
              ],
              [
                149.27664673486,
                -37.11290559279
              ],
              [
                149.27681714299,
                -37.112917793013
              ],
              [
                149.27693609069,
                -37.112934177519
              ],
              [
                149.27729056472,
                -37.112982973892
              ],
              [
                149.27748902756,
                -37.113028679799
              ],
              [
                149.27762099666,
                -37.113047805444
              ],
              [
                149.2777061537,
                -37.113052366483
              ],
              [
                149.27782391136,
                -37.113048554761
              ],
              [
                149.27791774315,
                -37.113020436119
              ],
              [
                149.27800169244,
                -37.112984775719
              ],
              [
                149.27807001692,
                -37.112943232283
              ],
              [
                149.2782351033,
                -37.112842564439
              ],
              [
                149.27829774556,
                -37.11279459349
              ],
              [
                149.27832010581,
                -37.112777480028
              ],
              [
                149.27841733468,
                -37.112733828771
              ],
              [
                149.27852239829,
                -37.112693118916
              ],
              [
                149.27865682744,
                -37.112653627857
              ],
              [
                149.27879199489,
                -37.112593800608
              ],
              [
                149.27898667494,
                -37.112532828728
              ],
              [
                149.27927952369,
                -37.112424762727
              ],
              [
                149.27974653939,
                -37.112255916513
              ],
              [
                149.27992284821,
                -37.112163242475
              ],
              [
                149.2800716134,
                -37.112098472993
              ],
              [
                149.28019446538,
                -37.112071347934
              ],
              [
                149.28027171367,
                -37.112069862457
              ],
              [
                149.28036081752,
                -37.112077431468
              ],
              [
                149.28053150042,
                -37.112098910954
              ],
              [
                149.28072196001,
                -37.112135480993
              ],
              [
                149.28091214923,
                -37.112138248086
              ],
              [
                149.28103131102,
                -37.112141907106
              ],
              [
                149.28116603069,
                -37.112123835277
              ],
              [
                149.28127379734,
                -37.112109376077
              ],
              [
                149.28137347653,
                -37.112082700388
              ],
              [
                149.28148428085,
                -37.112040330008
              ],
              [
                149.28162532827,
                -37.111975712585
              ],
              [
                149.28176071716,
                -37.111915847085
              ],
              [
                149.28195321424,
                -37.111805504286
              ],
              [
                149.28204641392,
                -37.111840918668
              ],
              [
                149.28259445035,
                -37.11204911944
              ],
              [
                149.28259448329,
                -37.11204912962
              ],
              [
                149.28323847134,
                -37.112300644264
              ],
              [
                149.28380372613,
                -37.112527501891
              ],
              [
                149.28383945684,
                -37.112541837686
              ],
              [
                149.28383910138,
                -37.112575211654
              ],
              [
                149.28376299984,
                -37.112970000021
              ],
              [
                149.28366414535,
                -37.113247282009
              ],
              [
                149.28362200054,
                -37.113724999502
              ],
              [
                149.28347299963,
                -37.114397999606
              ],
              [
                149.2834130387,
                -37.114821766627
              ],
              [
                149.28329638581,
                -37.115530717723
              ],
              [
                149.28313450257,
                -37.116428241802
              ],
              [
                149.28308199947,
                -37.116655999887
              ],
              [
                149.2829209997,
                -37.11713599964
              ],
              [
                149.28287556131,
                -37.117490738068
              ],
              [
                149.28295726727,
                -37.117622735124
              ],
              [
                149.28293025537,
                -37.117771185942
              ],
              [
                149.28285221862,
                -37.117900288022
              ],
              [
                149.28265500012,
                -37.118665000199
              ],
              [
                149.282588,
                -37.119115000041
              ],
              [
                149.28235599961,
                -37.119955999265
              ],
              [
                149.2823130004,
                -37.120690999905
              ],
              [
                149.28216391004,
                -37.12101405902
              ],
              [
                149.28211299928,
                -37.121945000181
              ],
              [
                149.28207750638,
                -37.122457521149
              ],
              [
                149.28189706852,
                -37.123449070491
              ],
              [
                149.28174824799,
                -37.124266270055
              ],
              [
                149.28160467402,
                -37.125054648918
              ],
              [
                149.28140282672,
                -37.126163040132
              ],
              [
                149.28136880771,
                -37.126349831179
              ],
              [
                149.28126299959,
                -37.126695999585
              ],
              [
                149.28118599988,
                -37.127098999859
              ],
              [
                149.28111272358,
                -37.127280089316
              ],
              [
                149.2811975303,
                -37.12729028702
              ],
              [
                149.28118122565,
                -37.127379826101
              ],
              [
                149.28114822799,
                -37.127558830622
              ],
              [
                149.28434818942,
                -37.12793531008
              ],
              [
                149.28420370636,
                -37.128006334661
              ],
              [
                149.28403586162,
                -37.128119261361
              ],
              [
                149.2837671203,
                -37.128293555029
              ],
              [
                149.28364450367,
                -37.128391890947
              ],
              [
                149.28353886168,
                -37.128485339387
              ],
              [
                149.28343349164,
                -37.128587918236
              ],
              [
                149.28333328443,
                -37.128672117906
              ],
              [
                149.28321705444,
                -37.128793193556
              ],
              [
                149.28315174822,
                -37.128899571154
              ],
              [
                149.28307628544,
                -37.129047277344
              ],
              [
                149.28301847583,
                -37.129212927444
              ],
              [
                149.28291543781,
                -37.129393157532
              ],
              [
                149.28278106442,
                -37.129669972877
              ],
              [
                149.28268633682,
                -37.129936885833
              ],
              [
                149.28252940473,
                -37.130223274851
              ],
              [
                149.28241345343,
                -37.130353481012
              ],
              [
                149.28226924795,
                -37.13049336975
              ],
              [
                149.28207803474,
                -37.130588466989
              ],
              [
                149.28187973064,
                -37.130637991132
              ],
              [
                149.28143640023,
                -37.130701377993
              ],
              [
                149.28110621075,
                -37.130730589635
              ],
              [
                149.28082805456,
                -37.130746083304
              ],
              [
                149.2808166085,
                -37.13074672091
              ],
              [
                149.28074921661,
                -37.130750476733
              ],
              [
                149.28075614842,
                -37.130691788738
              ],
              [
                149.28074017355,
                -37.130625005254
              ],
              [
                149.28071534876,
                -37.13057330834
              ],
              [
                149.28069914916,
                -37.130499076021
              ],
              [
                149.28072506006,
                -37.13043148807
              ],
              [
                149.28074209735,
                -37.130378986243
              ],
              [
                149.28075381749,
                -37.130304220998
              ],
              [
                149.280743059,
                -37.130255968177
              ],
              [
                149.28069042789,
                -37.130208537584
              ],
              [
                149.28062928296,
                -37.130187347867
              ],
              [
                149.28054520793,
                -37.130177783705
              ],
              [
                149.28038260218,
                -37.13018837553
              ],
              [
                149.28025267886,
                -37.130202050315
              ],
              [
                149.28018766197,
                -37.130207029935
              ],
              [
                149.28015510226,
                -37.130207661936
              ],
              [
                149.28011754187,
                -37.13019720322
              ],
              [
                149.28007035089,
                -37.130175751892
              ],
              [
                149.27996610305,
                -37.130114389915
              ],
              [
                149.2798516617,
                -37.130023423082
              ],
              [
                149.27967561309,
                -37.129896361291
              ],
              [
                149.27951996438,
                -37.129828543717
              ],
              [
                149.27937884505,
                -37.129779076608
              ],
              [
                149.27924746831,
                -37.129744334533
              ],
              [
                149.27912617273,
                -37.129735491651
              ],
              [
                149.27900078881,
                -37.12974535927
              ],
              [
                149.27890332524,
                -37.129754685243
              ],
              [
                149.27884760943,
                -37.129759484328
              ],
              [
                149.27876465253,
                -37.129787169476
              ],
              [
                149.27868668343,
                -37.129825938376
              ],
              [
                149.27859043762,
                -37.129876240245
              ],
              [
                149.27850838123,
                -37.129933728635
              ],
              [
                149.27838489057,
                -37.13000691824
              ],
              [
                149.27827891999,
                -37.130079495061
              ],
              [
                149.27815221426,
                -37.130164207167
              ],
              [
                149.27802542423,
                -37.130282185994
              ],
              [
                149.27795411194,
                -37.130387910255
              ],
              [
                149.27791548503,
                -37.130496743481
              ],
              [
                149.27790167954,
                -37.130657266185
              ],
              [
                149.27790111066,
                -37.130666484069
              ],
              [
                149.27789906879,
                -37.130699136067
              ],
              [
                149.27789538683,
                -37.130758020099
              ],
              [
                149.27786219872,
                -37.130892833889
              ],
              [
                149.27779554877,
                -37.130998475633
              ],
              [
                149.2777418391,
                -37.131070320359
              ],
              [
                149.27769313083,
                -37.13115325496
              ],
              [
                149.27760634501,
                -37.131363636885
              ],
              [
                149.27755710826,
                -37.131584478498
              ],
              [
                149.27751627328,
                -37.131775345062
              ],
              [
                149.27748830005,
                -37.131928698601
              ],
              [
                149.27743127921,
                -37.132045332983
              ],
              [
                149.27739651269,
                -37.132127997677
              ],
              [
                149.27737083398,
                -37.132203032725
              ],
              [
                149.27735502257,
                -37.132296509195
              ],
              [
                149.27729001668,
                -37.132581797787
              ],
              [
                149.27709730984,
                -37.133427497217
              ],
              [
                149.27674342585,
                -37.134980467977
              ],
              [
                149.27667201654,
                -37.135293805582
              ],
              [
                149.27643853098,
                -37.136600256874
              ],
              [
                149.27634862105,
                -37.13661316681
              ],
              [
                149.27621925123,
                -37.136645475792
              ],
              [
                149.27609497165,
                -37.136692584137
              ],
              [
                149.27600347936,
                -37.136746526466
              ],
              [
                149.27591720263,
                -37.136819000519
              ],
              [
                149.27583602751,
                -37.136906281016
              ],
              [
                149.2757918417,
                -37.136985400499
              ],
              [
                149.27573913984,
                -37.137090770481
              ],
              [
                149.27569977398,
                -37.137171955787
              ],
              [
                149.27564021216,
                -37.137234583388
              ],
              [
                149.27555725818,
                -37.137285364801
              ],
              [
                149.27534638362,
                -37.137344295997
              ],
              [
                149.27493397455,
                -37.13740812777
              ],
              [
                149.27480891643,
                -37.137429164601
              ],
              [
                149.27442751533,
                -37.137440215452
              ],
              [
                149.2738880319,
                -37.137458034799
              ],
              [
                149.27371566764,
                -37.137453884248
              ],
              [
                149.27360366518,
                -37.137444855732
              ],
              [
                149.27347284044,
                -37.137428729732
              ],
              [
                149.27327210581,
                -37.137410221129
              ],
              [
                149.27311336011,
                -37.137394634966
              ],
              [
                149.27298773842,
                -37.137397048701
              ],
              [
                149.2729182879,
                -37.137409563533
              ],
              [
                149.27281660175,
                -37.137433871956
              ],
              [
                149.27269243143,
                -37.137484709363
              ],
              [
                149.2725682621,
                -37.137535547525
              ],
              [
                149.27247860854,
                -37.137571944645
              ],
              [
                149.27235635513,
                -37.13759273494
              ],
              [
                149.27220340149,
                -37.137614113898
              ],
              [
                149.2720547129,
                -37.137642299856
              ],
              [
                149.27193641952,
                -37.137674569326
              ],
              [
                149.27180104502,
                -37.137721708432
              ],
              [
                149.27174622333,
                -37.137756306954
              ],
              [
                149.27169206668,
                -37.13781325127
              ],
              [
                149.27163737176,
                -37.138008108228
              ],
              [
                149.27158983359,
                -37.138154641067
              ],
              [
                149.27154709052,
                -37.138266131419
              ],
              [
                149.27148881216,
                -37.138371771429
              ],
              [
                149.27145442116,
                -37.138466013427
              ],
              [
                149.27141535095,
                -37.138522973895
              ],
              [
                149.27136367004,
                -37.138630159136
              ],
              [
                149.27134902434,
                -37.138639783851
              ],
              [
                149.27126739303,
                -37.138712164626
              ],
              [
                149.27116938006,
                -37.13885939907
              ],
              [
                149.27108886131,
                -37.138969030493
              ],
              [
                149.27099040862,
                -37.139101357895
              ],
              [
                149.27091409264,
                -37.139196003228
              ],
              [
                149.2708604946,
                -37.13927156756
              ],
              [
                149.2707512778,
                -37.139355660071
              ],
              [
                149.27066000451,
                -37.139417047309
              ],
              [
                149.27054967315,
                -37.139463879891
              ],
              [
                149.27043491472,
                -37.139518259382
              ],
              [
                149.27030608944,
                -37.13956918445
              ],
              [
                149.27015898124,
                -37.139631633139
              ],
              [
                149.27014239341,
                -37.139639302307
              ],
              [
                149.27000744581,
                -37.139701628646
              ],
              [
                149.26984715539,
                -37.139790416485
              ],
              [
                149.26967424782,
                -37.1399241828
              ],
              [
                149.26953268921,
                -37.14001634335
              ],
              [
                149.26934559886,
                -37.140142921419
              ],
              [
                149.26921323139,
                -37.140231177159
              ],
              [
                149.26907709867,
                -37.140349326516
              ],
              [
                149.26890916551,
                -37.140494174402
              ],
              [
                149.26881025859,
                -37.140611603326
              ],
              [
                149.26873860185,
                -37.140706156267
              ],
              [
                149.26861410672,
                -37.14090234312
              ],
              [
                149.26855186523,
                -37.141000440438
              ],
              [
                149.26845339569,
                -37.141132775125
              ],
              [
                149.26839125496,
                -37.141234597011
              ],
              [
                149.26828449064,
                -37.141400629596
              ],
              [
                149.26821747356,
                -37.141495092499
              ],
              [
                149.2681506912,
                -37.14159700403
              ],
              [
                149.26811568693,
                -37.141672216584
              ],
              [
                149.26804956613,
                -37.141796473067
              ],
              [
                149.2680111446,
                -37.141912750594
              ],
              [
                149.26797316118,
                -37.142043925136
              ],
              [
                149.26794903237,
                -37.142171106061
              ],
              [
                149.26791726099,
                -37.14235433918
              ],
              [
                149.26789411993,
                -37.142515046702
              ],
              [
                149.26787054174,
                -37.142660858071
              ],
              [
                149.26781198648,
                -37.143038405802
              ],
              [
                149.26773571049,
                -37.143446125156
              ],
              [
                149.26768766481,
                -37.143707935075
              ],
              [
                149.26764792369,
                -37.143936046804
              ],
              [
                149.26763772338,
                -37.143991882074
              ],
              [
                149.26761991696,
                -37.14408939513
              ],
              [
                149.2675688611,
                -37.144250632373
              ],
              [
                149.26754550662,
                -37.144403891632
              ],
              [
                149.26750908111,
                -37.144587213692
              ],
              [
                149.26745637384,
                -37.144685900311
              ],
              [
                149.26744694772,
                -37.144689034049
              ],
              [
                149.26738280509,
                -37.144723809914
              ],
              [
                149.26732320116,
                -37.144754763291
              ],
              [
                149.26725075329,
                -37.14482323634
              ],
              [
                149.2672072285,
                -37.14492470675
              ],
              [
                149.26720102887,
                -37.144981786618
              ],
              [
                149.26721267139,
                -37.145107229251
              ],
              [
                149.26721656685,
                -37.145237594849
              ],
              [
                149.26721082053,
                -37.145356976047
              ],
              [
                149.26721006262,
                -37.145487439708
              ],
              [
                149.26723390233,
                -37.145662154257
              ],
              [
                149.26724326243,
                -37.145722473658
              ],
              [
                149.26724544137,
                -37.145736475794
              ],
              [
                149.26724879424,
                -37.145749450593
              ],
              [
                149.26725414744,
                -37.145770220583
              ],
              [
                149.26727703683,
                -37.145858862597
              ],
              [
                149.26731826132,
                -37.145992251142
              ],
              [
                149.26734419525,
                -37.146081200769
              ],
              [
                149.26739794043,
                -37.146165896026
              ],
              [
                149.26746985781,
                -37.146235334426
              ],
              [
                149.26764569693,
                -37.146354961986
              ],
              [
                149.26771749111,
                -37.146420676911
              ],
              [
                149.2677692647,
                -37.146464562477
              ],
              [
                149.26785101107,
                -37.146526198006
              ],
              [
                149.26794707803,
                -37.146624990014
              ],
              [
                149.26802420892,
                -37.146712968344
              ],
              [
                149.26808249665,
                -37.146793848821
              ],
              [
                149.26809842086,
                -37.146829249686
              ],
              [
                149.26811851009,
                -37.146873902117
              ],
              [
                149.26815160288,
                -37.146941585192
              ],
              [
                149.26819675356,
                -37.147033917585
              ],
              [
                149.26820384523,
                -37.14705453077
              ],
              [
                149.26825283664,
                -37.147196838377
              ],
              [
                149.26826950735,
                -37.147309439401
              ],
              [
                149.26828200429,
                -37.14739380737
              ],
              [
                149.26830539763,
                -37.147553623855
              ],
              [
                149.26830947423,
                -37.147666165
              ],
              [
                149.26832469725,
                -37.147878757886
              ],
              [
                149.26833254584,
                -37.148056152132
              ],
              [
                149.26833932606,
                -37.148130350144
              ],
              [
                149.26834192949,
                -37.148158736726
              ],
              [
                149.26835365157,
                -37.148254313658
              ],
              [
                149.26837359661,
                -37.148328444336
              ],
              [
                149.26838394448,
                -37.148377919148
              ],
              [
                149.26837656014,
                -37.148427729895
              ],
              [
                149.26839270998,
                -37.148523221133
              ],
              [
                149.26842247912,
                -37.148609664609
              ],
              [
                149.26845106307,
                -37.148695965846
              ],
              [
                149.26848798857,
                -37.148744933513
              ],
              [
                149.26854717105,
                -37.14879702489
              ],
              [
                149.26865518894,
                -37.148851722841
              ],
              [
                149.26875803751,
                -37.148881687273
              ],
              [
                149.26886113371,
                -37.148889273002
              ],
              [
                149.26898518414,
                -37.148895909352
              ],
              [
                149.26903019144,
                -37.148895045497
              ],
              [
                149.26912715514,
                -37.148910352109
              ],
              [
                149.26925609671,
                -37.148936019429
              ],
              [
                149.26945356151,
                -37.149017385535
              ],
              [
                149.26961180018,
                -37.149120800635
              ],
              [
                149.26968036586,
                -37.149190449608
              ],
              [
                149.26973122088,
                -37.14926044238
              ],
              [
                149.26979188801,
                -37.149362179403
              ],
              [
                149.26987913167,
                -37.149463399951
              ],
              [
                149.2700434974,
                -37.149623463532
              ],
              [
                149.2701490984,
                -37.149745632593
              ],
              [
                149.27022727301,
                -37.149839927694
              ],
              [
                149.27034259107,
                -37.149990296296
              ],
              [
                149.27045684412,
                -37.150105194872
              ],
              [
                149.27051683699,
                -37.150181059373
              ],
              [
                149.27027313958,
                -37.150209797235
              ],
              [
                149.27007235752,
                -37.15018863411
              ],
              [
                149.26987850978,
                -37.150153765294
              ],
              [
                149.26965691032,
                -37.150158010296
              ],
              [
                149.2694919666,
                -37.150122587058
              ],
              [
                149.26929996158,
                -37.15014941604
              ],
              [
                149.26914672837,
                -37.150183218352
              ],
              [
                149.26902401152,
                -37.150270452811
              ],
              [
                149.26893066047,
                -37.150372558214
              ],
              [
                149.26876184533,
                -37.150530126596
              ],
              [
                149.26826197664,
                -37.151300920466
              ],
              [
                149.26791467934,
                -37.151641399776
              ],
              [
                149.26745741406,
                -37.151292477719
              ],
              [
                149.26671524187,
                -37.151378216193
              ],
              [
                149.26610140737,
                -37.151771480355
              ],
              [
                149.26557475014,
                -37.15209153922
              ],
              [
                149.26490278035,
                -37.152533599384
              ],
              [
                149.2647410696,
                -37.152598742435
              ],
              [
                149.2643639948,
                -37.152750639325
              ],
              [
                149.26434349619,
                -37.15275889707
              ],
              [
                149.26365090052,
                -37.152509837922
              ],
              [
                149.26258689313,
                -37.152792461335
              ],
              [
                149.26221192022,
                -37.153204987859
              ],
              [
                149.26192413223,
                -37.153544313533
              ],
              [
                149.26139247386,
                -37.153697534988
              ],
              [
                149.26076581401,
                -37.153661806067
              ],
              [
                149.26025469976,
                -37.153504643925
              ],
              [
                149.25928365456,
                -37.153293253787
              ],
              [
                149.25910359687,
                -37.15324899745
              ],
              [
                149.25886434737,
                -37.153217791912
              ],
              [
                149.25856555141,
                -37.153187721224
              ],
              [
                149.25829652954,
                -37.153157083072
              ],
              [
                149.25807287488,
                -37.153149424233
              ],
              [
                149.25773083813,
                -37.153167865992
              ],
              [
                149.25735938166,
                -37.153198789744
              ],
              [
                149.25715636663,
                -37.153182475199
              ],
              [
                149.25721026429,
                -37.153021758583
              ],
              [
                149.25724531267,
                -37.152819130781
              ],
              [
                149.25721990114,
                -37.152556596772
              ],
              [
                149.25718485623,
                -37.152364697166
              ],
              [
                149.25711434518,
                -37.152164080701
              ],
              [
                149.25699133527,
                -37.151973857044
              ],
              [
                149.25683844672,
                -37.151765416357
              ],
              [
                149.2566192369,
                -37.151497180585
              ],
              [
                149.25643674817,
                -37.151279908785
              ],
              [
                149.25613907399,
                -37.150938018512
              ],
              [
                149.25604541646,
                -37.150825236141
              ],
              [
                149.25541157398,
                -37.150068961579
              ],
              [
                149.25537256119,
                -37.150022656551
              ],
              [
                149.25521297967,
                -37.149786160465
              ],
              [
                149.25509905725,
                -37.149506523702
              ],
              [
                149.25503930678,
                -37.149272823204
              ],
              [
                149.25502032826,
                -37.14902895214
              ],
              [
                149.25501670938,
                -37.148709642354
              ],
              [
                149.25504561983,
                -37.148497737442
              ],
              [
                149.25508765052,
                -37.148332551254
              ],
              [
                149.25515369725,
                -37.148185694008
              ],
              [
                149.25526023131,
                -37.148019278928
              ],
              [
                149.25559979896,
                -37.147599499239
              ],
              [
                149.25601280499,
                -37.14708438493
              ],
              [
                149.25642524858,
                -37.146550493799
              ],
              [
                149.25677080291,
                -37.146135292226
              ],
              [
                149.25715517248,
                -37.145644201998
              ],
              [
                149.25756369155,
                -37.145176138212
              ],
              [
                149.25773359852,
                -37.144970942841
              ],
              [
                149.25788089267,
                -37.144794355157
              ],
              [
                149.25795949619,
                -37.144675432217
              ],
              [
                149.25800934564,
                -37.144575854226
              ],
              [
                149.25803558214,
                -37.144472021863
              ],
              [
                149.25806155417,
                -37.144358807325
              ],
              [
                149.25807006605,
                -37.144250620084
              ],
              [
                149.25807356368,
                -37.144170708967
              ],
              [
                149.25803306998,
                -37.143795735552
              ],
              [
                149.25795224341,
                -37.143247762877
              ],
              [
                149.2579471943,
                -37.143189428768
              ],
              [
                149.25793437248,
                -37.143041441546
              ],
              [
                149.25793534772,
                -37.1429822473
              ],
              [
                149.25793646644,
                -37.142914590474
              ],
              [
                149.25794126166,
                -37.142865663233
              ],
              [
                149.25795447979,
                -37.142731067662
              ],
              [
                149.25799622016,
                -37.142556494255
              ],
              [
                149.25811474663,
                -37.142201980403
              ],
              [
                149.25829972632,
                -37.141714685033
              ],
              [
                149.25840639161,
                -37.141355704273
              ],
              [
                149.25853594318,
                -37.140977489262
              ],
              [
                149.25858145453,
                -37.140732395492
              ],
              [
                149.25859499175,
                -37.140595930904
              ],
              [
                149.25857852306,
                -37.140436549585
              ],
              [
                149.25855730416,
                -37.140314835608
              ],
              [
                149.25850661939,
                -37.140188996945
              ],
              [
                149.25844393844,
                -37.140053978093
              ],
              [
                149.25840066027,
                -37.139979654902
              ],
              [
                149.25833336812,
                -37.139887008705
              ],
              [
                149.2582486292,
                -37.139799380517
              ],
              [
                149.25810455667,
                -37.139689405213
              ],
              [
                149.25794820173,
                -37.139560876761
              ],
              [
                149.25782284181,
                -37.139488118561
              ],
              [
                149.25767416814,
                -37.139420497203
              ],
              [
                149.2575200451,
                -37.139367073833
              ],
              [
                149.25737206203,
                -37.139322931303
              ],
              [
                149.25718904739,
                -37.139284146915
              ],
              [
                149.2569949925,
                -37.139269053223
              ],
              [
                149.25673672625,
                -37.139264583071
              ],
              [
                149.25658258344,
                -37.139273306806
              ],
              [
                149.25652861465,
                -37.139274339234
              ],
              [
                149.2565041754,
                -37.139277749932
              ],
              [
                149.25636188573,
                -37.139285809625
              ],
              [
                149.25604740223,
                -37.139303200004
              ],
              [
                149.25598910733,
                -37.139302642782
              ],
              [
                149.25596445719,
                -37.139307785044
              ],
              [
                149.25532519565,
                -37.139343120224
              ],
              [
                149.2532365633,
                -37.139461301916
              ],
              [
                149.2531491975,
                -37.139466239433
              ],
              [
                149.25289710785,
                -37.139476542595
              ],
              [
                149.25279948672,
                -37.139480532106
              ],
              [
                149.25247451521,
                -37.139493820774
              ],
              [
                149.25239912827,
                -37.139496904173
              ],
              [
                149.25232604375,
                -37.139499885173
              ],
              [
                149.25205616652,
                -37.139510915837
              ],
              [
                149.25205902095,
                -37.139493784145
              ],
              [
                149.25207393089,
                -37.139404540176
              ],
              [
                149.25211945648,
                -37.139408083606
              ],
              [
                149.25238808353,
                -37.13940531743
              ],
              [
                149.25239520594,
                -37.139279090745
              ],
              [
                149.25240802075,
                -37.139119607646
              ],
              [
                149.25241124128,
                -37.139045901396
              ],
              [
                149.25240323557,
                -37.13895904241
              ],
              [
                149.25237423595,
                -37.138764342847
              ],
              [
                149.25237346656,
                -37.138755823714
              ],
              [
                149.25237054987,
                -37.138657148359
              ],
              [
                149.25237182405,
                -37.138641394042
              ],
              [
                149.25237248345,
                -37.138638348862
              ],
              [
                149.25238811902,
                -37.138572295061
              ],
              [
                149.25238908799,
                -37.138568642875
              ],
              [
                149.252431676,
                -37.13842223567
              ],
              [
                149.2524330984,
                -37.138417854779
              ],
              [
                149.25246018873,
                -37.138342188757
              ],
              [
                149.25246180824,
                -37.13833803934
              ],
              [
                149.25246970695,
                -37.138323682158
              ],
              [
                149.25248059742,
                -37.138310641572
              ],
              [
                149.25248426996,
                -37.138307166898
              ],
              [
                149.25253601098,
                -37.138260614219
              ],
              [
                149.25253604412,
                -37.138252243852
              ],
              [
                149.25253619112,
                -37.138248091788
              ],
              [
                149.25254149822,
                -37.138163405807
              ],
              [
                149.25254172656,
                -37.138160629278
              ],
              [
                149.25255384813,
                -37.138041354249
              ],
              [
                149.25255459117,
                -37.138035967881
              ],
              [
                149.25258159777,
                -37.137884169189
              ],
              [
                149.25261896995,
                -37.137699401927
              ],
              [
                149.25264836542,
                -37.137512361099
              ],
              [
                149.2526706848,
                -37.137372721694
              ],
              [
                149.25267361875,
                -37.137220789466
              ],
              [
                149.25265859744,
                -37.136972826324
              ],
              [
                149.25264413093,
                -37.136864810288
              ],
              [
                149.25263250068,
                -37.136802430965
              ],
              [
                149.25260545266,
                -37.136749408461
              ],
              [
                149.25256837968,
                -37.136686073596
              ],
              [
                149.25248503408,
                -37.136611864585
              ],
              [
                149.25241415231,
                -37.13655504395
              ],
              [
                149.25229256724,
                -37.136487723487
              ],
              [
                149.25214290924,
                -37.136409852282
              ],
              [
                149.25213604833,
                -37.136405983033
              ],
              [
                149.25197749646,
                -37.136309274596
              ],
              [
                149.25182305835,
                -37.136218759426
              ],
              [
                149.25181907985,
                -37.136216316999
              ],
              [
                149.25181627554,
                -37.13621444797
              ],
              [
                149.25169644667,
                -37.136132137555
              ],
              [
                149.25168472875,
                -37.136122808097
              ],
              [
                149.25153948016,
                -37.135987374436
              ],
              [
                149.25152865815,
                -37.135975419771
              ],
              [
                149.25152386045,
                -37.135968392113
              ],
              [
                149.2514498415,
                -37.135847624099
              ],
              [
                149.25144598664,
                -37.135840580323
              ],
              [
                149.25144173071,
                -37.13582987976
              ],
              [
                149.25141132858,
                -37.135732858564
              ],
              [
                149.25138512359,
                -37.135645160156
              ],
              [
                149.25138418855,
                -37.135641755946
              ],
              [
                149.25138206608,
                -37.135626357273
              ],
              [
                149.25137946663,
                -37.135538594227
              ],
              [
                149.25138075136,
                -37.135522847822
              ],
              [
                149.25138290639,
                -37.135514359624
              ],
              [
                149.25143326704,
                -37.135356009689
              ],
              [
                149.25152726155,
                -37.135080531063
              ],
              [
                149.25160629185,
                -37.134856793486
              ],
              [
                149.251570226,
                -37.134671314069
              ],
              [
                149.25155349435,
                -37.134619409235
              ],
              [
                149.25154948841,
                -37.134609659228
              ],
              [
                149.2515529937,
                -37.134609166333
              ],
              [
                149.25164772583,
                -37.134597847243
              ],
              [
                149.25165257822,
                -37.134597268361
              ],
              [
                149.25166140704,
                -37.134594091361
              ],
              [
                149.25160400163,
                -37.134454188144
              ],
              [
                149.25156297689,
                -37.134379405762
              ],
              [
                149.25150865145,
                -37.134303325998
              ],
              [
                149.25142365978,
                -37.134204560927
              ],
              [
                149.25141730433,
                -37.134194571673
              ],
              [
                149.25141065258,
                -37.133969382814
              ],
              [
                149.25140989649,
                -37.133943800384
              ],
              [
                149.25141084779,
                -37.133934121999
              ],
              [
                149.25141110987,
                -37.133931457483
              ],
              [
                149.25141169455,
                -37.133925511758
              ],
              [
                149.2514202899,
                -37.133887728292
              ],
              [
                149.25144930384,
                -37.133760201451
              ],
              [
                149.25152410972,
                -37.133431393806
              ],
              [
                149.25154734051,
                -37.133016446786
              ],
              [
                149.25147355769,
                -37.13323792619
              ],
              [
                149.25166623266,
                -37.132656356721
              ]
            ]
          ]
        ]
      },
      "properties": {
        "leadAgency": "Forestry Corporation NSW",
        "lga": "Snowy Monaro",
        "supportingAgencies": "Department of Planning, Housing & Infrastructure - Crown Lands, NSW National Parks and Wildlife Service",
        "size": "884.63 ha",
        "location": "GOLDFIELDS ROAD, BONDI STATE FOREST",
        "guarReference": "BA20260312000209",
        "tenure": "National Park, Forestry, Crown Land",
        "startDate": "23/03/2026",
        "endDate": "23/04/2026"
      }
    },
    {
      "type": "Feature",
      "geometry": {
        "type": "MultiPolygon",
        "coordinates": [
          [
            [
              [
                149.16596195068,
                -33.259859440261
              ],
              [
                149.16650940489,
                -33.26038542135
              ],
              [
                149.16708817618,
                -33.260738205604
              ],
              [
                149.16735488812,
                -33.260874647147
              ],
              [
                149.16760203531,
                -33.261030249646
              ],
              [
                149.16790333877,
                -33.261202021956
              ],
              [
                149.16820825031,
                -33.261358854727
              ],
              [
                149.16839792902,
                -33.261343261382
              ],
              [
                149.16883737195,
                -33.261205996959
              ],
              [
                149.16904446693,
                -33.261139042433
              ],
              [
                149.16931584725,
                -33.261076039528
              ],
              [
                149.1688167433,
                -33.261834230965
              ],
              [
                149.16812364389,
                -33.263091750284
              ],
              [
                149.16798150784,
                -33.263376129405
              ],
              [
                149.16776042301,
                -33.263563329584
              ],
              [
                149.1676306931,
                -33.263719752265
              ],
              [
                149.16751394221,
                -33.26393266496
              ],
              [
                149.16733469474,
                -33.264135039401
              ],
              [
                149.16727037972,
                -33.264273613237
              ],
              [
                149.16726667182,
                -33.264476737711
              ],
              [
                149.16715094346,
                -33.264423528423
              ],
              [
                149.16690338708,
                -33.264590245643
              ],
              [
                149.16673187198,
                -33.26475774977
              ],
              [
                149.16663862757,
                -33.264874890963
              ],
              [
                149.16656861715,
                -33.264997405606
              ],
              [
                149.16646827349,
                -33.265291850838
              ],
              [
                149.1663616058,
                -33.265754070894
              ],
              [
                149.1663194294,
                -33.266246301326
              ],
              [
                149.16636770141,
                -33.266594186073
              ],
              [
                149.1664958584,
                -33.266936545385
              ],
              [
                149.1665581967,
                -33.267320545107
              ],
              [
                149.16657016938,
                -33.267729262695
              ],
              [
                149.1665437374,
                -33.267969992321
              ],
              [
                149.16647393472,
                -33.26818630985
              ],
              [
                149.16632948202,
                -33.268430963218
              ],
              [
                149.16624446011,
                -33.268569255567
              ],
              [
                149.16617146664,
                -33.268662926253
              ],
              [
                149.16607608904,
                -33.268796163512
              ],
              [
                149.1660401881,
                -33.26889151683
              ],
              [
                149.1659627223,
                -33.2689507201
              ],
              [
                149.16581367226,
                -33.269151095347
              ],
              [
                149.16568111489,
                -33.26941152732
              ],
              [
                149.16563902032,
                -33.269507187307
              ],
              [
                149.16556385859,
                -33.269775159196
              ],
              [
                149.16548336926,
                -33.269916089256
              ],
              [
                149.16527264372,
                -33.269852093499
              ],
              [
                149.16492766108,
                -33.269793323703
              ],
              [
                149.16476941638,
                -33.269756667336
              ],
              [
                149.16462940183,
                -33.269725461761
              ],
              [
                149.16453099981,
                -33.269605980532
              ],
              [
                149.16432782407,
                -33.269441120411
              ],
              [
                149.16420266362,
                -33.269421761605
              ],
              [
                149.16424596688,
                -33.26910801872
              ],
              [
                149.16433770942,
                -33.268866063318
              ],
              [
                149.16443622835,
                -33.268771615618
              ],
              [
                149.16461171036,
                -33.268696030298
              ],
              [
                149.16453488847,
                -33.268538737972
              ],
              [
                149.16447563844,
                -33.268345818105
              ],
              [
                149.1644368273,
                -33.268298443618
              ],
              [
                149.16442597878,
                -33.268244165036
              ],
              [
                149.1644267459,
                -33.267898015981
              ],
              [
                149.16454529723,
                -33.267668258084
              ],
              [
                149.16455579681,
                -33.267530660012
              ],
              [
                149.16458891704,
                -33.267384840338
              ],
              [
                149.16462727313,
                -33.267077981763
              ],
              [
                149.16478684704,
                -33.266320719326
              ],
              [
                149.1648561443,
                -33.266044617565
              ],
              [
                149.1649382488,
                -33.265914807622
              ],
              [
                149.16500559004,
                -33.265769800936
              ],
              [
                149.16500904073,
                -33.265662276193
              ],
              [
                149.16498206737,
                -33.265468360776
              ],
              [
                149.16498960639,
                -33.265396799922
              ],
              [
                149.16507170819,
                -33.265232913768
              ],
              [
                149.16511922567,
                -33.265098019058
              ],
              [
                149.1650506128,
                -33.264967177593
              ],
              [
                149.16506962536,
                -33.264771387989
              ],
              [
                149.16510217632,
                -33.264636555333
              ],
              [
                149.16518052796,
                -33.264321614551
              ],
              [
                149.16523081535,
                -33.264153543851
              ],
              [
                149.16531456292,
                -33.263826088103
              ],
              [
                149.16530589795,
                -33.263707454935
              ],
              [
                149.16531700637,
                -33.263527130073
              ],
              [
                149.16536065317,
                -33.263400859862
              ],
              [
                149.16545847783,
                -33.263245076599
              ],
              [
                149.16555752826,
                -33.263028357972
              ],
              [
                149.16557242643,
                -33.262917130721
              ],
              [
                149.16548329102,
                -33.262717474032
              ],
              [
                149.16565594736,
                -33.262144780357
              ],
              [
                149.16563489963,
                -33.261894082646
              ],
              [
                149.16566886882,
                -33.261735791174
              ],
              [
                149.16569611468,
                -33.261537158813
              ],
              [
                149.16578255932,
                -33.26131656141
              ],
              [
                149.16581881908,
                -33.261156180813
              ],
              [
                149.16581066043,
                -33.261030254143
              ],
              [
                149.16584963255,
                -33.260816531158
              ],
              [
                149.16586993115,
                -33.260731722391
              ],
              [
                149.16595167053,
                -33.260498993134
              ],
              [
                149.16599008238,
                -33.260399317674
              ],
              [
                149.16597392516,
                -33.260239245545
              ],
              [
                149.1659591367,
                -33.260130692877
              ],
              [
                149.16596195068,
                -33.259859440261
              ]
            ]
          ]
        ]
      },
      "properties": {
        "leadAgency": "Forestry Corporation NSW",
        "lga": "Cabonne",
        "supportingAgencies": "",
        "size": "19.63 ha",
        "location": "KINROSS WEST FIRE BREAK, KINROSS STATE FOREST",
        "guarReference": "BA20260305000186",
        "tenure": "Forestry",
        "startDate": "23/03/2026",
        "endDate": "26/03/2026"
      }
    },
    {
      "type": "Feature",
      "geometry": {
        "type": "MultiPolygon",
        "coordinates": [
          [
            [
              [
                149.92602999079,
                -33.340290000783
              ],
              [
                149.92579785419,
                -33.340480684936
              ],
              [
                149.92577597278,
                -33.34049768572
              ],
              [
                149.92574237681,
                -33.340520441265
              ],
              [
                149.92558391896,
                -33.340619227295
              ],
              [
                149.92534819676,
                -33.340811773944
              ],
              [
                149.92532739364,
                -33.340827899688
              ],
              [
                149.92528915987,
                -33.340853518675
              ],
              [
                149.92508916773,
                -33.340975426275
              ],
              [
                149.92507450429,
                -33.340984049874
              ],
              [
                149.92487203182,
                -33.341099027298
              ],
              [
                149.92484133706,
                -33.341170721252
              ],
              [
                149.9248179412,
                -33.34121672697
              ],
              [
                149.92478930139,
                -33.341259666001
              ],
              [
                149.92475581423,
                -33.341298941193
              ],
              [
                149.92471794378,
                -33.341334010256
              ],
              [
                149.92456717244,
                -33.341774156452
              ],
              [
                149.92454705011,
                -33.341968007118
              ],
              [
                149.92453674837,
                -33.342023557341
              ],
              [
                149.92449826728,
                -33.342170116258
              ],
              [
                149.92447883023,
                -33.342225889513
              ],
              [
                149.92447083526,
                -33.342243213154
              ],
              [
                149.924390399,
                -33.342407379897
              ],
              [
                149.92437136305,
                -33.342441990306
              ],
              [
                149.92436846453,
                -33.342446672176
              ],
              [
                149.92426793292,
                -33.342606254175
              ],
              [
                149.92424533745,
                -33.342686352293
              ],
              [
                149.92422924678,
                -33.342732228509
              ],
              [
                149.92420789148,
                -33.342775903185
              ],
              [
                149.92418156653,
                -33.342816775574
              ],
              [
                149.92406862697,
                -33.342972694634
              ],
              [
                149.92406476797,
                -33.342977941279
              ],
              [
                149.92396149073,
                -33.343116217439
              ],
              [
                149.92385565402,
                -33.343315468534
              ],
              [
                149.92385204683,
                -33.343322116323
              ],
              [
                149.92375045042,
                -33.343505314519
              ],
              [
                149.92371318432,
                -33.343622890984
              ],
              [
                149.92364379173,
                -33.34384185162
              ],
              [
                149.92360716774,
                -33.343957408208
              ],
              [
                149.92359282715,
                -33.343995718428
              ],
              [
                149.92357503406,
                -33.344031816315
              ],
              [
                149.92349399345,
                -33.344177957047
              ],
              [
                149.92348475472,
                -33.344193802202
              ],
              [
                149.9234620972,
                -33.344227225506
              ],
              [
                149.9232964169,
                -33.344449044188
              ],
              [
                149.92309975675,
                -33.344707630753
              ],
              [
                149.92308870138,
                -33.344721586432
              ],
              [
                149.9228861147,
                -33.344964765811
              ],
              [
                149.92286145619,
                -33.344992078222
              ],
              [
                149.92260132549,
                -33.345258683142
              ],
              [
                149.92255590163,
                -33.345322975675
              ],
              [
                149.92249898264,
                -33.345403527051
              ],
              [
                149.92246539566,
                -33.345445516397
              ],
              [
                149.92242721764,
                -33.345483379654
              ],
              [
                149.92234541171,
                -33.345556001708
              ],
              [
                149.92213112575,
                -33.345867510677
              ],
              [
                149.92212105244,
                -33.345881560785
              ],
              [
                149.92199767805,
                -33.34604673297
              ],
              [
                149.92196886827,
                -33.346081508855
              ],
              [
                149.92193692615,
                -33.34611343119
              ],
              [
                149.92190213318,
                -33.346142221187
              ],
              [
                149.92165282132,
                -33.346330844992
              ],
              [
                149.92147141457,
                -33.346523227965
              ],
              [
                149.92143112135,
                -33.346561123597
              ],
              [
                149.92138709774,
                -33.346594616149
              ],
              [
                149.92133982577,
                -33.346623338696
              ],
              [
                149.92128981807,
                -33.346646980973
              ],
              [
                149.92108280942,
                -33.346732563157
              ],
              [
                149.9208801508,
                -33.346863157309
              ],
              [
                149.92075642927,
                -33.34700380678
              ],
              [
                149.9206551746,
                -33.347149824305
              ],
              [
                149.92064918331,
                -33.347161773597
              ],
              [
                149.92064352568,
                -33.347173083471
              ],
              [
                149.9205997161,
                -33.347406320845
              ],
              [
                149.92059371942,
                -33.34743297765
              ],
              [
                149.92055458992,
                -33.347581969232
              ],
              [
                149.92054022685,
                -33.347624950531
              ],
              [
                149.92052139954,
                -33.347666170957
              ],
              [
                149.92049831934,
                -33.347705170058
              ],
              [
                149.92047124435,
                -33.347741510762
              ],
              [
                149.92044047944,
                -33.347774784778
              ],
              [
                149.92029619851,
                -33.347917991922
              ],
              [
                149.9202118412,
                -33.34804299229
              ],
              [
                149.9201436672,
                -33.348258527409
              ],
              [
                149.92013874431,
                -33.348301283877
              ],
              [
                149.92017184565,
                -33.348444355223
              ],
              [
                149.92025332963,
                -33.34873388656
              ],
              [
                149.92028843466,
                -33.348858628823
              ],
              [
                149.92045598016,
                -33.349044255188
              ],
              [
                149.9204874978,
                -33.349082233558
              ],
              [
                149.92051410784,
                -33.349123797525
              ],
              [
                149.92053540738,
                -33.349168316664
              ],
              [
                149.92055107357,
                -33.349215117384
              ],
              [
                149.92056086809,
                -33.34926348742
              ],
              [
                149.92056464344,
                -33.349312695624
              ],
              [
                149.92056234118,
                -33.34936199466
              ],
              [
                149.9205585964,
                -33.349392309008
              ],
              [
                149.9205700133,
                -33.349423387779
              ],
              [
                149.92058199316,
                -33.349461986681
              ],
              [
                149.9205899072,
                -33.349501620703
              ],
              [
                149.92063173736,
                -33.349789121371
              ],
              [
                149.92063546595,
                -33.34983632049
              ],
              [
                149.92063345597,
                -33.349883624829
              ],
              [
                149.92062573799,
                -33.349930338314
              ],
              [
                149.92061242532,
                -33.349975775661
              ],
              [
                149.92059371403,
                -33.350019267775
              ],
              [
                149.9205698775,
                -33.350060177036
              ],
              [
                149.92049834272,
                -33.350170041814
              ],
              [
                149.92046837731,
                -33.350210353025
              ],
              [
                149.92043448546,
                -33.350247423979
              ],
              [
                149.92039701431,
                -33.350280873364
              ],
              [
                149.92035635146,
                -33.350310358536
              ],
              [
                149.92031291151,
                -33.350335576426
              ],
              [
                149.92008745237,
                -33.350454669148
              ],
              [
                149.91989399471,
                -33.350563693959
              ],
              [
                149.91961017317,
                -33.350724087147
              ],
              [
                149.91949225766,
                -33.350813842185
              ],
              [
                149.91948519349,
                -33.350819126601
              ],
              [
                149.91943123237,
                -33.350853969035
              ],
              [
                149.9192665683,
                -33.350946761084
              ],
              [
                149.91898378637,
                -33.35116914454
              ],
              [
                149.91894239777,
                -33.351256885996
              ],
              [
                149.91892484301,
                -33.351290081772
              ],
              [
                149.91890448685,
                -33.351321637184
              ],
              [
                149.9188814804,
                -33.351351315711
              ],
              [
                149.91869550419,
                -33.351572059703
              ],
              [
                149.91865754021,
                -33.351612096621
              ],
              [
                149.91845859129,
                -33.351798015266
              ],
              [
                149.91843940695,
                -33.351815032238
              ],
              [
                149.9180303755,
                -33.352159484273
              ],
              [
                149.91771522518,
                -33.35242058804
              ],
              [
                149.91767627554,
                -33.352449821402
              ],
              [
                149.91763486266,
                -33.352475445785
              ],
              [
                149.91759131928,
                -33.352497254345
              ],
              [
                149.91744315148,
                -33.352563844646
              ],
              [
                149.91739692453,
                -33.352582299633
              ],
              [
                149.91734932341,
                -33.352596849765
              ],
              [
                149.9171554017,
                -33.352647575125
              ],
              [
                149.91706398651,
                -33.352778326658
              ],
              [
                149.91693017908,
                -33.352968673565
              ],
              [
                149.91689954368,
                -33.35300732283
              ],
              [
                149.91686518238,
                -33.35304270036
              ],
              [
                149.91682744143,
                -33.353074447328
              ],
              [
                149.91678670304,
                -33.353102243574
              ],
              [
                149.91651624903,
                -33.35327002649
              ],
              [
                149.91589230389,
                -33.353987357231
              ],
              [
                149.91585352422,
                -33.354026776315
              ],
              [
                149.91581078304,
                -33.354061860666
              ],
              [
                149.91576456149,
                -33.354092213685
              ],
              [
                149.91571538206,
                -33.354117492728
              ],
              [
                149.91528219662,
                -33.354315673629
              ],
              [
                149.91523049459,
                -33.354336409298
              ],
              [
                149.91517709105,
                -33.354352254453
              ],
              [
                149.91468464298,
                -33.354474277166
              ],
              [
                149.91413872842,
                -33.354668503748
              ],
              [
                149.91410920637,
                -33.354678159769
              ],
              [
                149.91404367458,
                -33.354693887113
              ],
              [
                149.91317460123,
                -33.354852421402
              ],
              [
                149.9130687753,
                -33.354886127992
              ],
              [
                149.91240851644,
                -33.35541285372
              ],
              [
                149.9123614756,
                -33.355515603962
              ],
              [
                149.91226527872,
                -33.355781192648
              ],
              [
                149.91224746495,
                -33.356051926355
              ],
              [
                149.91224571397,
                -33.356071107096
              ],
              [
                149.91223611461,
                -33.356122495257
              ],
              [
                149.91218587937,
                -33.356317255137
              ],
              [
                149.91217051176,
                -33.356362503627
              ],
              [
                149.91215033187,
                -33.356405819473
              ],
              [
                149.91212557713,
                -33.356446695459
              ],
              [
                149.91209654072,
                -33.356484647748
              ],
              [
                149.91206356258,
                -33.356519231178
              ],
              [
                149.91202703302,
                -33.356550038354
              ],
              [
                149.91179296287,
                -33.356732641198
              ],
              [
                149.91151373327,
                -33.35701481698
              ],
              [
                149.91150644247,
                -33.35702202055
              ],
              [
                149.91127748946,
                -33.357243767286
              ],
              [
                149.91127284986,
                -33.357248209038
              ],
              [
                149.9109362543,
                -33.357565085161
              ],
              [
                149.91085124049,
                -33.357652201588
              ],
              [
                149.91080084248,
                -33.357743067289
              ],
              [
                149.91069766417,
                -33.35799753226
              ],
              [
                149.91066447199,
                -33.358182115412
              ],
              [
                149.9106602155,
                -33.358204587672
              ],
              [
                149.91063670362,
                -33.358263334086
              ],
              [
                149.91060682904,
                -33.358319114535
              ],
              [
                149.91057095958,
                -33.358371243738
              ],
              [
                149.91052953771,
                -33.358419078678
              ],
              [
                149.91048307244,
                -33.358462032097
              ],
              [
                149.91043213573,
                -33.358499574296
              ],
              [
                149.91037735443,
                -33.358531243922
              ],
              [
                149.91031940212,
                -33.358556650669
              ],
              [
                149.91025899196,
                -33.358575483372
              ],
              [
                149.91019686859,
                -33.358587508207
              ],
              [
                149.91013379464,
                -33.358592578585
              ],
              [
                149.91007054712,
                -33.358590632452
              ],
              [
                149.91000790484,
                -33.358581692291
              ],
              [
                149.90994663853,
                -33.35856586872
              ],
              [
                149.90988750091,
                -33.35854335779
              ],
              [
                149.90983122133,
                -33.358514434693
              ],
              [
                149.90977849048,
                -33.358479455562
              ],
              [
                149.90972995947,
                -33.358438852071
              ],
              [
                149.90968622364,
                -33.358393122445
              ],
              [
                149.90966461293,
                -33.3583666509
              ],
              [
                149.9090572369,
                -33.357625281282
              ],
              [
                149.90858882052,
                -33.357465008603
              ],
              [
                149.90853810685,
                -33.357445149774
              ],
              [
                149.90848960011,
                -33.357420383344
              ],
              [
                149.90844377516,
                -33.357390950332
              ],
              [
                149.90840107805,
                -33.357357138521
              ],
              [
                149.90800586738,
                -33.357006271622
              ],
              [
                149.9070868232,
                -33.356319952204
              ],
              [
                149.90706270158,
                -33.356300779557
              ],
              [
                149.90702934753,
                -33.356269860865
              ],
              [
                149.90683387448,
                -33.356070839098
              ],
              [
                149.90679822985,
                -33.356030402881
              ],
              [
                149.90676795418,
                -33.3559858055
              ],
              [
                149.90674352769,
                -33.355937753824
              ],
              [
                149.906725338,
                -33.355887012276
              ],
              [
                149.90659957141,
                -33.355437631841
              ],
              [
                149.90658788023,
                -33.355421817263
              ],
              [
                149.90592108239,
                -33.355048459219
              ],
              [
                149.905891751,
                -33.355030807326
              ],
              [
                149.90554833139,
                -33.354809191891
              ],
              [
                149.90550968932,
                -33.354781816528
              ],
              [
                149.90547397275,
                -33.354750721569
              ],
              [
                149.9054415387,
                -33.35471621638
              ],
              [
                149.90541270913,
                -33.354678647202
              ],
              [
                149.90538777453,
                -33.354638387252
              ],
              [
                149.90525677838,
                -33.354395126934
              ],
              [
                149.90523549502,
                -33.354349126611
              ],
              [
                149.905220274,
                -33.354300781756
              ],
              [
                149.90521136441,
                -33.35425088557
              ],
              [
                149.90517329701,
                -33.353905711379
              ],
              [
                149.90517121598,
                -33.353876679465
              ],
              [
                149.90517135897,
                -33.353847884972
              ],
              [
                149.90519589877,
                -33.3532763811
              ],
              [
                149.90518745594,
                -33.352989857996
              ],
              [
                149.90505441473,
                -33.35268903567
              ],
              [
                149.90503675204,
                -33.352641471427
              ],
              [
                149.90502552761,
                -33.352591991627
              ],
              [
                149.90502093837,
                -33.352541462319
              ],
              [
                149.90502306436,
                -33.352490769333
              ],
              [
                149.90503186963,
                -33.352440801202
              ],
              [
                149.90504719857,
                -33.352392434763
              ],
              [
                149.90514199071,
                -33.352147884817
              ],
              [
                149.90516700895,
                -33.35209828181
              ],
              [
                149.90519727653,
                -33.35205169513
              ],
              [
                149.90523243283,
                -33.352008679657
              ],
              [
                149.90527206146,
                -33.351969743509
              ],
              [
                149.90531569117,
                -33.351935351635
              ],
              [
                149.90536280485,
                -33.351905911429
              ],
              [
                149.90541284133,
                -33.351881772726
              ],
              [
                149.90546520795,
                -33.35186322151
              ],
              [
                149.90551928239,
                -33.351850478117
              ],
              [
                149.90577881504,
                -33.351794419777
              ],
              [
                149.90584263903,
                -33.351784036204
              ],
              [
                149.90590718877,
                -33.351780190703
              ],
              [
                149.90597179426,
                -33.351782921944
              ],
              [
                149.90603578822,
                -33.351792202048
              ],
              [
                149.90609850874,
                -33.351807935688
              ],
              [
                149.90622733932,
                -33.351847721695
              ],
              [
                149.9062784334,
                -33.351865573238
              ],
              [
                149.90632744735,
                -33.351888529332
              ],
              [
                149.90637387126,
                -33.351916350759
              ],
              [
                149.90641722577,
                -33.351948750634
              ],
              [
                149.90645705945,
                -33.351985391712
              ],
              [
                149.90649296038,
                -33.35202589358
              ],
              [
                149.90654790536,
                -33.352097080316
              ],
              [
                149.90668444223,
                -33.352187902849
              ],
              [
                149.9070200971,
                -33.352259638172
              ],
              [
                149.90706902112,
                -33.352272125258
              ],
              [
                149.90711669238,
                -33.352288763615
              ],
              [
                149.90716276105,
                -33.352309430935
              ],
              [
                149.90720688629,
                -33.352333974333
              ],
              [
                149.90745048295,
                -33.352484996585
              ],
              [
                149.90742238633,
                -33.352159803532
              ],
              [
                149.90742108681,
                -33.352118974311
              ],
              [
                149.90742414721,
                -33.352078240418
              ],
              [
                149.90743153244,
                -33.352038064105
              ],
              [
                149.90744315798,
                -33.351998903127
              ],
              [
                149.90762222918,
                -33.351491996658
              ],
              [
                149.90763856896,
                -33.35145274305
              ],
              [
                149.90765871378,
                -33.351415299776
              ],
              [
                149.90768246487,
                -33.351380032862
              ],
              [
                149.90770959023,
                -33.351347290345
              ],
              [
                149.90811191813,
                -33.350902851685
              ],
              [
                149.90811244064,
                -33.350891030097
              ],
              [
                149.90811680415,
                -33.350848427413
              ],
              [
                149.90812579017,
                -33.350806554978
              ],
              [
                149.90813929259,
                -33.350765913716
              ],
              [
                149.90815714953,
                -33.35072698836
              ],
              [
                149.90845860228,
                -33.350148741371
              ],
              [
                149.90877166708,
                -33.349412216401
              ],
              [
                149.90896628756,
                -33.348737288695
              ],
              [
                149.90921855279,
                -33.347862380544
              ],
              [
                149.90924449644,
                -33.34780681773
              ],
              [
                149.90927637111,
                -33.347754432221
              ],
              [
                149.9093137937,
                -33.347705853542
              ],
              [
                149.90935631274,
                -33.347661668052
              ],
              [
                149.90940341653,
                -33.347622406349
              ],
              [
                149.9094545385,
                -33.347588541478
              ],
              [
                149.90950906349,
                -33.347560481731
              ],
              [
                149.90956633322,
                -33.347538565253
              ],
              [
                149.9096256606,
                -33.347523054645
              ],
              [
                149.90968632976,
                -33.347514136968
              ],
              [
                149.90974761046,
                -33.347511920139
              ],
              [
                149.90980876526,
                -33.347516431138
              ],
              [
                149.90986905851,
                -33.347527614208
              ],
              [
                149.90992776266,
                -33.347545336248
              ],
              [
                149.91011952959,
                -33.347604907341
              ],
              [
                149.91017093934,
                -33.347623485535
              ],
              [
                149.91022039216,
                -33.347646777976
              ],
              [
                149.91024363963,
                -33.347659126567
              ],
              [
                149.91022274119,
                -33.346857964623
              ],
              [
                149.91022430331,
                -33.3468123627
              ],
              [
                149.91029198179,
                -33.346097173246
              ],
              [
                149.91036738365,
                -33.345366129643
              ],
              [
                149.91040609586,
                -33.345014212336
              ],
              [
                149.91040121614,
                -33.344472970651
              ],
              [
                149.9104052487,
                -33.344419308105
              ],
              [
                149.9104161323,
                -33.344366607833
              ],
              [
                149.91043368886,
                -33.34431573858
              ],
              [
                149.91045762702,
                -33.344267543013
              ],
              [
                149.91048755016,
                -33.34422281613
              ],
              [
                149.91052296546,
                -33.344182298974
              ],
              [
                149.91056328567,
                -33.34414666064
              ],
              [
                149.91076129929,
                -33.343984422043
              ],
              [
                149.91078274363,
                -33.343967777391
              ],
              [
                149.91079383946,
                -33.343959843572
              ],
              [
                149.91134228832,
                -33.343578459079
              ],
              [
                149.91157021879,
                -33.343406039257
              ],
              [
                149.91173359593,
                -33.343207655109
              ],
              [
                149.91199650284,
                -33.342715905814
              ],
              [
                149.91200884603,
                -33.34269435536
              ],
              [
                149.91201362683,
                -33.342686731807
              ],
              [
                149.91224395759,
                -33.342327647803
              ],
              [
                149.91244865228,
                -33.341979536426
              ],
              [
                149.91248001974,
                -33.341933390414
              ],
              [
                149.91251668959,
                -33.341891333618
              ],
              [
                149.91255813395,
                -33.341853972183
              ],
              [
                149.91267202409,
                -33.341762052477
              ],
              [
                149.91271348644,
                -33.341731979147
              ],
              [
                149.91275752534,
                -33.341705823265
              ],
              [
                149.91280377118,
                -33.341683804264
              ],
              [
                149.91285183634,
                -33.341666106506
              ],
              [
                149.91313751139,
                -33.341573992546
              ],
              [
                149.91325098065,
                -33.341537398232
              ],
              [
                149.91331446919,
                -33.341520656453
              ],
              [
                149.91337935527,
                -33.341510616422
              ],
              [
                149.91344493384,
                -33.341507387856
              ],
              [
                149.91376410863,
                -33.341507958026
              ],
              [
                149.91414355328,
                -33.341274663995
              ],
              [
                149.91423538306,
                -33.341150459526
              ],
              [
                149.91424725321,
                -33.341135104501
              ],
              [
                149.91449872793,
                -33.340823903101
              ],
              [
                149.9145417551,
                -33.340777681545
              ],
              [
                149.91463937201,
                -33.340686203406
              ],
              [
                149.91468577073,
                -33.340647787066
              ],
              [
                149.91473618852,
                -33.340614821517
              ],
              [
                149.91478998867,
                -33.340587724944
              ],
              [
                149.91499047633,
                -33.340499407022
              ],
              [
                149.91533012958,
                -33.340221240418
              ],
              [
                149.915339916,
                -33.340213428007
              ],
              [
                149.9158515601,
                -33.339814971684
              ],
              [
                149.91604124061,
                -33.339664764217
              ],
              [
                149.91608567611,
                -33.339633263664
              ],
              [
                149.91613299754,
                -33.339606292097
              ],
              [
                149.91618274534,
                -33.339584111218
              ],
              [
                149.91632690846,
                -33.339527753403
              ],
              [
                149.91634435891,
                -33.339520771966
              ],
              [
                149.91640163133,
                -33.339497441754
              ],
              [
                149.91646119163,
                -33.339480795302
              ],
              [
                149.91652226099,
                -33.339471049349
              ],
              [
                149.91658404352,
                -33.339468330699
              ],
              [
                149.91664573251,
                -33.339472675324
              ],
              [
                149.91670652399,
                -33.339484026567
              ],
              [
                149.91676562473,
                -33.339502236039
              ],
              [
                149.91682226314,
                -33.339527066321
              ],
              [
                149.91687570085,
                -33.339558193656
              ],
              [
                149.91692524001,
                -33.33959521155
              ],
              [
                149.91697023489,
                -33.339637637067
              ],
              [
                149.91701009734,
                -33.339684917125
              ],
              [
                149.91704430935,
                -33.339736434789
              ],
              [
                149.91707242215,
                -33.339791517365
              ],
              [
                149.91709407063,
                -33.339849446295
              ],
              [
                149.9171089724,
                -33.339909467048
              ],
              [
                149.91710962261,
                -33.339923842711
              ],
              [
                149.9171161391,
                -33.340044029009
              ],
              [
                149.91714473484,
                -33.340046138818
              ],
              [
                149.91740648882,
                -33.340077135751
              ],
              [
                149.91755217629,
                -33.340055915348
              ],
              [
                149.9179970763,
                -33.339994445787
              ],
              [
                149.91805525794,
                -33.339989111009
              ],
              [
                149.9181136833,
                -33.339989126297
              ],
              [
                149.91817186314,
                -33.339994490753
              ],
              [
                149.91822930644,
                -33.340005159411
              ],
              [
                149.91834520836,
                -33.340032388184
              ],
              [
                149.9183942457,
                -33.340046077664
              ],
              [
                149.91844195473,
                -33.340063849167
              ],
              [
                149.91855001547,
                -33.340109489761
              ],
              [
                149.91859861483,
                -33.340132754323
              ],
              [
                149.91864474826,
                -33.34016058924
              ],
              [
                149.91872784292,
                -33.340216529769
              ],
              [
                149.91880465671,
                -33.34026572898
              ],
              [
                149.91895135232,
                -33.340353608932
              ],
              [
                149.91901463941,
                -33.34038129546
              ],
              [
                149.91904144281,
                -33.340393848197
              ],
              [
                149.91905002234,
                -33.340398233292
              ],
              [
                149.91906301575,
                -33.340405015079
              ],
              [
                149.91910959253,
                -33.34040346195
              ],
              [
                149.91914972208,
                -33.340403378313
              ],
              [
                149.91919783491,
                -33.340406610477
              ],
              [
                149.91937277643,
                -33.340425013304
              ],
              [
                149.91942136321,
                -33.340410464072
              ],
              [
                149.91947109931,
                -33.340400534657
              ],
              [
                149.91952154768,
                -33.340395313193
              ],
              [
                149.91976358582,
                -33.340377824977
              ],
              [
                149.91987459274,
                -33.340369152814
              ],
              [
                149.91994263724,
                -33.340367529538
              ],
              [
                149.91994987409,
                -33.340367784046
              ],
              [
                149.92016164105,
                -33.340376383363
              ],
              [
                149.92019689357,
                -33.340359693745
              ],
              [
                149.92021854475,
                -33.340349985563
              ],
              [
                149.92026549116,
                -33.340332388529
              ],
              [
                149.92037545756,
                -33.340296367084
              ],
              [
                149.92039056347,
                -33.340291642945
              ],
              [
                149.92041046007,
                -33.340286056356
              ],
              [
                149.92051770873,
                -33.340257898583
              ],
              [
                149.92052855725,
                -33.340255161047
              ],
              [
                149.92061870709,
                -33.340233237374
              ],
              [
                149.92070827687,
                -33.340206171378
              ],
              [
                149.92075338416,
                -33.340189556403
              ],
              [
                149.92090534081,
                -33.340108273878
              ],
              [
                149.92096361328,
                -33.340081259143
              ],
              [
                149.92102443893,
                -33.340060629594
              ],
              [
                149.92108712257,
                -33.340046621754
              ],
              [
                149.92116219438,
                -33.34003380012
              ],
              [
                149.92131415373,
                -33.339981027902
              ],
              [
                149.92136162984,
                -33.339966644145
              ],
              [
                149.92141007092,
                -33.339955952105
              ],
              [
                149.92142735139,
                -33.339915249689
              ],
              [
                149.92144870669,
                -33.339876530278
              ],
              [
                149.92147391469,
                -33.339840200365
              ],
              [
                149.92150270828,
                -33.339806642163
              ],
              [
                149.92156826616,
                -33.339736866463
              ],
              [
                149.92162177043,
                -33.339676284533
              ],
              [
                149.92167913279,
                -33.339603325233
              ],
              [
                149.92168423464,
                -33.339596948141
              ],
              [
                149.92171534309,
                -33.339562478925
              ],
              [
                149.92178468082,
                -33.339492848916
              ],
              [
                149.92179513004,
                -33.339482673087
              ],
              [
                149.92183156338,
                -33.339451418948
              ],
              [
                149.9219688323,
                -33.339344540818
              ],
              [
                149.92201852523,
                -33.339298042271
              ],
              [
                149.92213406294,
                -33.339168824082
              ],
              [
                149.92217302247,
                -33.339130080389
              ],
              [
                149.92221592283,
                -33.339095752367
              ],
              [
                149.92226226759,
                -33.339066239315
              ],
              [
                149.92236385681,
                -33.33900841021
              ],
              [
                149.92242264099,
                -33.338979411571
              ],
              [
                149.92243340048,
                -33.338974978812
              ],
              [
                149.92251640431,
                -33.338941709292
              ],
              [
                149.92257784599,
                -33.338910797795
              ],
              [
                149.92271742347,
                -33.338824494355
              ],
              [
                149.92285629498,
                -33.338736384177
              ],
              [
                149.92290376839,
                -33.338694659231
              ],
              [
                149.92294997286,
                -33.338658555048
              ],
              [
                149.92299989333,
                -33.338627794637
              ],
              [
                149.92305876835,
                -33.338595732907
              ],
              [
                149.92306871125,
                -33.33858811385
              ],
              [
                149.92309830075,
                -33.338551323485
              ],
              [
                149.92316061567,
                -33.338471475378
              ],
              [
                149.92316672836,
                -33.338463820349
              ],
              [
                149.92320523104,
                -33.338422080115
              ],
              [
                149.92328297743,
                -33.338347295191
              ],
              [
                149.92331434038,
                -33.338319807413
              ],
              [
                149.92346636088,
                -33.338197377307
              ],
              [
                149.92348441927,
                -33.338183482781
              ],
              [
                149.92349996135,
                -33.338172491267
              ],
              [
                149.92359237749,
                -33.338109595381
              ],
              [
                149.92366214419,
                -33.338056476025
              ],
              [
                149.92370509581,
                -33.338027020531
              ],
              [
                149.92375067256,
                -33.338001814332
              ],
              [
                149.92394313377,
                -33.337906764985
              ],
              [
                149.92399454531,
                -33.337884441114
              ],
              [
                149.92404780946,
                -33.337866994266
              ],
              [
                149.92410246486,
                -33.33785457373
              ],
              [
                149.9243277837,
                -33.33781461865
              ],
              [
                149.92436312526,
                -33.337809372904
              ],
              [
                149.9243929189,
                -33.337805819683
              ],
              [
                149.92442177365,
                -33.337794425272
              ],
              [
                149.92452338984,
                -33.337752618489
              ],
              [
                149.92457963614,
                -33.337732716492
              ],
              [
                149.92459173832,
                -33.337729227122
              ],
              [
                149.92469650394,
                -33.337700248268
              ],
              [
                149.92478405834,
                -33.337676079887
              ],
              [
                149.92488012931,
                -33.337643783434
              ],
              [
                149.92493043739,
                -33.337629269275
              ],
              [
                149.92498178418,
                -33.337619021501
              ],
              [
                149.92503380996,
                -33.337613112955
              ],
              [
                149.92505273979,
                -33.337611809837
              ],
              [
                149.92506553085,
                -33.337600576405
              ],
              [
                149.9251000873,
                -33.337572796347
              ],
              [
                149.92513131266,
                -33.337551531878
              ],
              [
                149.92517964403,
                -33.337521043961
              ],
              [
                149.92522510206,
                -33.337477298239
              ],
              [
                149.92527459445,
                -33.337435841291
              ],
              [
                149.92530786307,
                -33.33741329169
              ],
              [
                149.92545467739,
                -33.337321605807
              ],
              [
                149.92551063501,
                -33.337289768908
              ],
              [
                149.92556976633,
                -33.337264308201
              ],
              [
                149.92563134921,
                -33.337245534853
              ],
              [
                149.9256946282,
                -33.337233678192
              ],
              [
                149.92575882901,
                -33.337228884805
              ],
              [
                149.92582316741,
                -33.337231212251
              ],
              [
                149.92588685469,
                -33.337240632649
              ],
              [
                149.92594911206,
                -33.337257029988
              ],
              [
                149.92600917598,
                -33.337280203718
              ],
              [
                149.92606631351,
                -33.337309870554
              ],
              [
                149.92611982407,
                -33.337345668068
              ],
              [
                149.92616905296,
                -33.337387156492
              ],
              [
                149.92621339853,
                -33.337433828608
              ],
              [
                149.92625231579,
                -33.337485114247
              ],
              [
                149.9262853308,
                -33.337540384781
              ],
              [
                149.92633783682,
                -33.337672020347
              ],
              [
                149.92648428872,
                -33.338025403549
              ],
              [
                149.92655879575,
                -33.338205166335
              ],
              [
                149.92656478254,
                -33.338220500676
              ],
              [
                149.9266238698,
                -33.338381386692
              ],
              [
                149.92662735107,
                -33.338391263046
              ],
              [
                149.92666362613,
                -33.338499977592
              ],
              [
                149.92667720229,
                -33.338552573542
              ],
              [
                149.92667974557,
                -33.338568159693
              ],
              [
                149.92669347732,
                -33.338664702814
              ],
              [
                149.92669705662,
                -33.338705552719
              ],
              [
                149.92669604309,
                -33.338748650929
              ],
              [
                149.92668073303,
                -33.338938606631
              ],
              [
                149.92667385861,
                -33.338986183466
              ],
              [
                149.92666113051,
                -33.339032538121
              ],
              [
                149.92657932997,
                -33.339271944844
              ],
              [
                149.92648920261,
                -33.33964437209
              ],
              [
                149.92647350225,
                -33.339694240397
              ],
              [
                149.92645159746,
                -33.33974171291
              ],
              [
                149.92642384349,
                -33.339786019809
              ],
              [
                149.92628022625,
                -33.33998774224
              ],
              [
                149.92626850898,
                -33.340003447101
              ],
              [
                149.926103728,
                -33.340214685259
              ],
              [
                149.92606893953,
                -33.340254379536
              ],
              [
                149.92602999079,
                -33.340290000783
              ]
            ]
          ]
        ]
      },
      "properties": {
        "leadAgency": "Forestry Corporation NSW",
        "lga": "Lithgow",
        "supportingAgencies": "",
        "size": "201.3 ha",
        "location": "DAYLIGHT CREEK, SUNNY CORNER STATE FOREST",
        "guarReference": "BA20260303000169",
        "tenure": "Forestry",
        "startDate": "23/03/2026",
        "endDate": "03/04/2026"
      }
    },
    {
      "type": "Feature",
      "geometry": {
        "type": "MultiPolygon",
        "coordinates": [
          [
            [
              [
                149.19705029079,
                -37.093266846755
              ],
              [
                149.20712002743,
                -37.094644742519
              ],
              [
                149.20589319116,
                -37.096034852547
              ],
              [
                149.20391841224,
                -37.105713149924
              ],
              [
                149.19503773033,
                -37.104374532101
              ],
              [
                149.19497592283,
                -37.104851860955
              ],
              [
                149.19558593139,
                -37.105436952255
              ],
              [
                149.19271960247,
                -37.115189471888
              ],
              [
                149.18742661159,
                -37.114623465583
              ],
              [
                149.18860887427,
                -37.111507796912
              ],
              [
                149.18813813918,
                -37.110563129249
              ],
              [
                149.18656220097,
                -37.109994205928
              ],
              [
                149.18526795082,
                -37.108825188829
              ],
              [
                149.18442576019,
                -37.107886729021
              ],
              [
                149.17843513269,
                -37.106200866532
              ],
              [
                149.17936692834,
                -37.104875510257
              ],
              [
                149.17918112689,
                -37.103449754296
              ],
              [
                149.17813631033,
                -37.103288602112
              ],
              [
                149.17754812458,
                -37.103536569049
              ],
              [
                149.17567210581,
                -37.102853451633
              ],
              [
                149.17461802234,
                -37.102335210039
              ],
              [
                149.17444313429,
                -37.101326013651
              ],
              [
                149.17507002404,
                -37.099708083331
              ],
              [
                149.17652495156,
                -37.098493081725
              ],
              [
                149.17714713421,
                -37.096696603271
              ],
              [
                149.17770274554,
                -37.095198912031
              ],
              [
                149.17884180131,
                -37.093274709274
              ],
              [
                149.17976879679,
                -37.091770794661
              ],
              [
                149.18061061667,
                -37.089851534913
              ],
              [
                149.18108097679,
                -37.087938478756
              ],
              [
                149.18191496937,
                -37.085721643273
              ],
              [
                149.18658887104,
                -37.088262981942
              ],
              [
                149.18560051351,
                -37.093102054789
              ],
              [
                149.19238882466,
                -37.094059752636
              ],
              [
                149.19160179192,
                -37.098061941842
              ],
              [
                149.19599755928,
                -37.09846427882
              ],
              [
                149.19705029079,
                -37.093266846755
              ]
            ]
          ]
        ]
      },
      "properties": {
        "leadAgency": "Forestry Corporation NSW",
        "lga": "Snowy Monaro",
        "supportingAgencies": "Department of Planning, Housing & Infrastructure - Crown Lands",
        "size": "426.02 ha",
        "location": "MCLEODS ROAD, BONDI STATE FOREST",
        "guarReference": "BA20260216000117",
        "tenure": "Forestry, Crown Land",
        "startDate": "23/03/2026",
        "endDate": "30/04/2026"
      }
    },
    {
      "type": "Feature",
      "geometry": {
        "type": "MultiPolygon",
        "coordinates": [
          [
            [
              [
                147.36542499109,
                -35.137332726634
              ],
              [
                147.36554300829,
                -35.137341500407
              ],
              [
                147.3661116366,
                -35.137464333118
              ],
              [
                147.36648178144,
                -35.137521362528
              ],
              [
                147.36673390909,
                -35.137582778771
              ],
              [
                147.36701285883,
                -35.137652968706
              ],
              [
                147.36723279997,
                -35.137731932311
              ],
              [
                147.36737763925,
                -35.137837216999
              ],
              [
                147.3674795632,
                -35.137946888403
              ],
              [
                147.36762440248,
                -35.138100428121
              ],
              [
                147.36790335222,
                -35.13827590173
              ],
              [
                147.36811256452,
                -35.138425054001
              ],
              [
                147.36808574243,
                -35.138486469562
              ],
              [
                147.3678658013,
                -35.138539111435
              ],
              [
                147.36754930063,
                -35.13849524321
              ],
              [
                147.36730790182,
                -35.138328543739
              ],
              [
                147.36678755327,
                -35.138126749187
              ],
              [
                147.36634767099,
                -35.137999530625
              ],
              [
                147.36581659361,
                -35.137736319176
              ],
              [
                147.36542499109,
                -35.137332726634
              ]
            ]
          ]
        ]
      },
      "properties": {
        "leadAgency": "NSW Rural Fire Service",
        "lga": "Wagga Wagga",
        "supportingAgencies": "Department of Planning, Housing & Infrastructure - Crown Lands, NSW Rural Fire Service - Mitigation",
        "size": "1.1 ha",
        "location": "WILLANS HILL RESERVE",
        "guarReference": "BA20260204000061",
        "tenure": "Crown Land",
        "startDate": "24/03/2026",
        "endDate": "27/03/2026"
      }
    },
    {
      "type": "Feature",
      "geometry": {
        "type": "MultiPolygon",
        "coordinates": [
          [
            [
              [
                147.36680722226,
                -35.137308744883
              ],
              [
                147.3668451304,
                -35.137236799921
              ],
              [
                147.36687731691,
                -35.137157835836
              ],
              [
                147.36681830831,
                -35.136991133627
              ],
              [
                147.366609096,
                -35.136903395485
              ],
              [
                147.36651682828,
                -35.136839346555
              ],
              [
                147.36642563317,
                -35.136589292135
              ],
              [
                147.36644709084,
                -35.136396267145
              ],
              [
                147.36633443806,
                -35.13599266796
              ],
              [
                147.36636126015,
                -35.135751384884
              ],
              [
                147.36706936333,
                -35.135580292814
              ],
              [
                147.36720347378,
                -35.135918089631
              ],
              [
                147.3672678468,
                -35.136067246221
              ],
              [
                147.36724102471,
                -35.136407088358
              ],
              [
                147.36728394005,
                -35.136573791763
              ],
              [
                147.36728465546,
                -35.136883215672
              ],
              [
                147.36733293523,
                -35.137216620191
              ],
              [
                147.36738657941,
                -35.137453512046
              ],
              [
                147.36731684197,
                -35.13747983332
              ],
              [
                147.36718273152,
                -35.137383321938
              ],
              [
                147.36680722226,
                -35.137308744883
              ]
            ]
          ]
        ]
      },
      "properties": {
        "leadAgency": "NSW Rural Fire Service",
        "lga": "Wagga Wagga",
        "supportingAgencies": "Department of Planning, Housing & Infrastructure - Crown Lands, NSW Rural Fire Service - Mitigation",
        "size": "1.29 ha",
        "location": "WILLANS HILL RESERVE",
        "guarReference": "BA20260204000061",
        "tenure": "Crown Land",
        "startDate": "24/03/2026",
        "endDate": "27/03/2026"
      }
    },
    {
      "type": "Feature",
      "geometry": {
        "type": "MultiPolygon",
        "coordinates": [
          [
            [
              [
                147.36745345488,
                -35.13744795575
              ],
              [
                147.36735367651,
                -35.136811563393
              ],
              [
                147.36734831209,
                -35.136684342776
              ],
              [
                147.36733221883,
                -35.136495704943
              ],
              [
                147.3673032515,
                -35.136349473719
              ],
              [
                147.36732470917,
                -35.136209091541
              ],
              [
                147.36732470917,
                -35.135989743902
              ],
              [
                147.36720132756,
                -35.135748460816
              ],
              [
                147.36714768338,
                -35.135590529682
              ],
              [
                147.36743199753,
                -35.135537885903
              ],
              [
                147.36767768749,
                -35.136038292758
              ],
              [
                147.36767768749,
                -35.136419957042
              ],
              [
                147.36766266718,
                -35.136798694904
              ],
              [
                147.36766266718,
                -35.137206676987
              ],
              [
                147.36770021811,
                -35.137465503269
              ],
              [
                147.36745345488,
                -35.13744795575
              ]
            ]
          ]
        ]
      },
      "properties": {
        "leadAgency": "NSW Rural Fire Service",
        "lga": "Wagga Wagga",
        "supportingAgencies": "Department of Planning, Housing & Infrastructure - Crown Lands, NSW Rural Fire Service - Mitigation",
        "size": "0.6 ha",
        "location": "WILLANS HILL RESERVE",
        "guarReference": "BA20260204000061",
        "tenure": "Crown Land",
        "startDate": "24/03/2026",
        "endDate": "27/03/2026"
      }
    },
    {
      "type": "Feature",
      "geometry": {
        "type": "MultiPolygon",
        "coordinates": [
          [
            [
              [
                147.36464142688,
                -35.137292952929
              ],
              [
                147.36475944408,
                -35.136376088077
              ],
              [
                147.36518859752,
                -35.137187667538
              ],
              [
                147.36480235942,
                -35.137262244704
              ],
              [
                147.36464142688,
                -35.137292952929
              ]
            ]
          ]
        ]
      },
      "properties": {
        "leadAgency": "NSW Rural Fire Service",
        "lga": "Wagga Wagga",
        "supportingAgencies": "Department of Planning, Housing & Infrastructure - Crown Lands, NSW Rural Fire Service - Mitigation",
        "size": "0.25 ha",
        "location": "WILLANS HILL RESERVE",
        "guarReference": "BA20260204000061",
        "tenure": "Crown Land",
        "startDate": "24/03/2026",
        "endDate": "27/03/2026"
      }
    },
    {
      "type": "Feature",
      "geometry": {
        "type": "MultiPolygon",
        "coordinates": [
          [
            [
              [
                147.36455559619,
                -35.137257857814
              ],
              [
                147.36403667813,
                -35.137142336241
              ],
              [
                147.36419385568,
                -35.136377985455
              ],
              [
                147.36435389453,
                -35.135615974444
              ],
              [
                147.36453986081,
                -35.135604276012
              ],
              [
                147.3646256915,
                -35.135608662991
              ],
              [
                147.36464178475,
                -35.135981555371
              ],
              [
                147.36468470009,
                -35.136354446044
              ],
              [
                147.36455559619,
                -35.137257857814
              ]
            ]
          ]
        ]
      },
      "properties": {
        "leadAgency": "NSW Rural Fire Service",
        "lga": "Wagga Wagga",
        "supportingAgencies": "Department of Planning, Housing & Infrastructure - Crown Lands, NSW Rural Fire Service - Mitigation",
        "size": "0.72 ha",
        "location": "WILLANS HILL RESERVE",
        "guarReference": "BA20260204000061",
        "tenure": "Crown Land",
        "startDate": "24/03/2026",
        "endDate": "27/03/2026"
      }
    },
    {
      "type": "Feature",
      "geometry": {
        "type": "MultiPolygon",
        "coordinates": [
          [
            [
              [
                149.566005309,
                -37.076045709
              ],
              [
                149.56600618,
                -37.076045893
              ],
              [
                149.571046945,
                -37.076784773
              ],
              [
                149.571251237,
                -37.076814718
              ],
              [
                149.571252052,
                -37.076814838
              ],
              [
                149.572784894,
                -37.069568768
              ],
              [
                149.572784894,
                -37.069566768
              ],
              [
                149.574390856,
                -37.069423747
              ],
              [
                149.575963819,
                -37.069283727
              ],
              [
                149.575972819,
                -37.069294727
              ],
              [
                149.576786819,
                -37.070324724
              ],
              [
                149.577687809,
                -37.070895716
              ],
              [
                149.577718808,
                -37.070899716
              ],
              [
                149.58008776,
                -37.071145688
              ],
              [
                149.580669742,
                -37.070837679
              ],
              [
                149.581399719,
                -37.070451667
              ],
              [
                149.584069648,
                -37.069676628
              ],
              [
                149.584188621,
                -37.068210616
              ],
              [
                149.584572601,
                -37.067529607
              ],
              [
                149.586028562,
                -37.067092586
              ],
              [
                149.58976449,
                -37.067678543
              ],
              [
                149.590359493,
                -37.068707543
              ],
              [
                149.592486452,
                -37.069025518
              ],
              [
                149.59258645,
                -37.069040517
              ],
              [
                149.592683448,
                -37.069058516
              ],
              [
                149.592815446,
                -37.069097515
              ],
              [
                149.592940444,
                -37.069151513
              ],
              [
                149.593053442,
                -37.069217512
              ],
              [
                149.593154441,
                -37.069296512
              ],
              [
                149.593241441,
                -37.069385511
              ],
              [
                149.594059439,
                -37.070363508
              ],
              [
                149.594109438,
                -37.070420507
              ],
              [
                149.594245438,
                -37.070550507
              ],
              [
                149.594398436,
                -37.070666506
              ],
              [
                149.594567434,
                -37.070768504
              ],
              [
                149.594749431,
                -37.070853502
              ],
              [
                149.594942428,
                -37.070920501
              ],
              [
                149.595144424,
                -37.070969498
              ],
              [
                149.59535142,
                -37.071000496
              ],
              [
                149.595562416,
                -37.071010493
              ],
              [
                149.595772411,
                -37.071002491
              ],
              [
                149.595980406,
                -37.070973488
              ],
              [
                149.596183401,
                -37.070926485
              ],
              [
                149.59694738,
                -37.070708474
              ],
              [
                149.597045378,
                -37.070687473
              ],
              [
                149.597185375,
                -37.070675471
              ],
              [
                149.597326372,
                -37.070685469
              ],
              [
                149.597461369,
                -37.070716468
              ],
              [
                149.597587367,
                -37.070768466
              ],
              [
                149.598731351,
                -37.071359456
              ],
              [
                149.599977332,
                -37.071849444
              ],
              [
                149.600169328,
                -37.071914442
              ],
              [
                149.600372325,
                -37.07196144
              ],
              [
                149.600580321,
                -37.071989437
              ],
              [
                149.600791316,
                -37.071997435
              ],
              [
                149.601001311,
                -37.071985432
              ],
              [
                149.601194307,
                -37.071966429
              ],
              [
                149.601404302,
                -37.071954427
              ],
              [
                149.601615298,
                -37.071961424
              ],
              [
                149.601765295,
                -37.071977422
              ],
              [
                149.601916293,
                -37.071998421
              ],
              [
                149.602513282,
                -37.072082414
              ],
              [
                149.603330288,
                -37.073483413
              ],
              [
                149.604295271,
                -37.073613402
              ],
              [
                149.604155283,
                -37.074228408
              ],
              [
                149.604115287,
                -37.074406409
              ],
              [
                149.603813684,
                -37.075734374
              ],
              [
                149.60359437,
                -37.075821254
              ],
              [
                149.603452342,
                -37.075847812
              ],
              [
                149.603275413,
                -37.075863526
              ],
              [
                149.603158038,
                -37.075846206
              ],
              [
                149.602941789,
                -37.075785462
              ],
              [
                149.602739032,
                -37.075723692
              ],
              [
                149.602709546,
                -37.075716519
              ],
              [
                149.602405354,
                -37.075660428
              ],
              [
                149.602399267,
                -37.075659376
              ],
              [
                149.602159308,
                -37.075620702
              ],
              [
                149.602147933,
                -37.075619111
              ],
              [
                149.602108808,
                -37.075617232
              ],
              [
                149.602069871,
                -37.075620825
              ],
              [
                149.6020601,
                -37.075622611
              ],
              [
                149.601892626,
                -37.075656376
              ],
              [
                149.601864831,
                -37.075663547
              ],
              [
                149.601829776,
                -37.075677594
              ],
              [
                149.601800724,
                -37.075694606
              ],
              [
                149.60170167,
                -37.075762989
              ],
              [
                149.601699244,
                -37.075764689
              ],
              [
                149.601672299,
                -37.075787495
              ],
              [
                149.601651843,
                -37.075812043
              ],
              [
                149.601530714,
                -37.075986896
              ],
              [
                149.601512246,
                -37.076021756
              ],
              [
                149.601446895,
                -37.076193373
              ],
              [
                149.601437599,
                -37.076234036
              ],
              [
                149.601419121,
                -37.076457379
              ],
              [
                149.601422929,
                -37.076504366
              ],
              [
                149.601523467,
                -37.076910304
              ],
              [
                149.601544711,
                -37.076958639
              ],
              [
                149.601661405,
                -37.077137672
              ],
              [
                149.601841864,
                -37.077447463
              ],
              [
                149.601855007,
                -37.077466835
              ],
              [
                149.602038056,
                -37.077701217
              ],
              [
                149.60204196,
                -37.077706043
              ],
              [
                149.602210592,
                -37.077907374
              ],
              [
                149.602335602,
                -37.078065941
              ],
              [
                149.602467799,
                -37.078240281
              ],
              [
                149.602521531,
                -37.078391241
              ],
              [
                149.602513965,
                -37.078427545
              ],
              [
                149.602425417,
                -37.078508179
              ],
              [
                149.602186201,
                -37.078650579
              ],
              [
                149.602171027,
                -37.07866046
              ],
              [
                149.60199389,
                -37.078786445
              ],
              [
                149.601734405,
                -37.078874572
              ],
              [
                149.601372075,
                -37.078929928
              ],
              [
                149.601211039,
                -37.079000381
              ],
              [
                149.601115344,
                -37.0791207
              ],
              [
                149.600837976,
                -37.079239782
              ],
              [
                149.600826458,
                -37.079245084
              ],
              [
                149.600820293,
                -37.079248748
              ],
              [
                149.600587066,
                -37.079217503
              ],
              [
                149.600586731,
                -37.079217906
              ],
              [
                149.600470443,
                -37.079202487
              ],
              [
                149.598757476,
                -37.078974507
              ],
              [
                149.598720481,
                -37.079153509
              ],
              [
                149.600489027,
                -37.079388228
              ],
              [
                149.600635217,
                -37.079407515
              ],
              [
                149.60043017,
                -37.079594705
              ],
              [
                149.600390218,
                -37.079646989
              ],
              [
                149.600216575,
                -37.079996941
              ],
              [
                149.600208501,
                -37.080016361
              ],
              [
                149.600081895,
                -37.080390542
              ],
              [
                149.600078564,
                -37.08040181
              ],
              [
                149.599999514,
                -37.080713531
              ],
              [
                149.59997755,
                -37.080800144
              ],
              [
                149.599974022,
                -37.080819255
              ],
              [
                149.599892682,
                -37.081516685
              ],
              [
                149.599891815,
                -37.081527854
              ],
              [
                149.599876626,
                -37.081919625
              ],
              [
                149.599876682,
                -37.081932105
              ],
              [
                149.599891017,
                -37.082232366
              ],
              [
                149.599870429,
                -37.082324635
              ],
              [
                149.599818584,
                -37.08237493
              ],
              [
                149.599780756,
                -37.082411626
              ],
              [
                149.599574424,
                -37.082500564
              ],
              [
                149.599551095,
                -37.082512144
              ],
              [
                149.599389687,
                -37.082603629
              ],
              [
                149.599129592,
                -37.082693112
              ],
              [
                149.598763662,
                -37.082772232
              ],
              [
                149.598421284,
                -37.082821128
              ],
              [
                149.598377135,
                -37.082831249
              ],
              [
                149.598080596,
                -37.082926408
              ],
              [
                149.598058996,
                -37.082934427
              ],
              [
                149.597834133,
                -37.083029798
              ],
              [
                149.597764705,
                -37.083059244
              ],
              [
                149.597485064,
                -37.083147684
              ],
              [
                149.597177083,
                -37.083219825
              ],
              [
                149.597150517,
                -37.083228124
              ],
              [
                149.597140536,
                -37.083231241
              ],
              [
                149.596833077,
                -37.083353008
              ],
              [
                149.596456339,
                -37.083435915
              ],
              [
                149.596045988,
                -37.083519936
              ],
              [
                149.596020258,
                -37.083526547
              ],
              [
                149.595616293,
                -37.08365224
              ],
              [
                149.595593525,
                -37.083660518
              ],
              [
                149.59539333,
                -37.083744362
              ],
              [
                149.595392227,
                -37.08374367
              ],
              [
                149.595392341,
                -37.083743193
              ],
              [
                149.595556645,
                -37.083000569
              ],
              [
                149.595333649,
                -37.082968572
              ],
              [
                149.595140092,
                -37.083843788
              ],
              [
                149.595136209,
                -37.083861206
              ],
              [
                149.595028148,
                -37.083913038
              ],
              [
                149.594932715,
                -37.083958814
              ],
              [
                149.594900089,
                -37.083977846
              ],
              [
                149.593307065,
                -37.085097088
              ],
              [
                149.59329342,
                -37.085107536
              ],
              [
                149.593287395,
                -37.085112216
              ],
              [
                149.592737888,
                -37.085604851
              ],
              [
                149.592722536,
                -37.085618871
              ],
              [
                149.592714223,
                -37.085626473
              ],
              [
                149.592702943,
                -37.085639794
              ],
              [
                149.592693141,
                -37.085651411
              ],
              [
                149.591941598,
                -37.086563523
              ],
              [
                149.591881658,
                -37.086576097
              ],
              [
                149.591673891,
                -37.086573407
              ],
              [
                149.591446294,
                -37.08653895
              ],
              [
                149.591019159,
                -37.086429565
              ],
              [
                149.590667523,
                -37.086298189
              ],
              [
                149.590630022,
                -37.086287304
              ],
              [
                149.590437406,
                -37.086246456
              ],
              [
                149.590412886,
                -37.086242411
              ],
              [
                149.590220884,
                -37.086219572
              ],
              [
                149.590206586,
                -37.086218245
              ],
              [
                149.590003651,
                -37.086204657
              ],
              [
                149.589978788,
                -37.086204098
              ],
              [
                149.589596624,
                -37.08621245
              ],
              [
                149.589566688,
                -37.086214715
              ],
              [
                149.588984348,
                -37.086290522
              ],
              [
                149.588955351,
                -37.086295895
              ],
              [
                149.588587185,
                -37.086385044
              ],
              [
                149.588567575,
                -37.086390598
              ],
              [
                149.588427093,
                -37.08643634
              ],
              [
                149.588221891,
                -37.086323993
              ],
              [
                149.588029866,
                -37.086162154
              ],
              [
                149.588006676,
                -37.086145163
              ],
              [
                149.587973965,
                -37.086127857
              ],
              [
                149.587937999,
                -37.086115365
              ],
              [
                149.587899872,
                -37.086108067
              ],
              [
                149.587860742,
                -37.086106183
              ],
              [
                149.587853022,
                -37.086108766
              ],
              [
                149.587560256,
                -37.086123492
              ],
              [
                149.587551416,
                -37.086124763
              ],
              [
                149.587323831,
                -37.086142697
              ],
              [
                149.587104708,
                -37.086094453
              ],
              [
                149.587078118,
                -37.086089963
              ],
              [
                149.587038988,
                -37.086088079
              ],
              [
                149.587000045,
                -37.086091667
              ],
              [
                149.586986696,
                -37.086094197
              ],
              [
                149.58670753,
                -37.086154362
              ],
              [
                149.586683306,
                -37.086160783
              ],
              [
                149.586648243,
                -37.086174826
              ],
              [
                149.586617507,
                -37.086194832
              ],
              [
                149.586608994,
                -37.086200739
              ],
              [
                149.586442558,
                -37.086332243
              ],
              [
                149.586414507,
                -37.086359402
              ],
              [
                149.58641104,
                -37.086363176
              ],
              [
                149.586263253,
                -37.08654281
              ],
              [
                149.586254027,
                -37.08655483
              ],
              [
                149.58623785,
                -37.08658506
              ],
              [
                149.586232567,
                -37.086597895
              ],
              [
                149.586230879,
                -37.086601997
              ],
              [
                149.586228856,
                -37.086608852
              ],
              [
                149.583814701,
                -37.086282691
              ],
              [
                149.583649351,
                -37.086260642
              ],
              [
                149.583870481,
                -37.086474786
              ],
              [
                149.586146406,
                -37.086782301
              ],
              [
                149.586182183,
                -37.086787021
              ],
              [
                149.586178593,
                -37.086798146
              ],
              [
                149.586081841,
                -37.086920316
              ],
              [
                149.586026984,
                -37.086989584
              ],
              [
                149.58602352,
                -37.086993352
              ],
              [
                149.585813362,
                -37.087187087
              ],
              [
                149.58551229,
                -37.087358929
              ],
              [
                149.585101775,
                -37.087551158
              ],
              [
                149.585053494,
                -37.087581276
              ],
              [
                149.584991149,
                -37.087632266
              ],
              [
                149.584725213,
                -37.087849767
              ],
              [
                149.584706459,
                -37.087867322
              ],
              [
                149.584702864,
                -37.087870968
              ],
              [
                149.584559722,
                -37.088027546
              ],
              [
                149.58455489,
                -37.088032969
              ],
              [
                149.584545887,
                -37.088043507
              ],
              [
                149.584537958,
                -37.088053495
              ],
              [
                149.584480461,
                -37.088125924
              ],
              [
                149.58447745,
                -37.088130261
              ],
              [
                149.584456667,
                -37.088165879
              ],
              [
                149.584456463,
                -37.088166382
              ],
              [
                149.58445437,
                -37.088170641
              ],
              [
                149.584342509,
                -37.088447733
              ],
              [
                149.584336576,
                -37.088464237
              ],
              [
                149.58425526,
                -37.088775422
              ],
              [
                149.584253968,
                -37.088777879
              ],
              [
                149.584252909,
                -37.088779891
              ],
              [
                149.584125245,
                -37.088928368
              ],
              [
                149.583866387,
                -37.089097517
              ],
              [
                149.583861172,
                -37.089100967
              ],
              [
                149.583631236,
                -37.089258547
              ],
              [
                149.583627017,
                -37.089261554
              ],
              [
                149.583601226,
                -37.089283177
              ],
              [
                149.583597636,
                -37.08928681
              ],
              [
                149.583579504,
                -37.089308773
              ],
              [
                149.58357634,
                -37.089312998
              ],
              [
                149.583461329,
                -37.089482285
              ],
              [
                149.583460518,
                -37.089484155
              ],
              [
                149.583458947,
                -37.089487015
              ],
              [
                149.583443008,
                -37.089523277
              ],
              [
                149.58344208,
                -37.08952539
              ],
              [
                149.583194777,
                -37.089610653
              ],
              [
                149.583182769,
                -37.089615495
              ],
              [
                149.582903355,
                -37.089728668
              ],
              [
                149.582857118,
                -37.089755357
              ],
              [
                149.582672401,
                -37.089884234
              ],
              [
                149.582662441,
                -37.089891444
              ],
              [
                149.582486454,
                -37.090030862
              ],
              [
                149.582482696,
                -37.090034253
              ],
              [
                149.582451588,
                -37.090066038
              ],
              [
                149.582448191,
                -37.090070011
              ],
              [
                149.582376042,
                -37.090166535
              ],
              [
                149.582374027,
                -37.090169716
              ],
              [
                149.582373307,
                -37.09017107
              ],
              [
                149.582351668,
                -37.090211859
              ],
              [
                149.582349479,
                -37.090216629
              ],
              [
                149.582321003,
                -37.090302645
              ],
              [
                149.582316316,
                -37.090317728
              ],
              [
                149.582315279,
                -37.090323213
              ],
              [
                149.58231217,
                -37.090356704
              ],
              [
                149.582317344,
                -37.090384147
              ],
              [
                149.582354361,
                -37.090536413
              ],
              [
                149.58235347,
                -37.0905489
              ],
              [
                149.582353449,
                -37.090549204
              ],
              [
                149.58212924,
                -37.090473808
              ],
              [
                149.582038898,
                -37.090443552
              ],
              [
                149.581932196,
                -37.090390801
              ],
              [
                149.581809412,
                -37.090298409
              ],
              [
                149.581673536,
                -37.090190826
              ],
              [
                149.581649312,
                -37.090174195
              ],
              [
                149.581578707,
                -37.090132296
              ],
              [
                149.581552,
                -37.09011867
              ],
              [
                149.58151388,
                -37.090102119
              ],
              [
                149.58148144,
                -37.090088035
              ],
              [
                149.581473429,
                -37.090085388
              ],
              [
                149.581475217,
                -37.090079129
              ],
              [
                149.581478965,
                -37.090062506
              ],
              [
                149.581542179,
                -37.089799343
              ],
              [
                149.581542292,
                -37.08979887
              ],
              [
                149.581553545,
                -37.089752024
              ],
              [
                149.581748153,
                -37.088938554
              ],
              [
                149.581750098,
                -37.088933775
              ],
              [
                149.581528102,
                -37.088898778
              ],
              [
                149.58152616,
                -37.088903554
              ],
              [
                149.581359727,
                -37.089597657
              ],
              [
                149.581292352,
                -37.089878677
              ],
              [
                149.580142153,
                -37.0897188
              ],
              [
                149.580140248,
                -37.089723555
              ],
              [
                149.580092693,
                -37.089944055
              ],
              [
                149.580090159,
                -37.089957077
              ],
              [
                149.580072427,
                -37.089958929
              ],
              [
                149.580048561,
                -37.089959174
              ],
              [
                149.580046946,
                -37.08995919
              ],
              [
                149.58004533,
                -37.089959207
              ],
              [
                149.579447528,
                -37.089965339
              ],
              [
                149.579413166,
                -37.089967812
              ],
              [
                149.578914407,
                -37.090034901
              ],
              [
                149.578887154,
                -37.090039981
              ],
              [
                149.578883885,
                -37.090040765
              ],
              [
                149.578743323,
                -37.090074473
              ],
              [
                149.578710171,
                -37.090084773
              ],
              [
                149.578570387,
                -37.090140134
              ],
              [
                149.578559622,
                -37.090144902
              ],
              [
                149.578418293,
                -37.09020743
              ],
              [
                149.578412568,
                -37.090210554
              ],
              [
                149.578134086,
                -37.090341256
              ],
              [
                149.577859374,
                -37.090446007
              ],
              [
                149.577575341,
                -37.090554404
              ],
              [
                149.577559564,
                -37.090561052
              ],
              [
                149.577209672,
                -37.090724389
              ],
              [
                149.57719667,
                -37.090731071
              ],
              [
                149.576771226,
                -37.090964571
              ],
              [
                149.576757493,
                -37.090972722
              ],
              [
                149.576473741,
                -37.091159639
              ],
              [
                149.576450443,
                -37.091177476
              ],
              [
                149.576446539,
                -37.091180733
              ],
              [
                149.576324842,
                -37.091290842
              ],
              [
                149.576312397,
                -37.091302825
              ],
              [
                149.57630776,
                -37.091307841
              ],
              [
                149.576209963,
                -37.091420662
              ],
              [
                149.576206566,
                -37.091424758
              ],
              [
                149.576190362,
                -37.09144754
              ],
              [
                149.576189008,
                -37.091449898
              ],
              [
                149.5761877,
                -37.091452173
              ],
              [
                149.576130496,
                -37.091551803
              ],
              [
                149.575651046,
                -37.091482921
              ],
              [
                149.575204299,
                -37.091418738
              ],
              [
                149.575202314,
                -37.09142344
              ],
              [
                149.575000384,
                -37.09234762
              ],
              [
                149.571309398,
                -37.09185579
              ],
              [
                149.56981292,
                -37.091669173
              ],
              [
                149.569782591,
                -37.091805191
              ],
              [
                149.566947133,
                -37.091442899
              ],
              [
                149.566946437,
                -37.091442757
              ],
              [
                149.569096296,
                -37.08120456
              ],
              [
                149.569098205,
                -37.08119989
              ],
              [
                149.561694404,
                -37.080201069
              ],
              [
                149.562141564,
                -37.078087303
              ],
              [
                149.562843277,
                -37.07477024
              ],
              [
                149.562843736,
                -37.074770305
              ],
              [
                149.56340691,
                -37.074849447
              ],
              [
                149.565114821,
                -37.075089457
              ],
              [
                149.56617816,
                -37.075238887
              ],
              [
                149.566176267,
                -37.07524355
              ],
              [
                149.566005309,
                -37.076045709
              ]
            ]
          ]
        ]
      },
      "properties": {
        "leadAgency": "NSW National Parks and Wildlife Service",
        "lga": "Bega Valley",
        "supportingAgencies": "Forestry Corporation NSW, Department of Planning, Housing & Infrastructure - Crown Lands",
        "size": "606.6 ha",
        "location": "PERICOE 564",
        "guarReference": "BA20250822000910",
        "tenure": "National Park, Forestry, Crown Land",
        "startDate": "17/03/2026",
        "endDate": "22/03/2026"
      }
    },
    {
      "type": "Feature",
      "geometry": {
        "type": "MultiPolygon",
        "coordinates": [
          [
            [
              [
                149.60018119,
                -37.063179382
              ],
              [
                149.600280187,
                -37.06308238
              ],
              [
                149.600274324,
                -37.063089576
              ],
              [
                149.600279223,
                -37.063084725
              ],
              [
                149.60029238,
                -37.063068087
              ],
              [
                149.600280187,
                -37.06308238
              ],
              [
                149.600366182,
                -37.062973378
              ],
              [
                149.600402181,
                -37.062916377
              ],
              [
                149.600459178,
                -37.062847376
              ],
              [
                149.600494177,
                -37.062790375
              ],
              [
                149.600501176,
                -37.062738375
              ],
              [
                149.600537174,
                -37.062658374
              ],
              [
                149.600565171,
                -37.062515373
              ],
              [
                149.60055617,
                -37.062437372
              ],
              [
                149.600543168,
                -37.062320371
              ],
              [
                149.600514167,
                -37.062223371
              ],
              [
                149.600507166,
                -37.062154371
              ],
              [
                149.600478165,
                -37.06204037
              ],
              [
                149.600442161,
                -37.061748369
              ],
              [
                149.600399161,
                -37.061656369
              ],
              [
                149.60039916,
                -37.061611368
              ],
              [
                149.600341159,
                -37.061468368
              ],
              [
                149.600334159,
                -37.061428368
              ],
              [
                149.600334157,
                -37.061290367
              ],
              [
                149.600355154,
                -37.061130366
              ],
              [
                149.600383151,
                -37.061038365
              ],
              [
                149.60040515,
                -37.060998364
              ],
              [
                149.600419149,
                -37.060935364
              ],
              [
                149.600490144,
                -37.060729361
              ],
              [
                149.600504142,
                -37.06060336
              ],
              [
                149.600539139,
                -37.060454359
              ],
              [
                149.600546138,
                -37.060391358
              ],
              [
                149.600624133,
                -37.060180356
              ],
              [
                149.600646132,
                -37.060139355
              ],
              [
                149.60068113,
                -37.060094355
              ],
              [
                149.600703129,
                -37.060048354
              ],
              [
                149.600738127,
                -37.059996353
              ],
              [
                149.600781126,
                -37.059950352
              ],
              [
                149.600817124,
                -37.059887351
              ],
              [
                149.600852122,
                -37.059842351
              ],
              [
                149.600895121,
                -37.05979635
              ],
              [
                149.600945118,
                -37.059698349
              ],
              [
                149.600995116,
                -37.059641348
              ],
              [
                149.601023115,
                -37.059584347
              ],
              [
                149.601073113,
                -37.059527346
              ],
              [
                149.601144109,
                -37.059418344
              ],
              [
                149.601186298,
                -37.059379093
              ],
              [
                149.601329102,
                -37.05917734
              ],
              [
                149.601436098,
                -37.059097338
              ],
              [
                149.601579094,
                -37.059022336
              ],
              [
                149.601636093,
                -37.059011335
              ],
              [
                149.601793089,
                -37.058953333
              ],
              [
                149.601864087,
                -37.058919332
              ],
              [
                149.601993083,
                -37.05887933
              ],
              [
                149.602060192,
                -37.058869005
              ],
              [
                149.602071081,
                -37.058867329
              ],
              [
                149.602235077,
                -37.058816326
              ],
              [
                149.602285076,
                -37.058810326
              ],
              [
                149.602335075,
                -37.058793325
              ],
              [
                149.602485071,
                -37.058718322
              ],
              [
                149.602656066,
                -37.05864932
              ],
              [
                149.602842061,
                -37.058586317
              ],
              [
                149.603056056,
                -37.058563314
              ],
              [
                149.603227052,
                -37.058528312
              ],
              [
                149.603284051,
                -37.058522311
              ],
              [
                149.60333405,
                -37.05850531
              ],
              [
                149.603484046,
                -37.058476308
              ],
              [
                149.603541045,
                -37.058471308
              ],
              [
                149.603912036,
                -37.058396302
              ],
              [
                149.603991034,
                -37.058373301
              ],
              [
                149.604055032,
                -37.0583383
              ],
              [
                149.604105031,
                -37.0583333
              ],
              [
                149.604191028,
                -37.058258298
              ],
              [
                149.604269026,
                -37.058224297
              ],
              [
                149.604354023,
                -37.058143295
              ],
              [
                149.604476019,
                -37.058063293
              ],
              [
                149.604526017,
                -37.058006292
              ],
              [
                149.604632013,
                -37.05791429
              ],
              [
                149.604768009,
                -37.057840288
              ],
              [
                149.604839007,
                -37.057788287
              ],
              [
                149.604946004,
                -37.057731285
              ],
              [
                149.604996002,
                -37.057690284
              ],
              [
                149.605145998,
                -37.057610281
              ],
              [
                149.605383503,
                -37.057529441
              ],
              [
                149.60543099,
                -37.057513277
              ],
              [
                149.605516988,
                -37.057490276
              ],
              [
                149.605651984,
                -37.057421274
              ],
              [
                149.605701982,
                -37.057358273
              ],
              [
                149.60575898,
                -37.057312272
              ],
              [
                149.605865976,
                -37.057169269
              ],
              [
                149.605919812,
                -37.057116272
              ],
              [
                149.605929973,
                -37.057106268
              ],
              [
                149.605979972,
                -37.057071267
              ],
              [
                149.606065969,
                -37.056985266
              ],
              [
                149.606086968,
                -37.056945265
              ],
              [
                149.606143966,
                -37.056916264
              ],
              [
                149.606264962,
                -37.056825262
              ],
              [
                149.60632196,
                -37.056802261
              ],
              [
                149.606592952,
                -37.056624257
              ],
              [
                149.606685949,
                -37.056550255
              ],
              [
                149.606735948,
                -37.056544254
              ],
              [
                149.606778946,
                -37.056498253
              ],
              [
                149.606856944,
                -37.056458252
              ],
              [
                149.607063938,
                -37.056395249
              ],
              [
                149.607199935,
                -37.056389247
              ],
              [
                149.607306934,
                -37.056411246
              ],
              [
                149.607384932,
                -37.056440245
              ],
              [
                149.607449931,
                -37.056457245
              ],
              [
                149.60754993,
                -37.056531244
              ],
              [
                149.60762893,
                -37.056634244
              ],
              [
                149.607721931,
                -37.056794244
              ],
              [
                149.607735644,
                -37.056811792
              ],
              [
                149.607864931,
                -37.056977243
              ],
              [
                149.607936931,
                -37.057086243
              ],
              [
                149.607979932,
                -37.057172243
              ],
              [
                149.607993932,
                -37.057223243
              ],
              [
                149.608022936,
                -37.057475244
              ],
              [
                149.608087938,
                -37.057670245
              ],
              [
                149.608137938,
                -37.057767245
              ],
              [
                149.608309938,
                -37.057973244
              ],
              [
                149.608366938,
                -37.058030244
              ],
              [
                149.608445938,
                -37.058138244
              ],
              [
                149.608567939,
                -37.058350244
              ],
              [
                149.608596945,
                -37.058751246
              ],
              [
                149.608597948,
                -37.058980248
              ],
              [
                149.60861195,
                -37.059111248
              ],
              [
                149.608697952,
                -37.059340249
              ],
              [
                149.608755952,
                -37.059420249
              ],
              [
                149.608776953,
                -37.059466249
              ],
              [
                149.608783953,
                -37.059512249
              ],
              [
                149.608805953,
                -37.059552249
              ],
              [
                149.608827956,
                -37.05971825
              ],
              [
                149.608856957,
                -37.05984325
              ],
              [
                149.608927959,
                -37.060061251
              ],
              [
                149.60893596,
                -37.060107251
              ],
              [
                149.609021961,
                -37.060295251
              ],
              [
                149.60902359,
                -37.060299746
              ],
              [
                149.609050962,
                -37.060375251
              ],
              [
                149.609100962,
                -37.060484251
              ],
              [
                149.609128963,
                -37.060530251
              ],
              [
                149.609221962,
                -37.060621251
              ],
              [
                149.609350961,
                -37.06071825
              ],
              [
                149.609543959,
                -37.060827248
              ],
              [
                149.609672957,
                -37.060873247
              ],
              [
                149.609729956,
                -37.060884246
              ],
              [
                149.609808954,
                -37.060895245
              ],
              [
                149.610008951,
                -37.060906243
              ],
              [
                149.610165947,
                -37.060895241
              ],
              [
                149.610222946,
                -37.06088324
              ],
              [
                149.610279944,
                -37.060843239
              ],
              [
                149.61040094,
                -37.060774237
              ],
              [
                149.610450939,
                -37.060740236
              ],
              [
                149.610500937,
                -37.060694235
              ],
              [
                149.610550936,
                -37.060671235
              ],
              [
                149.610600934,
                -37.060625234
              ],
              [
                149.610604176,
                -37.060623174
              ],
              [
                149.61070793,
                -37.060557232
              ],
              [
                149.610764929,
                -37.060511231
              ],
              [
                149.610799927,
                -37.06047123
              ],
              [
                149.610827926,
                -37.06045623
              ],
              [
                149.610805928,
                -37.060557231
              ],
              [
                149.610136992,
                -37.06362226
              ],
              [
                149.610096996,
                -37.063800262
              ],
              [
                149.611278355,
                -37.063971511
              ],
              [
                149.611155866,
                -37.064111671
              ],
              [
                149.61095538,
                -37.064275282
              ],
              [
                149.610566196,
                -37.064386409
              ],
              [
                149.610435354,
                -37.064376345
              ],
              [
                149.610244125,
                -37.064361248
              ],
              [
                149.610108251,
                -37.0642606
              ],
              [
                149.610027733,
                -37.064185115
              ],
              [
                149.60995728,
                -37.064054274
              ],
              [
                149.609831471,
                -37.064008982
              ],
              [
                149.609635209,
                -37.064014015
              ],
              [
                149.609247717,
                -37.064014015
              ],
              [
                149.609021261,
                -37.063988853
              ],
              [
                149.608922791,
                -37.063983929
              ],
              [
                149.608819967,
                -37.063978788
              ],
              [
                149.608658931,
                -37.063978788
              ],
              [
                149.608392216,
                -37.063978788
              ],
              [
                149.60825617,
                -37.063982465
              ],
              [
                149.607942335,
                -37.063997873
              ],
              [
                149.607732977,
                -37.064104597
              ],
              [
                149.607556845,
                -37.064200212
              ],
              [
                149.607385744,
                -37.064235439
              ],
              [
                149.607260072,
                -37.064243635
              ],
              [
                149.607067142,
                -37.06431276
              ],
              [
                149.607021253,
                -37.064345538
              ],
              [
                149.60690767,
                -37.064426668
              ],
              [
                149.606801991,
                -37.064587704
              ],
              [
                149.606761732,
                -37.064889645
              ],
              [
                149.606786894,
                -37.065231846
              ],
              [
                149.606791926,
                -37.065498561
              ],
              [
                149.606721473,
                -37.065825664
              ],
              [
                149.606640119,
                -37.065984229
              ],
              [
                149.606481011,
                -37.066294341
              ],
              [
                149.606230133,
                -37.066704333
              ],
              [
                149.606030558,
                -37.066988598
              ],
              [
                149.605745195,
                -37.067254854
              ],
              [
                149.605387898,
                -37.067526602
              ],
              [
                149.605262089,
                -37.067667508
              ],
              [
                149.605171506,
                -37.06786377
              ],
              [
                149.605121183,
                -37.068049967
              ],
              [
                149.605040665,
                -37.068211002
              ],
              [
                149.604950082,
                -37.068387135
              ],
              [
                149.604938281,
                -37.068476827
              ],
              [
                149.604941615,
                -37.068628447
              ],
              [
                149.60494505,
                -37.068784691
              ],
              [
                149.604995374,
                -37.069086633
              ],
              [
                149.605110464,
                -37.06936611
              ],
              [
                149.605262089,
                -37.069519416
              ],
              [
                149.605453318,
                -37.069700581
              ],
              [
                149.605624419,
                -37.069881746
              ],
              [
                149.605991781,
                -37.070239043
              ],
              [
                149.60628869,
                -37.0706366
              ],
              [
                149.606585599,
                -37.070837894
              ],
              [
                149.606882508,
                -37.071054286
              ],
              [
                149.607119029,
                -37.071245515
              ],
              [
                149.607168282,
                -37.07129736
              ],
              [
                149.607253869,
                -37.071364184
              ],
              [
                149.607357637,
                -37.071445205
              ],
              [
                149.607501489,
                -37.071557521
              ],
              [
                149.607576974,
                -37.071738686
              ],
              [
                149.607582006,
                -37.071879592
              ],
              [
                149.607571942,
                -37.072075854
              ],
              [
                149.607551812,
                -37.072226825
              ],
              [
                149.607476327,
                -37.072468378
              ],
              [
                149.607426003,
                -37.072674705
              ],
              [
                149.607305227,
                -37.072926323
              ],
              [
                149.607199547,
                -37.073147747
              ],
              [
                149.606973091,
                -37.073449689
              ],
              [
                149.606721473,
                -37.07377176
              ],
              [
                149.60654534,
                -37.074003248
              ],
              [
                149.60630882,
                -37.074234737
              ],
              [
                149.606162881,
                -37.074365578
              ],
              [
                149.60609746,
                -37.074410869
              ],
              [
                149.606047633,
                -37.074480627
              ],
              [
                149.605384771,
                -37.074393187
              ],
              [
                149.60437828,
                -37.074260405
              ],
              [
                149.604558263,
                -37.073465397
              ],
              [
                149.603485282,
                -37.07332041
              ],
              [
                149.602668276,
                -37.071919411
              ],
              [
                149.601952289,
                -37.071819419
              ],
              [
                149.601804292,
                -37.071798421
              ],
              [
                149.601796292,
                -37.071797421
              ],
              [
                149.601586296,
                -37.071777423
              ],
              [
                149.6013763,
                -37.071773426
              ],
              [
                149.601165304,
                -37.071786429
              ],
              [
                149.600973309,
                -37.071806431
              ],
              [
                149.600762314,
                -37.071816434
              ],
              [
                149.600552318,
                -37.071803436
              ],
              [
                149.600345322,
                -37.071768439
              ],
              [
                149.600147326,
                -37.071712441
              ],
              [
                149.600076327,
                -37.071686441
              ],
              [
                149.598842346,
                -37.071201454
              ],
              [
                149.597710362,
                -37.070616464
              ],
              [
                149.597586364,
                -37.070562465
              ],
              [
                149.597454366,
                -37.070523466
              ],
              [
                149.597316369,
                -37.070500468
              ],
              [
                149.597175372,
                -37.07049447
              ],
              [
                149.597034375,
                -37.070504471
              ],
              [
                149.596898379,
                -37.070531473
              ],
              [
                149.596872379,
                -37.070538474
              ],
              [
                149.5961074,
                -37.070755485
              ],
              [
                149.595904405,
                -37.070801488
              ],
              [
                149.59569541,
                -37.07082549
              ],
              [
                149.595485415,
                -37.070827493
              ],
              [
                149.595275419,
                -37.070807496
              ],
              [
                149.595071423,
                -37.070764498
              ],
              [
                149.594876426,
                -37.0707015
              ],
              [
                149.594692429,
                -37.070617502
              ],
              [
                149.594525431,
                -37.070515503
              ],
              [
                149.594375432,
                -37.070396504
              ],
              [
                149.594247433,
                -37.070262505
              ],
              [
                149.593429435,
                -37.069284508
              ],
              [
                149.593297436,
                -37.069152509
              ],
              [
                149.593138438,
                -37.06904051
              ],
              [
                149.59295944,
                -37.068952512
              ],
              [
                149.592763443,
                -37.068888514
              ],
              [
                149.592628446,
                -37.068862515
              ],
              [
                149.592524448,
                -37.068846517
              ],
              [
                149.592493449,
                -37.068842517
              ],
              [
                149.590515487,
                -37.06854654
              ],
              [
                149.589921484,
                -37.06751854
              ],
              [
                149.586009559,
                -37.066905585
              ],
              [
                149.584405602,
                -37.067386608
              ],
              [
                149.583965625,
                -37.068166619
              ],
              [
                149.58385365,
                -37.06954663
              ],
              [
                149.581297719,
                -37.070288667
              ],
              [
                149.580722737,
                -37.070592676
              ],
              [
                149.580032758,
                -37.070956687
              ],
              [
                149.577778804,
                -37.070722714
              ],
              [
                149.577758804,
                -37.070710714
              ],
              [
                149.576956813,
                -37.070201721
              ],
              [
                149.576078814,
                -37.069091724
              ],
              [
                149.576014815,
                -37.069096725
              ],
              [
                149.574431852,
                -37.069237746
              ],
              [
                149.57282389,
                -37.069380767
              ],
              [
                149.57298699,
                -37.068609551
              ],
              [
                149.57322085,
                -37.067503749
              ],
              [
                149.57322485,
                -37.067506749
              ],
              [
                149.573274849,
                -37.067546748
              ],
              [
                149.573417847,
                -37.067632747
              ],
              [
                149.5735033,
                -37.067662266
              ],
              [
                149.573582845,
                -37.067689745
              ],
              [
                149.573782842,
                -37.067769744
              ],
              [
                149.573832841,
                -37.067797743
              ],
              [
                149.573939839,
                -37.067837742
              ],
              [
                149.574182836,
                -37.06795174
              ],
              [
                149.574232836,
                -37.067986739
              ],
              [
                149.574497832,
                -37.068117737
              ],
              [
                149.574661829,
                -37.068180735
              ],
              [
                149.574662829,
                -37.068180735
              ],
              [
                149.574725828,
                -37.068197735
              ],
              [
                149.574854826,
                -37.068208733
              ],
              [
                149.575011822,
                -37.068208731
              ],
              [
                149.575061821,
                -37.06819773
              ],
              [
                149.575132819,
                -37.06819173
              ],
              [
                149.575247816,
                -37.068168728
              ],
              [
                149.575396812,
                -37.068122726
              ],
              [
                149.575432811,
                -37.068099725
              ],
              [
                149.575653804,
                -37.067978722
              ],
              [
                149.5757968,
                -37.067938719
              ],
              [
                149.575853799,
                -37.067938719
              ],
              [
                149.575917798,
                -37.067927718
              ],
              [
                149.575975796,
                -37.067927717
              ],
              [
                149.576075794,
                -37.067915716
              ],
              [
                149.57624679,
                -37.067915714
              ],
              [
                149.57626679,
                -37.067918713
              ],
              [
                149.576403787,
                -37.067938712
              ],
              [
                149.576567784,
                -37.06798371
              ],
              [
                149.576675783,
                -37.068035709
              ],
              [
                149.576796781,
                -37.068109708
              ],
              [
                149.576846781,
                -37.068126708
              ],
              [
                149.57689678,
                -37.068183707
              ],
              [
                149.57696878,
                -37.068235707
              ],
              [
                149.57701178,
                -37.068281707
              ],
              [
                149.57703978,
                -37.068326707
              ],
              [
                149.577111781,
                -37.068481707
              ],
              [
                149.577161781,
                -37.068572707
              ],
              [
                149.577362782,
                -37.068875706
              ],
              [
                149.577376782,
                -37.068921707
              ],
              [
                149.577426783,
                -37.069001706
              ],
              [
                149.577455783,
                -37.069076707
              ],
              [
                149.577620784,
                -37.069344706
              ],
              [
                149.577691784,
                -37.069425706
              ],
              [
                149.577756784,
                -37.069510706
              ],
              [
                149.577906783,
                -37.069670705
              ],
              [
                149.577920784,
                -37.069710705
              ],
              [
                149.577957784,
                -37.069777705
              ],
              [
                149.577978784,
                -37.069813705
              ],
              [
                149.578156783,
                -37.069996704
              ],
              [
                149.578185783,
                -37.070036704
              ],
              [
                149.578257783,
                -37.070128704
              ],
              [
                149.578357782,
                -37.070196703
              ],
              [
                149.578400782,
                -37.070237703
              ],
              [
                149.57852178,
                -37.070294702
              ],
              [
                149.578600779,
                -37.070316701
              ],
              [
                149.578886774,
                -37.070431698
              ],
              [
                149.578936773,
                -37.070436697
              ],
              [
                149.57912177,
                -37.070453695
              ],
              [
                149.579464762,
                -37.070453691
              ],
              [
                149.579643758,
                -37.070464689
              ],
              [
                149.579957751,
                -37.070447685
              ],
              [
                149.580078748,
                -37.070447683
              ],
              [
                149.580235745,
                -37.070435681
              ],
              [
                149.580400741,
                -37.070406679
              ],
              [
                149.580507738,
                -37.070377677
              ],
              [
                149.58077873,
                -37.070251673
              ],
              [
                149.580796729,
                -37.070247673
              ],
              [
                149.580828728,
                -37.070240672
              ],
              [
                149.580942725,
                -37.070217671
              ],
              [
                149.581149721,
                -37.070194668
              ],
              [
                149.581420714,
                -37.070142664
              ],
              [
                149.58154971,
                -37.070107663
              ],
              [
                149.581656707,
                -37.070056661
              ],
              [
                149.581706705,
                -37.07002166
              ],
              [
                149.5818487,
                -37.069884657
              ],
              [
                149.581913698,
                -37.069850656
              ],
              [
                149.582069692,
                -37.069718653
              ],
              [
                149.58212669,
                -37.069683652
              ],
              [
                149.582205687,
                -37.069592651
              ],
              [
                149.582255685,
                -37.06951265
              ],
              [
                149.582276683,
                -37.069460649
              ],
              [
                149.582319682,
                -37.069408648
              ],
              [
                149.58235468,
                -37.069357647
              ],
              [
                149.582364616,
                -37.069347524
              ],
              [
                149.582568672,
                -37.069139643
              ],
              [
                149.58261867,
                -37.069105642
              ],
              [
                149.582682668,
                -37.069042641
              ],
              [
                149.582732665,
                -37.06897964
              ],
              [
                149.582782664,
                -37.068933639
              ],
              [
                149.58286866,
                -37.068830637
              ],
              [
                149.582910658,
                -37.068790636
              ],
              [
                149.582953656,
                -37.068721635
              ],
              [
                149.583003654,
                -37.068675634
              ],
              [
                149.583031653,
                -37.068606634
              ],
              [
                149.58309665,
                -37.068503632
              ],
              [
                149.583117648,
                -37.068452631
              ],
              [
                149.583138646,
                -37.06834363
              ],
              [
                149.583145641,
                -37.068057628
              ],
              [
                149.583139098,
                -37.067965175
              ],
              [
                149.583130638,
                -37.067845627
              ],
              [
                149.583116637,
                -37.067748627
              ],
              [
                149.583108636,
                -37.067685626
              ],
              [
                149.583108634,
                -37.067605626
              ],
              [
                149.583129633,
                -37.067530625
              ],
              [
                149.583158631,
                -37.067485624
              ],
              [
                149.583279626,
                -37.067336622
              ],
              [
                149.583386622,
                -37.06725062
              ],
              [
                149.583643614,
                -37.067078615
              ],
              [
                149.583707612,
                -37.067055614
              ],
              [
                149.58376461,
                -37.067020614
              ],
              [
                149.583835608,
                -37.066997612
              ],
              [
                149.583892607,
                -37.066969612
              ],
              [
                149.583957605,
                -37.066951611
              ],
              [
                149.584028603,
                -37.06692361
              ],
              [
                149.584092601,
                -37.066911609
              ],
              [
                149.584157599,
                -37.066883608
              ],
              [
                149.584214598,
                -37.066871607
              ],
              [
                149.584563589,
                -37.066773602
              ],
              [
                149.584692585,
                -37.0667276
              ],
              [
                149.584763583,
                -37.066710599
              ],
              [
                149.584835581,
                -37.066687598
              ],
              [
                149.585056575,
                -37.066624595
              ],
              [
                149.585113574,
                -37.066613594
              ],
              [
                149.585334568,
                -37.066538591
              ],
              [
                149.585384567,
                -37.06652659
              ],
              [
                149.585691558,
                -37.066417585
              ],
              [
                149.585969551,
                -37.066337581
              ],
              [
                149.586291542,
                -37.066234576
              ],
              [
                149.586562534,
                -37.066096572
              ],
              [
                149.586640531,
                -37.066050571
              ],
              [
                149.586754528,
                -37.065998569
              ],
              [
                149.586876525,
                -37.065953567
              ],
              [
                149.586925523,
                -37.065924566
              ],
              [
                149.58702552,
                -37.065884565
              ],
              [
                149.587075519,
                -37.065872564
              ],
              [
                149.587254515,
                -37.065872562
              ],
              [
                149.587326515,
                -37.065986562
              ],
              [
                149.587376515,
                -37.066021561
              ],
              [
                149.587447514,
                -37.066038561
              ],
              [
                149.587583511,
                -37.066078559
              ],
              [
                149.587690509,
                -37.066100558
              ],
              [
                149.587797507,
                -37.066112557
              ],
              [
                149.587904505,
                -37.066112555
              ],
              [
                149.588018502,
                -37.066100554
              ],
              [
                149.588247497,
                -37.066094551
              ],
              [
                149.588418493,
                -37.066100549
              ],
              [
                149.588511491,
                -37.066100548
              ],
              [
                149.588932482,
                -37.066099543
              ],
              [
                149.589211476,
                -37.066082539
              ],
              [
                149.589425471,
                -37.066081536
              ],
              [
                149.589625467,
                -37.066081534
              ],
              [
                149.589789463,
                -37.066064532
              ],
              [
                149.589854461,
                -37.066064531
              ],
              [
                149.590275453,
                -37.066132526
              ],
              [
                149.590339452,
                -37.066149525
              ],
              [
                149.590397451,
                -37.066172525
              ],
              [
                149.590704446,
                -37.066292522
              ],
              [
                149.590904443,
                -37.06634952
              ],
              [
                149.590968442,
                -37.066377519
              ],
              [
                149.591054441,
                -37.066429518
              ],
              [
                149.591233438,
                -37.066457516
              ],
              [
                149.591297436,
                -37.066457515
              ],
              [
                149.591375435,
                -37.066468515
              ],
              [
                149.591497432,
                -37.066474513
              ],
              [
                149.591747426,
                -37.06642251
              ],
              [
                149.591811424,
                -37.066399509
              ],
              [
                149.591868422,
                -37.066365508
              ],
              [
                149.591882422,
                -37.066359507
              ],
              [
                149.591989419,
                -37.066313506
              ],
              [
                149.592096415,
                -37.066233504
              ],
              [
                149.592146413,
                -37.066147503
              ],
              [
                149.592189411,
                -37.066107502
              ],
              [
                149.59219641,
                -37.066061501
              ],
              [
                149.592217409,
                -37.066010501
              ],
              [
                149.592260405,
                -37.065849499
              ],
              [
                149.592281402,
                -37.065695498
              ],
              [
                149.5922884,
                -37.065546497
              ],
              [
                149.592252398,
                -37.065414496
              ],
              [
                149.592237398,
                -37.065357496
              ],
              [
                149.592194397,
                -37.065243496
              ],
              [
                149.592123397,
                -37.065140496
              ],
              [
                149.591908398,
                -37.064940497
              ],
              [
                149.5917864,
                -37.064860498
              ],
              [
                149.5917294,
                -37.064831499
              ],
              [
                149.591572402,
                -37.0647345
              ],
              [
                149.591500403,
                -37.064683501
              ],
              [
                149.591393404,
                -37.064620502
              ],
              [
                149.591343405,
                -37.064580502
              ],
              [
                149.591293405,
                -37.064528502
              ],
              [
                149.591214405,
                -37.064431503
              ],
              [
                149.591157406,
                -37.064380503
              ],
              [
                149.591128405,
                -37.064334503
              ],
              [
                149.591078404,
                -37.064157502
              ],
              [
                149.591078401,
                -37.064014501
              ],
              [
                149.5910784,
                -37.063956501
              ],
              [
                149.591106395,
                -37.063676499
              ],
              [
                149.591134393,
                -37.063556498
              ],
              [
                149.591191389,
                -37.063412496
              ],
              [
                149.591284385,
                -37.063298494
              ],
              [
                149.591333383,
                -37.063252493
              ],
              [
                149.591405381,
                -37.063206492
              ],
              [
                149.591469379,
                -37.063155491
              ],
              [
                149.591554376,
                -37.063074489
              ],
              [
                149.591612374,
                -37.063040488
              ],
              [
                149.591661372,
                -37.062988487
              ],
              [
                149.59171137,
                -37.062965486
              ],
              [
                149.591761369,
                -37.062914485
              ],
              [
                149.591918363,
                -37.062799483
              ],
              [
                149.592096358,
                -37.06271348
              ],
              [
                149.592196355,
                -37.062656478
              ],
              [
                149.592261353,
                -37.062639477
              ],
              [
                149.592474347,
                -37.062507474
              ],
              [
                149.592524345,
                -37.062467473
              ],
              [
                149.592574343,
                -37.062449472
              ],
              [
                149.59268134,
                -37.06237547
              ],
              [
                149.592731339,
                -37.062358469
              ],
              [
                149.592860334,
                -37.062272467
              ],
              [
                149.592938332,
                -37.062243466
              ],
              [
                149.593152326,
                -37.062140463
              ],
              [
                149.593409319,
                -37.062048459
              ],
              [
                149.593537315,
                -37.061979457
              ],
              [
                149.593602313,
                -37.061950456
              ],
              [
                149.593723309,
                -37.061870454
              ],
              [
                149.593787306,
                -37.061778452
              ],
              [
                149.593943298,
                -37.061481448
              ],
              [
                149.593986295,
                -37.061355447
              ],
              [
                149.594014292,
                -37.061212445
              ],
              [
                149.59402129,
                -37.061114445
              ],
              [
                149.594085285,
                -37.060874442
              ],
              [
                149.594149281,
                -37.06070244
              ],
              [
                149.594213278,
                -37.060593439
              ],
              [
                149.594227277,
                -37.060553438
              ],
              [
                149.594348271,
                -37.060347435
              ],
              [
                149.594405269,
                -37.060290434
              ],
              [
                149.594462267,
                -37.060255433
              ],
              [
                149.594562264,
                -37.060227432
              ],
              [
                149.594626263,
                -37.060221431
              ],
              [
                149.594669263,
                -37.060261431
              ],
              [
                149.594784263,
                -37.06040443
              ],
              [
                149.594834263,
                -37.06050143
              ],
              [
                149.594863265,
                -37.060655431
              ],
              [
                149.594899266,
                -37.060753431
              ],
              [
                149.594956267,
                -37.060936432
              ],
              [
                149.594978269,
                -37.061039432
              ],
              [
                149.59505027,
                -37.061233433
              ],
              [
                149.59507827,
                -37.061285433
              ],
              [
                149.595093271,
                -37.061336433
              ],
              [
                149.595179272,
                -37.061496433
              ],
              [
                149.595207272,
                -37.061548433
              ],
              [
                149.595308273,
                -37.061765433
              ],
              [
                149.595394273,
                -37.061880433
              ],
              [
                149.595480273,
                -37.061977432
              ],
              [
                149.595530272,
                -37.062017432
              ],
              [
                149.595551272,
                -37.062057432
              ],
              [
                149.595601272,
                -37.062103432
              ],
              [
                149.595637272,
                -37.062148432
              ],
              [
                149.595730271,
                -37.062228431
              ],
              [
                149.595780271,
                -37.062251431
              ],
              [
                149.595880269,
                -37.06230843
              ],
              [
                149.595987268,
                -37.062348429
              ],
              [
                149.596052267,
                -37.062365428
              ],
              [
                149.596166265,
                -37.062411427
              ],
              [
                149.596216264,
                -37.062440426
              ],
              [
                149.596259264,
                -37.062485426
              ],
              [
                149.596309264,
                -37.062583426
              ],
              [
                149.596345264,
                -37.062628426
              ],
              [
                149.596467263,
                -37.062737425
              ],
              [
                149.596524263,
                -37.062777425
              ],
              [
                149.596574262,
                -37.062806424
              ],
              [
                149.596681261,
                -37.062868423
              ],
              [
                149.596817259,
                -37.062925422
              ],
              [
                149.596996256,
                -37.06298842
              ],
              [
                149.597103254,
                -37.063017419
              ],
              [
                149.59736025,
                -37.063108417
              ],
              [
                149.597367199,
                -37.063110461
              ],
              [
                149.597496248,
                -37.063148415
              ],
              [
                149.597546247,
                -37.063165415
              ],
              [
                149.597824242,
                -37.063228412
              ],
              [
                149.597874241,
                -37.063245411
              ],
              [
                149.597989239,
                -37.06326241
              ],
              [
                149.598127236,
                -37.063298408
              ],
              [
                149.598147236,
                -37.063303408
              ],
              [
                149.598253234,
                -37.063330407
              ],
              [
                149.598424231,
                -37.063364405
              ],
              [
                149.59847423,
                -37.063376405
              ],
              [
                149.598696226,
                -37.063421402
              ],
              [
                149.598832223,
                -37.0634324
              ],
              [
                149.599060218,
                -37.063432398
              ],
              [
                149.599353212,
                -37.063449394
              ],
              [
                149.599474209,
                -37.063449393
              ],
              [
                149.599539208,
                -37.063449392
              ],
              [
                149.599753203,
                -37.063409389
              ],
              [
                149.599803201,
                -37.063391388
              ],
              [
                149.5998602,
                -37.063380387
              ],
              [
                149.600024195,
                -37.063288385
              ],
              [
                149.600131191,
                -37.063202383
              ],
              [
                149.60018119,
                -37.063179382
              ]
            ]
          ]
        ]
      },
      "properties": {
        "leadAgency": "NSW National Parks and Wildlife Service",
        "lga": "Bega Valley",
        "supportingAgencies": "Forestry Corporation NSW, Department of Planning, Housing & Infrastructure - Crown Lands",
        "size": "197.08 ha",
        "location": "PERICOE 564",
        "guarReference": "BA20250822000910",
        "tenure": "National Park, Forestry, Crown Land",
        "startDate": "17/03/2026",
        "endDate": "22/03/2026"
      }
    },
    {
      "type": "Feature",
      "geometry": {
        "type": "MultiPolygon",
        "coordinates": [
          [
            [
              [
                149.35608672417,
                -37.109958750537
              ],
              [
                149.35632963553,
                -37.109978162244
              ],
              [
                149.35644148695,
                -37.110053854089
              ],
              [
                149.35648384176,
                -37.110082520897
              ],
              [
                149.35645531053,
                -37.110244231092
              ],
              [
                149.35661492203,
                -37.110523046719
              ],
              [
                149.35724645346,
                -37.110873045311
              ],
              [
                149.35761818858,
                -37.110959646319
              ],
              [
                149.35813830558,
                -37.110962729928
              ],
              [
                149.35858970471,
                -37.110913454931
              ],
              [
                149.35862387652,
                -37.110914485789
              ],
              [
                149.35885836415,
                -37.110921540441
              ],
              [
                149.35914751525,
                -37.111050057019
              ],
              [
                149.35938221913,
                -37.111045386786
              ],
              [
                149.35959808073,
                -37.110973952831
              ],
              [
                149.35986214164,
                -37.110834410558
              ],
              [
                149.35998751186,
                -37.110765567193
              ],
              [
                149.36036320122,
                -37.110717600937
              ],
              [
                149.36095459979,
                -37.110841608633
              ],
              [
                149.36125506455,
                -37.110927456668
              ],
              [
                149.36132183611,
                -37.1110514554
              ],
              [
                149.36144106601,
                -37.111223151469
              ],
              [
                149.36158414905,
                -37.111294692992
              ],
              [
                149.36170337895,
                -37.111261302167
              ],
              [
                149.36176708595,
                -37.111143372049
              ],
              [
                149.36191971564,
                -37.111068262862
              ],
              [
                149.36205153992,
                -37.111060993075
              ],
              [
                149.36215058294,
                -37.111079898108
              ],
              [
                149.36219907807,
                -37.111089157899
              ],
              [
                149.36230908403,
                -37.111161147621
              ],
              [
                149.36231431899,
                -37.111273197368
              ],
              [
                149.36231984977,
                -37.111305646975
              ],
              [
                149.36231385286,
                -37.111495002084
              ],
              [
                149.36245380748,
                -37.111642163741
              ],
              [
                149.36275849315,
                -37.111730082454
              ],
              [
                149.36312898452,
                -37.111776408302
              ],
              [
                149.36326059255,
                -37.111816477292
              ],
              [
                149.36342730465,
                -37.111867231345
              ],
              [
                149.36353839525,
                -37.111950945953
              ],
              [
                149.36365237225,
                -37.112096243101
              ],
              [
                149.36369164345,
                -37.112247635756
              ],
              [
                149.36373989475,
                -37.112345372624
              ],
              [
                149.36366228549,
                -37.112334419158
              ],
              [
                149.360938088,
                -37.111978486989
              ],
              [
                149.360776303,
                -37.111957138989
              ],
              [
                149.35889715,
                -37.111713353989
              ],
              [
                149.358877496,
                -37.111813606989
              ],
              [
                149.358869713,
                -37.111813505989
              ],
              [
                149.3570190331,
                -37.111577209125
              ],
              [
                149.35610292681,
                -37.11146061174
              ],
              [
                149.35281058,
                -37.111041678989
              ],
              [
                149.35304951871,
                -37.109805504011
              ],
              [
                149.35307257562,
                -37.109686215315
              ],
              [
                149.35307645811,
                -37.109666128303
              ],
              [
                149.35313219179,
                -37.109668734625
              ],
              [
                149.35348766737,
                -37.109769131199
              ],
              [
                149.35374169759,
                -37.109844679621
              ],
              [
                149.35389221178,
                -37.10982825761
              ],
              [
                149.35402137376,
                -37.109664503627
              ],
              [
                149.35417991967,
                -37.109365841748
              ],
              [
                149.35443892987,
                -37.109047635001
              ],
              [
                149.35453553868,
                -37.108928946337
              ],
              [
                149.35470416907,
                -37.10894965313
              ],
              [
                149.35477372058,
                -37.109028831964
              ],
              [
                149.35476360922,
                -37.109243886803
              ],
              [
                149.35468519344,
                -37.109420011078
              ],
              [
                149.35491060952,
                -37.109657242803
              ],
              [
                149.35543737779,
                -37.109875049584
              ],
              [
                149.35592604019,
                -37.109945909844
              ],
              [
                149.35599768451,
                -37.109951635137
              ],
              [
                149.35608672417,
                -37.109958750537
              ]
            ]
          ]
        ]
      },
      "properties": {
        "leadAgency": "NSW National Parks and Wildlife Service",
        "lga": "Snowy Monaro",
        "supportingAgencies": "Forestry Corporation NSW, Department of Planning, Housing & Infrastructure - Crown Lands, Private",
        "size": "11.49 ha",
        "location": "KELLYS MOUNTAIN",
        "guarReference": "BA20230801000768",
        "tenure": "Private, National Park, Forestry, Crown Land",
        "startDate": "17/03/2026",
        "endDate": "23/03/2026"
      }
    },
    {
      "type": "Feature",
      "geometry": {
        "type": "MultiPolygon",
        "coordinates": [
          [
            [
              [
                149.34556009395,
                -37.109685326952
              ],
              [
                149.34601101799,
                -37.109702026846
              ],
              [
                149.34666382879,
                -37.109684430554
              ],
              [
                149.34712974956,
                -37.109590873497
              ],
              [
                149.34734231242,
                -37.109596816616
              ],
              [
                149.34753759272,
                -37.109615990568
              ],
              [
                149.34774197146,
                -37.109656651181
              ],
              [
                149.34781439145,
                -37.109692067865
              ],
              [
                149.34787776679,
                -37.109723074271
              ],
              [
                149.34808928982,
                -37.109906020135
              ],
              [
                149.34831253773,
                -37.110086733967
              ],
              [
                149.34856905994,
                -37.110242832711
              ],
              [
                149.34882724049,
                -37.110452643622
              ],
              [
                149.34898477807,
                -37.110582645784
              ],
              [
                149.348774426,
                -37.110949059989
              ],
              [
                149.348506874,
                -37.111531146989
              ],
              [
                149.348311541,
                -37.112219949989
              ],
              [
                149.348249777,
                -37.112383394989
              ],
              [
                149.348177915,
                -37.112470434989
              ],
              [
                149.3479636191,
                -37.1135362786
              ],
              [
                149.347962143,
                -37.113543991989
              ],
              [
                149.347726282,
                -37.114717711989
              ],
              [
                149.34772608414,
                -37.114717704402
              ],
              [
                149.347613785,
                -37.114711923989
              ],
              [
                149.347552287,
                -37.114715650989
              ],
              [
                149.34711331859,
                -37.114815036101
              ],
              [
                149.34711320684,
                -37.114813924049
              ],
              [
                149.34711291081,
                -37.114810978218
              ],
              [
                149.34710724997,
                -37.114754645769
              ],
              [
                149.34710908759,
                -37.114728264776
              ],
              [
                149.34707378856,
                -37.114256140924
              ],
              [
                149.34705025699,
                -37.114089617072
              ],
              [
                149.34704585568,
                -37.113947278037
              ],
              [
                149.34706755747,
                -37.113657087119
              ],
              [
                149.34710408569,
                -37.113450090897
              ],
              [
                149.34711884152,
                -37.11333193668
              ],
              [
                149.34712223775,
                -37.113243471163
              ],
              [
                149.34712487316,
                -37.113200641268
              ],
              [
                149.34709252216,
                -37.113125155594
              ],
              [
                149.34704934267,
                -37.113056581149
              ],
              [
                149.34701449968,
                -37.112962262153
              ],
              [
                149.34699682271,
                -37.112892997481
              ],
              [
                149.34699042355,
                -37.112835699722
              ],
              [
                149.34697737984,
                -37.112787787251
              ],
              [
                149.34695947877,
                -37.112732560171
              ],
              [
                149.34692331807,
                -37.112685113826
              ],
              [
                149.34687096955,
                -37.11263798122
              ],
              [
                149.34677164754,
                -37.112567694655
              ],
              [
                149.34654864165,
                -37.112424835709
              ],
              [
                149.34643544451,
                -37.112354827026
              ],
              [
                149.34639037362,
                -37.112318675296
              ],
              [
                149.34635214224,
                -37.112278669054
              ],
              [
                149.34632099354,
                -37.11224408602
              ],
              [
                149.34630603153,
                -37.112209180283
              ],
              [
                149.34629710453,
                -37.112144514133
              ],
              [
                149.34627382395,
                -37.112027345953
              ],
              [
                149.34622803594,
                -37.111893011752
              ],
              [
                149.34614962801,
                -37.111675966909
              ],
              [
                149.34604531418,
                -37.111406626208
              ],
              [
                149.34593850948,
                -37.111205886844
              ],
              [
                149.3458449345,
                -37.111022483818
              ],
              [
                149.34575816205,
                -37.110871360083
              ],
              [
                149.34560426845,
                -37.110681745018
              ],
              [
                149.34551109684,
                -37.110569910406
              ],
              [
                149.34544332019,
                -37.110488553326
              ],
              [
                149.34537236245,
                -37.110400105737
              ],
              [
                149.34531793204,
                -37.110360431162
              ],
              [
                149.34526176374,
                -37.110339312026
              ],
              [
                149.34516827055,
                -37.110307821565
              ],
              [
                149.34509581359,
                -37.110283314044
              ],
              [
                149.34506529123,
                -37.110269097172
              ],
              [
                149.34499735323,
                -37.110240797888
              ],
              [
                149.34495233612,
                -37.110206492737
              ],
              [
                149.34493039342,
                -37.11016987488
              ],
              [
                149.34490380514,
                -37.110095375244
              ],
              [
                149.34488851259,
                -37.110049363136
              ],
              [
                149.34484534206,
                -37.110000195706
              ],
              [
                149.34476637948,
                -37.109914679339
              ],
              [
                149.34467674753,
                -37.109821059534
              ],
              [
                149.3446046592,
                -37.109733562127
              ],
              [
                149.34454338256,
                -37.109621763371
              ],
              [
                149.34449907249,
                -37.109497585359
              ],
              [
                149.34446722347,
                -37.109364837783
              ],
              [
                149.34445776647,
                -37.109283507594
              ],
              [
                149.34446401548,
                -37.10920191745
              ],
              [
                149.3446538356,
                -37.1093837966
              ],
              [
                149.34500014999,
                -37.109542907241
              ],
              [
                149.34548394495,
                -37.109677295226
              ],
              [
                149.34550558399,
                -37.109683310057
              ],
              [
                149.34556009395,
                -37.109685326952
              ]
            ]
          ]
        ]
      },
      "properties": {
        "leadAgency": "NSW National Parks and Wildlife Service",
        "lga": "Snowy Monaro",
        "supportingAgencies": "Forestry Corporation NSW, Department of Planning, Housing & Infrastructure - Crown Lands, Private",
        "size": "9.95 ha",
        "location": "KELLYS MOUNTAIN",
        "guarReference": "BA20230801000768",
        "tenure": "Private, National Park, Forestry, Crown Land",
        "startDate": "17/03/2026",
        "endDate": "23/03/2026"
      }
    },
    {
      "type": "Feature",
      "geometry": {
        "type": "MultiPolygon",
        "coordinates": [
          [
            [
              [
                149.34494332732,
                -37.115606967859
              ],
              [
                149.34512460589,
                -37.115542516845
              ],
              [
                149.34531080568,
                -37.115492291666
              ],
              [
                149.3454851999,
                -37.115457995479
              ],
              [
                149.34549296271,
                -37.115456471603
              ],
              [
                149.34564909731,
                -37.11544621681
              ],
              [
                149.34571849165,
                -37.115446701593
              ],
              [
                149.345608043,
                -37.115548962989
              ],
              [
                149.345587432,
                -37.115572231989
              ],
              [
                149.345583062,
                -37.115577161989
              ],
              [
                149.345399655,
                -37.115833131989
              ],
              [
                149.345380669,
                -37.115867505989
              ],
              [
                149.345307504,
                -37.116049197989
              ],
              [
                149.345298021,
                -37.116084580989
              ],
              [
                149.345270395,
                -37.116283392989
              ],
              [
                149.345273357,
                -37.116338567989
              ],
              [
                149.345324739,
                -37.116544834989
              ],
              [
                149.345331307,
                -37.116565022989
              ],
              [
                149.34542879,
                -37.116806427989
              ],
              [
                149.3454462,
                -37.116838507989
              ],
              [
                149.345962328,
                -37.117582279989
              ],
              [
                149.346311083,
                -37.118133265989
              ],
              [
                149.346506773,
                -37.118518967989
              ],
              [
                149.346574051,
                -37.118706387989
              ],
              [
                149.346609064,
                -37.118866250989
              ],
              [
                149.346646921,
                -37.119377886989
              ],
              [
                149.346653378,
                -37.119411352989
              ],
              [
                149.34678282725,
                -37.119821798648
              ],
              [
                149.34668418598,
                -37.119667767238
              ],
              [
                149.34660827004,
                -37.119556990375
              ],
              [
                149.34650531873,
                -37.119445388827
              ],
              [
                149.34639014952,
                -37.119306285788
              ],
              [
                149.34628771812,
                -37.119183855752
              ],
              [
                149.34615851132,
                -37.119055177822
              ],
              [
                149.34606335867,
                -37.11892212547
              ],
              [
                149.34599316175,
                -37.118833220719
              ],
              [
                149.34590451695,
                -37.118705788782
              ],
              [
                149.3457971464,
                -37.118545243904
              ],
              [
                149.34560217984,
                -37.118235619078
              ],
              [
                149.34549377843,
                -37.118096740139
              ],
              [
                149.34542463029,
                -37.117986178412
              ],
              [
                149.34534846336,
                -37.117880815794
              ],
              [
                149.34526714213,
                -37.117785941032
              ],
              [
                149.34520131066,
                -37.117702791155
              ],
              [
                149.34515140819,
                -37.117614504918
              ],
              [
                149.34510530644,
                -37.117533721532
              ],
              [
                149.34505158531,
                -37.117437932444
              ],
              [
                149.34502221035,
                -37.117344859442
              ],
              [
                149.34500506225,
                -37.117279270002
              ],
              [
                149.34498062644,
                -37.117224302878
              ],
              [
                149.34496555799,
                -37.117115408451
              ],
              [
                149.34494809616,
                -37.117044422695
              ],
              [
                149.34493592308,
                -37.116960268853
              ],
              [
                149.34490122351,
                -37.116849985009
              ],
              [
                149.3448487663,
                -37.116743627389
              ],
              [
                149.34477465212,
                -37.116659177736
              ],
              [
                149.34468756705,
                -37.116589303513
              ],
              [
                149.34448210367,
                -37.116450182547
              ],
              [
                149.34421313049,
                -37.116280099994
              ],
              [
                149.34412178754,
                -37.116217459703
              ],
              [
                149.34407590093,
                -37.116178995266
              ],
              [
                149.344043532,
                -37.116143838537
              ],
              [
                149.34403349234,
                -37.116108242574
              ],
              [
                149.34404970818,
                -37.116054225631
              ],
              [
                149.3440841209,
                -37.116010580014
              ],
              [
                149.34415808269,
                -37.115944685798
              ],
              [
                149.34427235551,
                -37.115881561452
              ],
              [
                149.34443522206,
                -37.115799594821
              ],
              [
                149.34456769175,
                -37.115746850764
              ],
              [
                149.344708982,
                -37.115690359764
              ],
              [
                149.34494332732,
                -37.115606967859
              ]
            ]
          ]
        ]
      },
      "properties": {
        "leadAgency": "NSW National Parks and Wildlife Service",
        "lga": "Snowy Monaro",
        "supportingAgencies": "Forestry Corporation NSW, Department of Planning, Housing & Infrastructure - Crown Lands, Private",
        "size": "2.9 ha",
        "location": "KELLYS MOUNTAIN",
        "guarReference": "BA20230801000768",
        "tenure": "Private, National Park, Forestry, Crown Land",
        "startDate": "17/03/2026",
        "endDate": "23/03/2026"
      }
    },
    {
      "type": "Feature",
      "geometry": {
        "type": "MultiPolygon",
        "coordinates": [
          [
            [
              [
                149.344544383,
                -37.134877616989
              ],
              [
                149.344499612,
                -37.135045019989
              ],
              [
                149.34440312492,
                -37.135041261758
              ],
              [
                149.34382558738,
                -37.135021830911
              ],
              [
                149.343820091,
                -37.135021645989
              ],
              [
                149.343171625,
                -37.134929040989
              ],
              [
                149.343141614,
                -37.134924755989
              ],
              [
                149.34291312704,
                -37.134892127702
              ],
              [
                149.34291301673,
                -37.13489211519
              ],
              [
                149.34289915425,
                -37.134890948074
              ],
              [
                149.342666408,
                -37.134884787989
              ],
              [
                149.34266289295,
                -37.134884101842
              ],
              [
                149.342656213,
                -37.134883924989
              ],
              [
                149.342494514,
                -37.134852355989
              ],
              [
                149.342198131,
                -37.134794501989
              ],
              [
                149.342186602,
                -37.134792251989
              ],
              [
                149.342172642,
                -37.134789532989
              ],
              [
                149.342158015,
                -37.134786672989
              ],
              [
                149.34217861146,
                -37.134626475532
              ],
              [
                149.34396025662,
                -37.134811541592
              ],
              [
                149.344544383,
                -37.134877616989
              ]
            ]
          ]
        ]
      },
      "properties": {
        "leadAgency": "NSW National Parks and Wildlife Service",
        "lga": "Snowy Monaro",
        "supportingAgencies": "Forestry Corporation NSW, Department of Planning, Housing & Infrastructure - Crown Lands, Private",
        "size": "0.46 ha",
        "location": "KELLYS MOUNTAIN",
        "guarReference": "BA20230801000768",
        "tenure": "Private, National Park, Forestry, Crown Land",
        "startDate": "17/03/2026",
        "endDate": "23/03/2026"
      }
    },
    {
      "type": "Feature",
      "geometry": {
        "type": "MultiPolygon",
        "coordinates": [
          [
            [
              [
                149.346835839,
                -37.123085652
              ],
              [
                149.346756929,
                -37.122920975
              ],
              [
                149.346698035,
                -37.122791696
              ],
              [
                149.346672878,
                -37.12271376
              ],
              [
                149.346702723,
                -37.122711621
              ],
              [
                149.346820412,
                -37.122390266
              ],
              [
                149.346974616,
                -37.121942332
              ],
              [
                149.347080027,
                -37.121641742
              ],
              [
                149.34710475,
                -37.121453822
              ],
              [
                149.347118791,
                -37.121237943
              ],
              [
                149.347062303,
                -37.120800346
              ],
              [
                149.346961049,
                -37.120355589
              ],
              [
                149.346663473,
                -37.119412083
              ],
              [
                149.346657017,
                -37.11937862
              ],
              [
                149.34661915,
                -37.118866977
              ],
              [
                149.34658414,
                -37.118707117
              ],
              [
                149.346516865,
                -37.1185197
              ],
              [
                149.346321169,
                -37.118133991
              ],
              [
                149.345972414,
                -37.117583001
              ],
              [
                149.345456279,
                -37.116839232
              ],
              [
                149.345438865,
                -37.116807148
              ],
              [
                149.345341385,
                -37.116565747
              ],
              [
                149.345334817,
                -37.116545555
              ],
              [
                149.345283436,
                -37.11633929
              ],
              [
                149.345280468,
                -37.116284112
              ],
              [
                149.345308092,
                -37.116085296
              ],
              [
                149.345317572,
                -37.116049917
              ],
              [
                149.345390739,
                -37.115868224
              ],
              [
                149.345409725,
                -37.115833849
              ],
              [
                149.345593133,
                -37.115577875
              ],
              [
                149.345597497,
                -37.115572948
              ],
              [
                149.345618111,
                -37.115549678
              ],
              [
                149.345836925,
                -37.115347076
              ],
              [
                149.345867694,
                -37.115323516
              ],
              [
                149.346124922,
                -37.1151586
              ],
              [
                149.346131964,
                -37.115154749
              ],
              [
                149.346150721,
                -37.115144402
              ],
              [
                149.346158004,
                -37.115140887
              ],
              [
                149.346472272,
                -37.114993803
              ],
              [
                149.346479919,
                -37.114990624
              ],
              [
                149.34651284,
                -37.11497856
              ],
              [
                149.346520855,
                -37.114976002
              ],
              [
                149.347293835,
                -37.114764501
              ],
              [
                149.347302054,
                -37.114762464
              ],
              [
                149.347318964,
                -37.1147587
              ],
              [
                149.347327294,
                -37.114757055
              ],
              [
                149.347553993,
                -37.114717797
              ],
              [
                149.347562386,
                -37.114716819
              ],
              [
                149.347615458,
                -37.114713604
              ],
              [
                149.347623806,
                -37.114713555
              ],
              [
                149.347717929,
                -37.114717769
              ],
              [
                149.347726084,
                -37.114717707
              ],
              [
                149.348177915,
                -37.112470435
              ],
              [
                149.348249777,
                -37.112383395
              ],
              [
                149.348311541,
                -37.11221995
              ],
              [
                149.348506874,
                -37.111531147
              ],
              [
                149.348774426,
                -37.11094906
              ],
              [
                149.349237577,
                -37.110142293
              ],
              [
                149.349317897,
                -37.109964962
              ],
              [
                149.349496915,
                -37.109727093
              ],
              [
                149.349701924,
                -37.109533771
              ],
              [
                149.350059889,
                -37.10928334
              ],
              [
                149.350978877,
                -37.108481043
              ],
              [
                149.351288611,
                -37.108146116
              ],
              [
                149.353249041,
                -37.108401405
              ],
              [
                149.35331952,
                -37.108410645
              ],
              [
                149.353284524,
                -37.108589647
              ],
              [
                149.353266388,
                -37.108683481
              ],
              [
                149.353062534,
                -37.109738168
              ],
              [
                149.35281058,
                -37.111041679
              ],
              [
                149.356954974,
                -37.11156903
              ],
              [
                149.358869713,
                -37.111813506
              ],
              [
                149.358877496,
                -37.111813607
              ],
              [
                149.35889715,
                -37.111713354
              ],
              [
                149.360776303,
                -37.111957139
              ],
              [
                149.360938088,
                -37.111978487
              ],
              [
                149.36375171,
                -37.112346103
              ],
              [
                149.363854923,
                -37.112359587
              ],
              [
                149.363978725,
                -37.112375761
              ],
              [
                149.364475415,
                -37.112440675
              ],
              [
                149.36471041,
                -37.112471673
              ],
              [
                149.364896444,
                -37.112495995
              ],
              [
                149.365406396,
                -37.112562664
              ],
              [
                149.365599333,
                -37.112588035
              ],
              [
                149.36560368,
                -37.112734814
              ],
              [
                149.365540466,
                -37.113034687
              ],
              [
                149.365541423,
                -37.113264455
              ],
              [
                149.365581972,
                -37.113438332
              ],
              [
                149.365595385,
                -37.113495849
              ],
              [
                149.365676328,
                -37.113674016
              ],
              [
                149.36598109,
                -37.113994192
              ],
              [
                149.366089709,
                -37.114159694
              ],
              [
                149.366188504,
                -37.114423997
              ],
              [
                149.366169192,
                -37.114702694
              ],
              [
                149.366019546,
                -37.114869278
              ],
              [
                149.365849178,
                -37.114976666
              ],
              [
                149.365429526,
                -37.115121449
              ],
              [
                149.36513465,
                -37.115252042
              ],
              [
                149.364910236,
                -37.115375789
              ],
              [
                149.364785301,
                -37.115507093
              ],
              [
                149.364795301,
                -37.115647045
              ],
              [
                149.365019559,
                -37.115978266
              ],
              [
                149.365100863,
                -37.116215005
              ],
              [
                149.365132505,
                -37.116398875
              ],
              [
                149.365145284,
                -37.116473134
              ],
              [
                149.365128357,
                -37.116580727
              ],
              [
                149.36503071,
                -37.116902065
              ],
              [
                149.36493266,
                -37.117070233
              ],
              [
                149.364719986,
                -37.117275423
              ],
              [
                149.36467364,
                -37.117314542
              ],
              [
                149.364557796,
                -37.117410088
              ],
              [
                149.364485553,
                -37.117439402
              ],
              [
                149.364306422,
                -37.117424893
              ],
              [
                149.364029764,
                -37.117281258
              ],
              [
                149.363600935,
                -37.116993304
              ],
              [
                149.363302435,
                -37.116858005
              ],
              [
                149.363058483,
                -37.116827989
              ],
              [
                149.362910358,
                -37.116841458
              ],
              [
                149.362764698,
                -37.116913563
              ],
              [
                149.362678205,
                -37.117005504
              ],
              [
                149.362723559,
                -37.117236635
              ],
              [
                149.362765046,
                -37.117309984
              ],
              [
                149.362821604,
                -37.11740632
              ],
              [
                149.362947485,
                -37.117545326
              ],
              [
                149.363083283,
                -37.117833292
              ],
              [
                149.36322671,
                -37.118310687
              ],
              [
                149.363253405,
                -37.118527731
              ],
              [
                149.363209522,
                -37.118823691
              ],
              [
                149.363102529,
                -37.119108703
              ],
              [
                149.363013854,
                -37.119268148
              ],
              [
                149.362924771,
                -37.11961227
              ],
              [
                149.362925359,
                -37.119882568
              ],
              [
                149.362961644,
                -37.120126935
              ],
              [
                149.363051042,
                -37.120440503
              ],
              [
                149.363159494,
                -37.120664563
              ],
              [
                149.363231276,
                -37.12110372
              ],
              [
                149.363249355,
                -37.121203378
              ],
              [
                149.363205495,
                -37.121377713
              ],
              [
                149.363076525,
                -37.12152691
              ],
              [
                149.362991479,
                -37.121573849
              ],
              [
                149.362893196,
                -37.121588848
              ],
              [
                149.362615495,
                -37.121521757
              ],
              [
                149.362521378,
                -37.121482828
              ],
              [
                149.362024489,
                -37.121264852
              ],
              [
                149.361765747,
                -37.121198341
              ],
              [
                149.361425837,
                -37.121196905
              ],
              [
                149.361165375,
                -37.121324041
              ],
              [
                149.360701642,
                -37.121859357
              ],
              [
                149.360612577,
                -37.12198275
              ],
              [
                149.360595395,
                -37.122058801
              ],
              [
                149.360470381,
                -37.122275687
              ],
              [
                149.360166921,
                -37.12257718
              ],
              [
                149.360077719,
                -37.122696064
              ],
              [
                149.360018403,
                -37.122909726
              ],
              [
                149.35997976,
                -37.12304892
              ],
              [
                149.359872702,
                -37.123279871
              ],
              [
                149.359824524,
                -37.123445063
              ],
              [
                149.359818746,
                -37.123462904
              ],
              [
                149.35981691,
                -37.123471856
              ],
              [
                149.359759944,
                -37.123623067
              ],
              [
                149.359597143,
                -37.12405521
              ],
              [
                149.359612159,
                -37.124064681
              ],
              [
                149.359571644,
                -37.124158033
              ],
              [
                149.359393039,
                -37.124319214
              ],
              [
                149.359135008,
                -37.124486961
              ],
              [
                149.358901372,
                -37.124596898
              ],
              [
                149.35859748,
                -37.124709178
              ],
              [
                149.358257564,
                -37.124883414
              ],
              [
                149.357847784,
                -37.125114061
              ],
              [
                149.357725101,
                -37.125245426
              ],
              [
                149.357686785,
                -37.125347855
              ],
              [
                149.357688074,
                -37.125478529
              ],
              [
                149.357890598,
                -37.126020814
              ],
              [
                149.357909344,
                -37.126084455
              ],
              [
                149.357922743,
                -37.126156942
              ],
              [
                149.358009494,
                -37.126254208
              ],
              [
                149.358068995,
                -37.126355141
              ],
              [
                149.358203037,
                -37.126485395
              ],
              [
                149.358421784,
                -37.126568702
              ],
              [
                149.358697543,
                -37.126658267
              ],
              [
                149.358901464,
                -37.126750127
              ],
              [
                149.359055666,
                -37.126844962
              ],
              [
                149.359152927,
                -37.126965074
              ],
              [
                149.359016123,
                -37.127163577
              ],
              [
                149.358751995,
                -37.127186987
              ],
              [
                149.35850091,
                -37.12716575
              ],
              [
                149.358059745,
                -37.127075602
              ],
              [
                149.357824191,
                -37.127104393
              ],
              [
                149.357730729,
                -37.127286209
              ],
              [
                149.357834141,
                -37.127582193
              ],
              [
                149.357896561,
                -37.127710243
              ],
              [
                149.357980724,
                -37.127861486
              ],
              [
                149.357975985,
                -37.128136124
              ],
              [
                149.357936384,
                -37.128224999
              ],
              [
                149.357826916,
                -37.128370285
              ],
              [
                149.357798515,
                -37.12858113
              ],
              [
                149.357904988,
                -37.128751078
              ],
              [
                149.358104893,
                -37.128919395
              ],
              [
                149.358180291,
                -37.129029826
              ],
              [
                149.358314433,
                -37.129169091
              ],
              [
                149.358427604,
                -37.129316721
              ],
              [
                149.358547581,
                -37.129469065
              ],
              [
                149.358639215,
                -37.129629547
              ],
              [
                149.358637806,
                -37.129787166
              ],
              [
                149.358499913,
                -37.129949597
              ],
              [
                149.35836624,
                -37.130013056
              ],
              [
                149.358069076,
                -37.130116531
              ],
              [
                149.35775699,
                -37.130219547
              ],
              [
                149.357601507,
                -37.130286838
              ],
              [
                149.357419423,
                -37.130402862
              ],
              [
                149.357311034,
                -37.130584218
              ],
              [
                149.357282926,
                -37.130781558
              ],
              [
                149.357302987,
                -37.130953352
              ],
              [
                149.35742556,
                -37.131168842
              ],
              [
                149.357575192,
                -37.131287552
              ],
              [
                149.357771725,
                -37.131418238
              ],
              [
                149.357961748,
                -37.131514177
              ],
              [
                149.358108139,
                -37.131599764
              ],
              [
                149.358226185,
                -37.131693488
              ],
              [
                149.358382601,
                -37.131855963
              ],
              [
                149.35845344,
                -37.132024814
              ],
              [
                149.358530394,
                -37.132374039
              ],
              [
                149.358494443,
                -37.132584652
              ],
              [
                149.358411716,
                -37.132861396
              ],
              [
                149.358318748,
                -37.133065751
              ],
              [
                149.357862811,
                -37.133150827
              ],
              [
                149.357557679,
                -37.133240542
              ],
              [
                149.357210872,
                -37.133356002
              ],
              [
                149.357033573,
                -37.133427126
              ],
              [
                149.356721065,
                -37.133516611
              ],
              [
                149.356489248,
                -37.133635608
              ],
              [
                149.356293313,
                -37.13378724
              ],
              [
                149.356224932,
                -37.134068929
              ],
              [
                149.35632752,
                -37.134319842
              ],
              [
                149.356353159,
                -37.134379548
              ],
              [
                149.356364333,
                -37.134401399
              ],
              [
                149.356365342,
                -37.134403372
              ],
              [
                149.356215761,
                -37.134422686
              ],
              [
                149.356209043,
                -37.134423665
              ],
              [
                149.355916533,
                -37.134471224
              ],
              [
                149.3556373,
                -37.134497212
              ],
              [
                149.355605225,
                -37.134500028
              ],
              [
                149.355600319,
                -37.134498776
              ],
              [
                149.355595052,
                -37.134499238
              ],
              [
                149.355502538,
                -37.134475618
              ],
              [
                149.355452892,
                -37.134461139
              ],
              [
                149.355314795,
                -37.134425884
              ],
              [
                149.355247038,
                -37.134408586
              ],
              [
                149.354688398,
                -37.134243101
              ],
              [
                149.354686762,
                -37.134242624
              ],
              [
                149.354099227,
                -37.134074074
              ],
              [
                149.353805351,
                -37.133952437
              ],
              [
                149.353781614,
                -37.133944387
              ],
              [
                149.353753014,
                -37.133938856
              ],
              [
                149.353741646,
                -37.133937797
              ],
              [
                149.353156907,
                -37.133899369
              ],
              [
                149.352440831,
                -37.133737378
              ],
              [
                149.352417314,
                -37.133733479
              ],
              [
                149.352384561,
                -37.133729971
              ],
              [
                149.35192041,
                -37.133680262
              ],
              [
                149.351902073,
                -37.133679107
              ],
              [
                149.351440298,
                -37.133670251
              ],
              [
                149.351408899,
                -37.133671999
              ],
              [
                149.35121648,
                -37.133697303
              ],
              [
                149.351005321,
                -37.133725071
              ],
              [
                149.350979056,
                -37.133730284
              ],
              [
                149.350398557,
                -37.133886
              ],
              [
                149.350381168,
                -37.133891541
              ],
              [
                149.349795613,
                -37.134108947
              ],
              [
                149.349364812,
                -37.134246219
              ],
              [
                149.349287232,
                -37.134270939
              ],
              [
                149.349282497,
                -37.134272515
              ],
              [
                149.348295722,
                -37.134615086
              ],
              [
                149.347940557,
                -37.13471984
              ],
              [
                149.34789464,
                -37.134733383
              ],
              [
                149.347742552,
                -37.13477824
              ],
              [
                149.347739109,
                -37.134779052
              ],
              [
                149.347715199,
                -37.134788562
              ],
              [
                149.347712857,
                -37.134789666
              ],
              [
                149.347482635,
                -37.134898131
              ],
              [
                149.347455588,
                -37.134910873
              ],
              [
                149.347043739,
                -37.135104907
              ],
              [
                149.346515013,
                -37.135164562
              ],
              [
                149.346205268,
                -37.13517502
              ],
              [
                149.345641332,
                -37.135188051
              ],
              [
                149.345482283,
                -37.135183517
              ],
              [
                149.345284787,
                -37.135177888
              ],
              [
                149.345281819,
                -37.135177245
              ],
              [
                149.345274588,
                -37.135177039
              ],
              [
                149.344710867,
                -37.135054944
              ],
              [
                149.344704539,
                -37.135054167
              ],
              [
                149.344679554,
                -37.135051074
              ],
              [
                149.344499612,
                -37.13504502
              ],
              [
                149.344544383,
                -37.134877617
              ],
              [
                149.344651738,
                -37.134889761
              ],
              [
                149.345342816,
                -37.13495648
              ],
              [
                149.345716892,
                -37.134983542
              ],
              [
                149.34602344,
                -37.134894965
              ],
              [
                149.346447225,
                -37.134569912
              ],
              [
                149.34650955,
                -37.134457727
              ],
              [
                149.346558316,
                -37.134384579
              ],
              [
                149.346559578,
                -37.134380984
              ],
              [
                149.346561869,
                -37.13437925
              ],
              [
                149.346603358,
                -37.134317016
              ],
              [
                149.346713458,
                -37.134263377
              ],
              [
                149.346867741,
                -37.134133641
              ],
              [
                149.346891433,
                -37.134071691
              ],
              [
                149.346934147,
                -37.133960017
              ],
              [
                149.346842877,
                -37.133832052
              ],
              [
                149.346765026,
                -37.133801588
              ],
              [
                149.346642335,
                -37.133753579
              ],
              [
                149.346630281,
                -37.133746708
              ],
              [
                149.346437506,
                -37.133682672
              ],
              [
                149.346049106,
                -37.133655896
              ],
              [
                149.345731019,
                -37.133581782
              ],
              [
                149.345583642,
                -37.133458339
              ],
              [
                149.345551757,
                -37.133355585
              ],
              [
                149.345605246,
                -37.133228162
              ],
              [
                149.345655371,
                -37.133164645
              ],
              [
                149.345665279,
                -37.133115102
              ],
              [
                149.345811854,
                -37.132939212
              ],
              [
                149.345884959,
                -37.132879646
              ],
              [
                149.34604872,
                -37.132703384
              ],
              [
                149.346103965,
                -37.132643917
              ],
              [
                149.346254872,
                -37.132428135
              ],
              [
                149.346323924,
                -37.132329398
              ],
              [
                149.346600561,
                -37.131990774
              ],
              [
                149.346807934,
                -37.131733947
              ],
              [
                149.347029658,
                -37.131476825
              ],
              [
                149.347164243,
                -37.131186974
              ],
              [
                149.34722333,
                -37.13111406
              ],
              [
                149.347343998,
                -37.130965152
              ],
              [
                149.347440853,
                -37.130848351
              ],
              [
                149.347522757,
                -37.130808031
              ],
              [
                149.347616377,
                -37.130761929
              ],
              [
                149.34767052,
                -37.130657544
              ],
              [
                149.34766662,
                -37.130531358
              ],
              [
                149.347325044,
                -37.130470165
              ],
              [
                149.347320467,
                -37.130469345
              ],
              [
                149.34694813,
                -37.130488205
              ],
              [
                149.346799122,
                -37.1303075
              ],
              [
                149.34677699,
                -37.130055406
              ],
              [
                149.34650003,
                -37.129911669
              ],
              [
                149.346307304,
                -37.129708877
              ],
              [
                149.346318805,
                -37.129616817
              ],
              [
                149.346371531,
                -37.129466554
              ],
              [
                149.346423956,
                -37.129396886
              ],
              [
                149.346436888,
                -37.129379702
              ],
              [
                149.346467975,
                -37.129338378
              ],
              [
                149.346520342,
                -37.12917664
              ],
              [
                149.346499277,
                -37.128958968
              ],
              [
                149.346445646,
                -37.128615675
              ],
              [
                149.346467222,
                -37.128385668
              ],
              [
                149.346489515,
                -37.128178618
              ],
              [
                149.346433253,
                -37.128059496
              ],
              [
                149.346382091,
                -37.127951175
              ],
              [
                149.346001964,
                -37.127717654
              ],
              [
                149.345824997,
                -37.127560453
              ],
              [
                149.345670727,
                -37.127413713
              ],
              [
                149.345588573,
                -37.127335565
              ],
              [
                149.345440981,
                -37.127200746
              ],
              [
                149.34543744,
                -37.127086025
              ],
              [
                149.345605192,
                -37.126944968
              ],
              [
                149.34578295,
                -37.126823414
              ],
              [
                149.345829928,
                -37.12679129
              ],
              [
                149.345884841,
                -37.126676936
              ],
              [
                149.345920804,
                -37.126446338
              ],
              [
                149.345962538,
                -37.126331634
              ],
              [
                149.346013474,
                -37.126191635
              ],
              [
                149.345978396,
                -37.125822717
              ],
              [
                149.345970931,
                -37.125744207
              ],
              [
                149.345983803,
                -37.125392541
              ],
              [
                149.34598651,
                -37.125318615
              ],
              [
                149.346188317,
                -37.124877847
              ],
              [
                149.346317757,
                -37.12463411
              ],
              [
                149.346391897,
                -37.124494503
              ],
              [
                149.346609471,
                -37.124099398
              ],
              [
                149.346612313,
                -37.124085521
              ],
              [
                149.346671529,
                -37.123943872
              ],
              [
                149.346732403,
                -37.123731381
              ],
              [
                149.346818009,
                -37.123455909
              ],
              [
                149.346868055,
                -37.123318393
              ],
              [
                149.34685538,
                -37.123226835
              ],
              [
                149.346844983,
                -37.123151716
              ],
              [
                149.346835839,
                -37.123085652
              ]
            ]
          ]
        ]
      },
      "properties": {
        "leadAgency": "NSW National Parks and Wildlife Service",
        "lga": "Snowy Monaro",
        "supportingAgencies": "Forestry Corporation NSW, Department of Planning, Housing & Infrastructure - Crown Lands, Private",
        "size": "331.61 ha",
        "location": "KELLYS MOUNTAIN",
        "guarReference": "BA20230801000768",
        "tenure": "Private, National Park, Forestry, Crown Land",
        "startDate": "17/03/2026",
        "endDate": "23/03/2026"
      }
    },
    {
      "type": "Feature",
      "geometry": {
        "type": "MultiPolygon",
        "coordinates": [
          [
            [
              [
                149.12752720712,
                -37.067903042791
              ],
              [
                149.12766754362,
                -37.067904775785
              ],
              [
                149.12801950769,
                -37.067894493836
              ],
              [
                149.12866309493,
                -37.067885380106
              ],
              [
                149.12881890067,
                -37.067885859445
              ],
              [
                149.12897430892,
                -37.06789102605
              ],
              [
                149.12919077034,
                -37.067905699388
              ],
              [
                149.12940654288,
                -37.067926801081
              ],
              [
                149.12951389495,
                -37.067939745923
              ],
              [
                149.12961615056,
                -37.067952837354
              ],
              [
                149.1297178531,
                -37.067969339913
              ],
              [
                149.13031020505,
                -37.068078770319
              ],
              [
                149.13032478666,
                -37.06808147548
              ],
              [
                149.13058857041,
                -37.068132708957
              ],
              [
                149.13067245287,
                -37.068148998378
              ],
              [
                149.13070845093,
                -37.068155988808
              ],
              [
                149.13074446608,
                -37.068163195075
              ],
              [
                149.13077790648,
                -37.068169885132
              ],
              [
                149.13130027409,
                -37.068263929037
              ],
              [
                149.13157209867,
                -37.06831286025
              ],
              [
                149.13164111265,
                -37.068325287082
              ],
              [
                149.13159636868,
                -37.068494878536
              ],
              [
                149.13157732014,
                -37.0685761098
              ],
              [
                149.13153400519,
                -37.068701301724
              ],
              [
                149.13153333609,
                -37.06870322987
              ],
              [
                149.13151918886,
                -37.06873875489
              ],
              [
                149.13144931963,
                -37.068914174849
              ],
              [
                149.13135295098,
                -37.069053394399
              ],
              [
                149.13127193375,
                -37.069154108575
              ],
              [
                149.13121804278,
                -37.069209797294
              ],
              [
                149.13112479477,
                -37.069306156054
              ],
              [
                149.13100267224,
                -37.069412861514
              ],
              [
                149.13089517537,
                -37.0695067984
              ],
              [
                149.13081098534,
                -37.069583513268
              ],
              [
                149.13065588016,
                -37.069719659834
              ],
              [
                149.13064160343,
                -37.069732467979
              ],
              [
                149.13051802399,
                -37.069843319314
              ],
              [
                149.13039286084,
                -37.069943583829
              ],
              [
                149.13031362338,
                -37.070007057979
              ],
              [
                149.13029065109,
                -37.070119522698
              ],
              [
                149.13028353026,
                -37.07016458143
              ],
              [
                149.13027918564,
                -37.070192042229
              ],
              [
                149.13009190452,
                -37.071034258224
              ],
              [
                149.12922927661,
                -37.074543961435
              ],
              [
                149.12917029277,
                -37.074818257357
              ],
              [
                149.12842259553,
                -37.078295573282
              ],
              [
                149.12841512846,
                -37.078430897868
              ],
              [
                149.12843388472,
                -37.078462085457
              ],
              [
                149.1284706562,
                -37.078495778557
              ],
              [
                149.12852434302,
                -37.078509051651
              ],
              [
                149.12951416205,
                -37.078654543073
              ],
              [
                149.12994164759,
                -37.078717369711
              ],
              [
                149.13001795327,
                -37.078731262438
              ],
              [
                149.13008762734,
                -37.078754291377
              ],
              [
                149.13011798756,
                -37.078773534171
              ],
              [
                149.13014780098,
                -37.078799077615
              ],
              [
                149.13018195993,
                -37.078836467829
              ],
              [
                149.13020201391,
                -37.078870946037
              ],
              [
                149.13021427077,
                -37.078909377666
              ],
              [
                149.12999865292,
                -37.079844431575
              ],
              [
                149.12967332406,
                -37.081255180082
              ],
              [
                149.12958628138,
                -37.08163263184
              ],
              [
                149.12957098391,
                -37.081698974828
              ],
              [
                149.12955052524,
                -37.081787688451
              ],
              [
                149.12924978925,
                -37.083091748585
              ],
              [
                149.12892106635,
                -37.084517116472
              ],
              [
                149.12891413528,
                -37.084547184405
              ],
              [
                149.12890486777,
                -37.084589162959
              ],
              [
                149.12888885714,
                -37.084621791263
              ],
              [
                149.12881013498,
                -37.084733489759
              ],
              [
                149.12873792392,
                -37.084812291954
              ],
              [
                149.12865398569,
                -37.084870431325
              ],
              [
                149.1285843278,
                -37.084907445622
              ],
              [
                149.12854384302,
                -37.084923083933
              ],
              [
                149.12846228531,
                -37.08493348819
              ],
              [
                149.1283991493,
                -37.084937597192
              ],
              [
                149.12833212373,
                -37.084935820132
              ],
              [
                149.12819023499,
                -37.084917506338
              ],
              [
                149.12782051111,
                -37.084867511227
              ],
              [
                149.1277086957,
                -37.08486056936
              ],
              [
                149.12763432267,
                -37.08486190935
              ],
              [
                149.12758226271,
                -37.084862840148
              ],
              [
                149.12756739782,
                -37.084899482125
              ],
              [
                149.12755984711,
                -37.084898552226
              ],
              [
                149.12751224509,
                -37.085090740046
              ],
              [
                149.12750563238,
                -37.085117445414
              ],
              [
                149.12726181178,
                -37.086101891889
              ],
              [
                149.12725933955,
                -37.086111158503
              ],
              [
                149.12719455329,
                -37.086096346669
              ],
              [
                149.12697583277,
                -37.086046351558
              ],
              [
                149.12684789791,
                -37.086015702663
              ],
              [
                149.12669712477,
                -37.085980286461
              ],
              [
                149.12664997242,
                -37.085969219404
              ],
              [
                149.12601191332,
                -37.085819348284
              ],
              [
                149.12555686536,
                -37.085638246408
              ],
              [
                149.12454960308,
                -37.085421975644
              ],
              [
                149.12430740396,
                -37.085394950117
              ],
              [
                149.12347778477,
                -37.085302373006
              ],
              [
                149.12329700036,
                -37.085282194018
              ],
              [
                149.12323939788,
                -37.085286525153
              ],
              [
                149.12316578747,
                -37.0852767792
              ],
              [
                149.12298186982,
                -37.08528321295
              ],
              [
                149.12266833737,
                -37.085329505552
              ],
              [
                149.12249813888,
                -37.085354634409
              ],
              [
                149.12220173402,
                -37.085400737254
              ],
              [
                149.12206904895,
                -37.085418801037
              ],
              [
                149.12200276352,
                -37.085429403144
              ],
              [
                149.1219127135,
                -37.085431021924
              ],
              [
                149.12183779458,
                -37.085413528312
              ],
              [
                149.12174679038,
                -37.085380635608
              ],
              [
                149.12158356163,
                -37.085286272443
              ],
              [
                149.12129585862,
                -37.085115483093
              ],
              [
                149.12125531178,
                -37.085084414214
              ],
              [
                149.12115207051,
                -37.085030118545
              ],
              [
                149.12074713547,
                -37.084789714474
              ],
              [
                149.12052821261,
                -37.084664968613
              ],
              [
                149.12038143516,
                -37.08459855368
              ],
              [
                149.12017993576,
                -37.084536251347
              ],
              [
                149.11982878467,
                -37.08444524715
              ],
              [
                149.11958886623,
                -37.084382128233
              ],
              [
                149.11944571035,
                -37.084332682607
              ],
              [
                149.11921423835,
                -37.084217554097
              ],
              [
                149.11918334663,
                -37.084202187381
              ],
              [
                149.11911343064,
                -37.084120858091
              ],
              [
                149.11907193232,
                -37.084072586081
              ],
              [
                149.11903921948,
                -37.084034522275
              ],
              [
                149.11901937864,
                -37.08401143398
              ],
              [
                149.11898456049,
                -37.083970938408
              ],
              [
                149.11897341249,
                -37.083957969285
              ],
              [
                149.11901444136,
                -37.083922036872
              ],
              [
                149.11910441584,
                -37.083841628488
              ],
              [
                149.11920261461,
                -37.083752814141
              ],
              [
                149.11939262517,
                -37.083567431492
              ],
              [
                149.11981691632,
                -37.083185522694
              ],
              [
                149.12002262454,
                -37.083011927458
              ],
              [
                149.12016293587,
                -37.082890599921
              ],
              [
                149.12023065032,
                -37.082838905091
              ],
              [
                149.12027553099,
                -37.08279499839
              ],
              [
                149.12030734181,
                -37.082762401564
              ],
              [
                149.12031588267,
                -37.082753649361
              ],
              [
                149.12036188299,
                -37.082694953309
              ],
              [
                149.1204133458,
                -37.082611533995
              ],
              [
                149.12044463951,
                -37.082548792793
              ],
              [
                149.12047664908,
                -37.082484195389
              ],
              [
                149.12050524752,
                -37.082407340227
              ],
              [
                149.12052482576,
                -37.082338039369
              ],
              [
                149.12054250014,
                -37.0822552226
              ],
              [
                149.12074778478,
                -37.081211709553
              ],
              [
                149.12084903765,
                -37.080847282676
              ],
              [
                149.12086507346,
                -37.080788506584
              ],
              [
                149.12088653399,
                -37.080731479674
              ],
              [
                149.12091155403,
                -37.080691630714
              ],
              [
                149.12094291428,
                -37.080659059068
              ],
              [
                149.120982819,
                -37.08062940932
              ],
              [
                149.12102276149,
                -37.080598615634
              ],
              [
                149.12095455421,
                -37.080526160854
              ],
              [
                149.12095215212,
                -37.080517369981
              ],
              [
                149.12092107335,
                -37.080462619254
              ],
              [
                149.12091214848,
                -37.080410568293
              ],
              [
                149.12118522042,
                -37.079126345404
              ],
              [
                149.12125182871,
                -37.078813110637
              ],
              [
                149.12127461393,
                -37.078706853039
              ],
              [
                149.12140526294,
                -37.07809747242
              ],
              [
                149.12191790978,
                -37.075904517879
              ],
              [
                149.12207830927,
                -37.075019239646
              ],
              [
                149.12219375614,
                -37.074512938421
              ],
              [
                149.12222733682,
                -37.074364695075
              ],
              [
                149.1222447441,
                -37.074287885777
              ],
              [
                149.12230087349,
                -37.074040156728
              ],
              [
                149.12234471813,
                -37.073787254778
              ],
              [
                149.12237130929,
                -37.07357916065
              ],
              [
                149.12257341213,
                -37.072613414677
              ],
              [
                149.12272671776,
                -37.071847087073
              ],
              [
                149.12285531362,
                -37.071273628975
              ],
              [
                149.12294609659,
                -37.070878995669
              ],
              [
                149.12303184245,
                -37.07046962967
              ],
              [
                149.12313956594,
                -37.069935654507
              ],
              [
                149.12323518276,
                -37.069548359669
              ],
              [
                149.12324604657,
                -37.069462087705
              ],
              [
                149.12342138289,
                -37.068563558861
              ],
              [
                149.12343684044,
                -37.068484368159
              ],
              [
                149.12360617289,
                -37.067671229044
              ],
              [
                149.12362577901,
                -37.067544814042
              ],
              [
                149.12366121589,
                -37.067488565945
              ],
              [
                149.12371495668,
                -37.067424574684
              ],
              [
                149.12367010839,
                -37.067362235479
              ],
              [
                149.12352161503,
                -37.067155848264
              ],
              [
                149.12374046595,
                -37.067136846488
              ],
              [
                149.12381744252,
                -37.067129830877
              ],
              [
                149.12389543443,
                -37.067126085201
              ],
              [
                149.12397377797,
                -37.067125600466
              ],
              [
                149.12405183462,
                -37.067128397358
              ],
              [
                149.12415771631,
                -37.06713790499
              ],
              [
                149.1242723322,
                -37.067154795158
              ],
              [
                149.12483371061,
                -37.067289283374
              ],
              [
                149.12593809247,
                -37.067577121287
              ],
              [
                149.12640597286,
                -37.067694612316
              ],
              [
                149.12664314477,
                -37.067751221042
              ],
              [
                149.12698422704,
                -37.067828113976
              ],
              [
                149.12709562966,
                -37.067851966695
              ],
              [
                149.12720759795,
                -37.067872885825
              ],
              [
                149.12732038283,
                -37.067889271473
              ],
              [
                149.12749291507,
                -37.067902621908
              ],
              [
                149.12752720712,
                -37.067903042791
              ]
            ]
          ]
        ]
      },
      "properties": {
        "leadAgency": "Forestry Corporation NSW",
        "lga": "Snowy Monaro",
        "supportingAgencies": "",
        "size": "138.23 ha",
        "location": "MIRALAI ROAD BONDI STATE FOREST",
        "guarReference": "BA20260315000221",
        "tenure": "Forestry",
        "startDate": "16/03/2026",
        "endDate": "17/04/2026"
      }
    },
    {
      "type": "Feature",
      "geometry": {
        "type": "MultiPolygon",
        "coordinates": [
          [
            [
              [
                149.29596069173,
                -36.975214944014
              ],
              [
                149.29870022813,
                -36.975858617581
              ],
              [
                149.30006574434,
                -36.97601632989
              ],
              [
                149.30020921229,
                -36.976039326454
              ],
              [
                149.30031112616,
                -36.976048679403
              ],
              [
                149.30037544387,
                -36.976041385002
              ],
              [
                149.30043520922,
                -36.976034612208
              ],
              [
                149.30052098386,
                -36.976117386708
              ],
              [
                149.30052301902,
                -36.976122841996
              ],
              [
                149.30059872755,
                -36.976207999699
              ],
              [
                149.30074149402,
                -36.976384040191
              ],
              [
                149.30100864663,
                -36.976720457683
              ],
              [
                149.30121277025,
                -36.976935734696
              ],
              [
                149.3013672459,
                -36.977156832122
              ],
              [
                149.30153869086,
                -36.977469570464
              ],
              [
                149.3015694171,
                -36.977508107313
              ],
              [
                149.30155076695,
                -36.977616339822
              ],
              [
                149.30127786318,
                -36.979200253689
              ],
              [
                149.30082349781,
                -36.981365899417
              ],
              [
                149.30150349769,
                -36.981469084031
              ],
              [
                149.3014168561,
                -36.981978062538
              ],
              [
                149.30140742491,
                -36.982033449084
              ],
              [
                149.30131376772,
                -36.982583638124
              ],
              [
                149.30129812401,
                -36.982675540744
              ],
              [
                149.30126865413,
                -36.982700359334
              ],
              [
                149.30119631266,
                -36.982706606924
              ],
              [
                149.30109938193,
                -36.982698796312
              ],
              [
                149.30092333155,
                -36.98267311797
              ],
              [
                149.30066242833,
                -36.982639387098
              ],
              [
                149.30052307028,
                -36.982627535832
              ],
              [
                149.30042140372,
                -36.982663452057
              ],
              [
                149.30036806314,
                -36.982698423094
              ],
              [
                149.30031604365,
                -36.982777014847
              ],
              [
                149.30026174438,
                -36.982985100882
              ],
              [
                149.30005292091,
                -36.983785391383
              ],
              [
                149.29998886579,
                -36.983841707829
              ],
              [
                149.29992893138,
                -36.98388464506
              ],
              [
                149.2999220039,
                -36.983883660303
              ],
              [
                149.29988959323,
                -36.983892145406
              ],
              [
                149.29984114315,
                -36.983889851236
              ],
              [
                149.2997621593,
                -36.983872449354
              ],
              [
                149.29840442852,
                -36.983573231419
              ],
              [
                149.29827894432,
                -36.983556262112
              ],
              [
                149.29812573042,
                -36.983555995912
              ],
              [
                149.29799295901,
                -36.983565037696
              ],
              [
                149.29788446749,
                -36.983576836802
              ],
              [
                149.2977801911,
                -36.98359502559
              ],
              [
                149.29769684643,
                -36.983638690373
              ],
              [
                149.29765010417,
                -36.98369296266
              ],
              [
                149.29763836892,
                -36.983972953989
              ],
              [
                149.29761882485,
                -36.984261193899
              ],
              [
                149.29758641328,
                -36.984523797735
              ],
              [
                149.29745100686,
                -36.985275389048
              ],
              [
                149.29743481367,
                -36.985447709044
              ],
              [
                149.29742318903,
                -36.985530411599
              ],
              [
                149.29741550432,
                -36.985556276101
              ],
              [
                149.29739756555,
                -36.985616619711
              ],
              [
                149.29734873506,
                -36.985699924812
              ],
              [
                149.29733812216,
                -36.985718036258
              ],
              [
                149.29724751906,
                -36.985855632531
              ],
              [
                149.29716985001,
                -36.985954165852
              ],
              [
                149.29710883101,
                -36.986003052998
              ],
              [
                149.2969346674,
                -36.98597642767
              ],
              [
                149.29638219318,
                -36.98589198133
              ],
              [
                149.2962719372,
                -36.985875119941
              ],
              [
                149.29234233693,
                -36.985297962931
              ],
              [
                149.29096615836,
                -36.985145910955
              ],
              [
                149.29094566911,
                -36.985143093379
              ],
              [
                149.29091051551,
                -36.985140759638
              ],
              [
                149.29091063961,
                -36.985139155248
              ],
              [
                149.29091924882,
                -36.985096134379
              ],
              [
                149.29141078948,
                -36.982640521143
              ],
              [
                149.29010462313,
                -36.98251974489
              ],
              [
                149.29010196653,
                -36.982519449013
              ],
              [
                149.28946077779,
                -36.982435148363
              ],
              [
                149.2893052985,
                -36.98242378453
              ],
              [
                149.28930196831,
                -36.982423465271
              ],
              [
                149.28929245798,
                -36.982421615365
              ],
              [
                149.28928349624,
                -36.982418469537
              ],
              [
                149.28927534298,
                -36.982414120415
              ],
              [
                149.28926825992,
                -36.982408700201
              ],
              [
                149.2892624539,
                -36.98240237437
              ],
              [
                149.28925809848,
                -36.982395338974
              ],
              [
                149.28925713171,
                -36.982393203983
              ],
              [
                149.2891962593,
                -36.982247085734
              ],
              [
                149.28884248939,
                -36.982202046787
              ],
              [
                149.286007293,
                -36.981841073307
              ],
              [
                149.28605675392,
                -36.981720059633
              ],
              [
                149.28609987281,
                -36.981491236132
              ],
              [
                149.28629279088,
                -36.981302588943
              ],
              [
                149.28657126955,
                -36.981188391231
              ],
              [
                149.28682120194,
                -36.98106273076
              ],
              [
                149.28699984237,
                -36.980885513955
              ],
              [
                149.28714034525,
                -36.980719157363
              ],
              [
                149.28717852057,
                -36.980673961034
              ],
              [
                149.28736429533,
                -36.980496753223
              ],
              [
                149.28754296004,
                -36.980290925386
              ],
              [
                149.28774303132,
                -36.980096559409
              ],
              [
                149.28797868607,
                -36.979970877354
              ],
              [
                149.28820723977,
                -36.979822309352
              ],
              [
                149.28840013536,
                -36.979650816732
              ],
              [
                149.29014829151,
                -36.979873827015
              ],
              [
                149.29445813683,
                -36.98047346258
              ],
              [
                149.29447464659,
                -36.980397794523
              ],
              [
                149.29548017047,
                -36.975680769452
              ],
              [
                149.29548230726,
                -36.97567398047
              ],
              [
                149.29548622831,
                -36.97566679039
              ],
              [
                149.29549164762,
                -36.975660248721
              ],
              [
                149.29549839254,
                -36.975654565905
              ],
              [
                149.29550627689,
                -36.975649908317
              ],
              [
                149.29551504528,
                -36.975646413551
              ],
              [
                149.29552318145,
                -36.975644415258
              ],
              [
                149.29555149571,
                -36.975639298115
              ],
              [
                149.29555372063,
                -36.975638979755
              ],
              [
                149.29553551565,
                -36.975688364227
              ],
              [
                149.2955638416,
                -36.975683246185
              ],
              [
                149.29561804284,
                -36.975677348431
              ],
              [
                149.29566636611,
                -36.975676414935
              ],
              [
                149.29572072293,
                -36.975675366325
              ],
              [
                149.29573121622,
                -36.975674226884
              ],
              [
                149.29577493586,
                -36.975669467672
              ],
              [
                149.29580469263,
                -36.975654341075
              ],
              [
                149.29583401863,
                -36.975624683233
              ],
              [
                149.29585140971,
                -36.97560010566
              ],
              [
                149.295862037,
                -36.975551412767
              ],
              [
                149.29586130585,
                -36.975527182334
              ],
              [
                149.29583598724,
                -36.975488882006
              ],
              [
                149.29583554388,
                -36.975474342667
              ],
              [
                149.29583481273,
                -36.975450111334
              ],
              [
                149.29583393769,
                -36.975421039849
              ],
              [
                149.29585075321,
                -36.975377081887
              ],
              [
                149.2958853915,
                -36.975323068605
              ],
              [
                149.29590852836,
                -36.975288684825
              ],
              [
                149.29594978835,
                -36.975253945813
              ],
              [
                149.29596069173,
                -36.975214944014
              ]
            ]
          ]
        ]
      },
      "properties": {
        "leadAgency": "Forestry Corporation NSW",
        "lga": "Snowy Monaro",
        "supportingAgencies": "Department of Planning, Housing & Infrastructure - Crown Lands",
        "size": "83.31 ha",
        "location": "DENT ROAD COOLANGUBRA STATE FOREST",
        "guarReference": "BA20260315000220",
        "tenure": "Forestry, Crown Land",
        "startDate": "16/03/2026",
        "endDate": "17/04/2026"
      }
    },
    {
      "type": "Feature",
      "geometry": {
        "type": "MultiPolygon",
        "coordinates": [
          [
            [
              [
                149.68849940442,
                -37.103628806224
              ],
              [
                149.68846045209,
                -37.103790721964
              ],
              [
                149.68844241439,
                -37.103895648565
              ],
              [
                149.6884400015,
                -37.103966406325
              ],
              [
                149.68843904103,
                -37.103973582914
              ],
              [
                149.68840900367,
                -37.104100289297
              ],
              [
                149.68840467254,
                -37.104111000222
              ],
              [
                149.68835714786,
                -37.10419223958
              ],
              [
                149.6883552422,
                -37.104195195652
              ],
              [
                149.68832417422,
                -37.104239476471
              ],
              [
                149.68831505869,
                -37.104255165144
              ],
              [
                149.68829544358,
                -37.104337944141
              ],
              [
                149.68823157912,
                -37.104607376529
              ],
              [
                149.68822728126,
                -37.104630320033
              ],
              [
                149.68822197257,
                -37.104667615818
              ],
              [
                149.68820431887,
                -37.104802698486
              ],
              [
                149.68817922059,
                -37.105046378787
              ],
              [
                149.68816299323,
                -37.105192271306
              ],
              [
                149.6881310565,
                -37.105446650842
              ],
              [
                149.68808345719,
                -37.105700840621
              ],
              [
                149.68805461593,
                -37.105854643577
              ],
              [
                149.68804741775,
                -37.105891203716
              ],
              [
                149.6880444356,
                -37.105900186145
              ],
              [
                149.68800750045,
                -37.105978037756
              ],
              [
                149.68796960391,
                -37.106125681255
              ],
              [
                149.68796184546,
                -37.106212653791
              ],
              [
                149.68795444584,
                -37.106320592221
              ],
              [
                149.6879538397,
                -37.106325159878
              ],
              [
                149.68789657896,
                -37.106614834207
              ],
              [
                149.68789578396,
                -37.106618073565
              ],
              [
                149.68782862439,
                -37.106847326043
              ],
              [
                149.68782775385,
                -37.106849963755
              ],
              [
                149.68779816345,
                -37.106929068122
              ],
              [
                149.68778994275,
                -37.10696600058
              ],
              [
                149.68778649565,
                -37.106981482409
              ],
              [
                149.68776063744,
                -37.107119407834
              ],
              [
                149.68773975249,
                -37.107266574693
              ],
              [
                149.6876927755,
                -37.10752897798
              ],
              [
                149.68769219814,
                -37.107531654362
              ],
              [
                149.68765289057,
                -37.107684736961
              ],
              [
                149.68762451696,
                -37.107828312826
              ],
              [
                149.68758655298,
                -37.108027429023
              ],
              [
                149.68758480829,
                -37.108033621754
              ],
              [
                149.68757240214,
                -37.108066580109
              ],
              [
                149.68756783539,
                -37.108078719158
              ],
              [
                149.68751349475,
                -37.10833830307
              ],
              [
                149.68720115571,
                -37.109830424934
              ],
              [
                149.68719465001,
                -37.109867555243
              ],
              [
                149.68719999468,
                -37.109879282403
              ],
              [
                149.68720338333,
                -37.10989345302
              ],
              [
                149.68720816053,
                -37.110028523098
              ],
              [
                149.68720712181,
                -37.110038527156
              ],
              [
                149.68718043893,
                -37.110146610378
              ],
              [
                149.68715823197,
                -37.110236607333
              ],
              [
                149.68711167766,
                -37.110507372517
              ],
              [
                149.68709260214,
                -37.110607378028
              ],
              [
                149.68704466288,
                -37.11084276748
              ],
              [
                149.68704335527,
                -37.110847538383
              ],
              [
                149.68700352429,
                -37.110962715457
              ],
              [
                149.68699470824,
                -37.111014017283
              ],
              [
                149.68699392313,
                -37.111017562411
              ],
              [
                149.68696367983,
                -37.111127509927
              ],
              [
                149.68695472078,
                -37.111156517559
              ],
              [
                149.68688513574,
                -37.111441655708
              ],
              [
                149.68687873886,
                -37.11146786465
              ],
              [
                149.68684091787,
                -37.111622887087
              ],
              [
                149.68683747077,
                -37.111636982161
              ],
              [
                149.68683930629,
                -37.111688892828
              ],
              [
                149.68684016064,
                -37.111713017142
              ],
              [
                149.68683986207,
                -37.111719118143
              ],
              [
                149.68681430604,
                -37.111909235723
              ],
              [
                149.68681305508,
                -37.111918569786
              ],
              [
                149.6867856959,
                -37.112099426148
              ],
              [
                149.68678445304,
                -37.112104825677
              ],
              [
                149.68673496155,
                -37.112264976048
              ],
              [
                149.68671796436,
                -37.112406264038
              ],
              [
                149.68671707134,
                -37.112411007962
              ],
              [
                149.68667780064,
                -37.11256397185
              ],
              [
                149.68665874041,
                -37.112663777711
              ],
              [
                149.68660027099,
                -37.112917125725
              ],
              [
                149.68655218334,
                -37.113142706271
              ],
              [
                149.68652360198,
                -37.113297788962
              ],
              [
                149.68647507816,
                -37.113504565583
              ],
              [
                149.68647010671,
                -37.113539458379
              ],
              [
                149.68646642848,
                -37.113565287808
              ],
              [
                149.68646571802,
                -37.113573251304
              ],
              [
                149.6864584524,
                -37.11365463995
              ],
              [
                149.68645728867,
                -37.113661108773
              ],
              [
                149.68645003204,
                -37.113687498479
              ],
              [
                149.68644700223,
                -37.113698506181
              ],
              [
                149.68643782375,
                -37.113731893512
              ],
              [
                149.6864190531,
                -37.113840722271
              ],
              [
                149.68640515138,
                -37.113900985842
              ],
              [
                149.68638985751,
                -37.113967237998
              ],
              [
                149.68637053467,
                -37.11405784919
              ],
              [
                149.68632256663,
                -37.11427250837
              ],
              [
                149.68631896305,
                -37.114325151085
              ],
              [
                149.68631533518,
                -37.114378065395
              ],
              [
                149.68631489092,
                -37.114381738227
              ],
              [
                149.68630556315,
                -37.114436021305
              ],
              [
                149.68630450375,
                -37.11444049813
              ],
              [
                149.68627510491,
                -37.114537582643
              ],
              [
                149.68624844901,
                -37.11472465332
              ],
              [
                149.68624723222,
                -37.114730160768
              ],
              [
                149.68621673441,
                -37.114830840771
              ],
              [
                149.68616747585,
                -37.114980498751
              ],
              [
                149.68616094587,
                -37.115101965683
              ],
              [
                149.68615859324,
                -37.115113049827
              ],
              [
                149.68613036622,
                -37.115187858133
              ],
              [
                149.6861310668,
                -37.115207565876
              ],
              [
                149.68612868179,
                -37.115221873191
              ],
              [
                149.68610935356,
                -37.115273112064
              ],
              [
                149.68609305155,
                -37.115365047959
              ],
              [
                149.68603499132,
                -37.11570545844
              ],
              [
                149.68596715726,
                -37.116013142592
              ],
              [
                149.68592855206,
                -37.116194248066
              ],
              [
                149.68592741442,
                -37.116198384947
              ],
              [
                149.68592546559,
                -37.11620420446
              ],
              [
                149.68589768913,
                -37.116286762224
              ],
              [
                149.6858601892,
                -37.116483389996
              ],
              [
                149.68585932585,
                -37.116486963902
              ],
              [
                149.68581869897,
                -37.116624390203
              ],
              [
                149.68581380576,
                -37.116638965516
              ],
              [
                149.68572085903,
                -37.117086662419
              ],
              [
                149.68572599686,
                -37.117123462678
              ],
              [
                149.68572631881,
                -37.117127201159
              ],
              [
                149.68572759945,
                -37.117163217209
              ],
              [
                149.68572630982,
                -37.117174170951
              ],
              [
                149.68569674911,
                -37.117281682204
              ],
              [
                149.68566805444,
                -37.117426667307
              ],
              [
                149.68562864345,
                -37.117590423959
              ],
              [
                149.6855800162,
                -37.117777325563
              ],
              [
                149.68557311481,
                -37.117891102392
              ],
              [
                149.68557208149,
                -37.117897803241
              ],
              [
                149.68551326942,
                -37.118131937239
              ],
              [
                149.68547638463,
                -37.118357248888
              ],
              [
                149.68547411204,
                -37.118364893125
              ],
              [
                149.68547021798,
                -37.118372093997
              ],
              [
                149.68546483104,
                -37.118378650055
              ],
              [
                149.68546162136,
                -37.118381623213
              ],
              [
                149.68544996794,
                -37.118391504065
              ],
              [
                149.68544546054,
                -37.118413209202
              ],
              [
                149.68542715934,
                -37.11841070549
              ],
              [
                149.68542531663,
                -37.118412139009
              ],
              [
                149.68541745205,
                -37.118416819081
              ],
              [
                149.68540868546,
                -37.118420339927
              ],
              [
                149.68540577885,
                -37.118421182591
              ],
              [
                149.68533933334,
                -37.11843896039
              ],
              [
                149.68533283574,
                -37.118440354339
              ],
              [
                149.68532309698,
                -37.118441266251
              ],
              [
                149.68531203892,
                -37.118440638525
              ],
              [
                149.68528722303,
                -37.118437242685
              ],
              [
                149.68528236219,
                -37.118436398221
              ],
              [
                149.68511765046,
                -37.118401622337
              ],
              [
                149.68477083141,
                -37.118366509207
              ],
              [
                149.68475935246,
                -37.118364341841
              ],
              [
                149.68463749073,
                -37.118330268327
              ],
              [
                149.68460067878,
                -37.118323294085
              ],
              [
                149.68447592572,
                -37.118299658103
              ],
              [
                149.68424339881,
                -37.118293903341
              ],
              [
                149.68423566734,
                -37.118293288205
              ],
              [
                149.68384981592,
                -37.118240460229
              ],
              [
                149.68384403867,
                -37.118239417915
              ],
              [
                149.68366936605,
                -37.118200012321
              ],
              [
                149.68347215012,
                -37.118178262217
              ],
              [
                149.6832705482,
                -37.118169411989
              ],
              [
                149.68326491305,
                -37.118168934449
              ],
              [
                149.68256317115,
                -37.118080743332
              ],
              [
                149.6825572707,
                -37.118079739688
              ],
              [
                149.68245063719,
                -37.118056755715
              ],
              [
                149.68227478735,
                -37.11804438554
              ],
              [
                149.68227098772,
                -37.11804401412
              ],
              [
                149.6821686008,
                -37.118031150217
              ],
              [
                149.682159586,
                -37.118029391143
              ],
              [
                149.68215058378,
                -37.118026281288
              ],
              [
                149.68214682821,
                -37.118024504227
              ],
              [
                149.68207220247,
                -37.117985946694
              ],
              [
                149.68205482577,
                -37.117984926863
              ],
              [
                149.68194718591,
                -37.117978570455
              ],
              [
                149.68194186373,
                -37.117978049747
              ],
              [
                149.68182929019,
                -37.117962649756
              ],
              [
                149.68159435759,
                -37.11793229404
              ],
              [
                149.68148408812,
                -37.117925982598
              ],
              [
                149.68147700506,
                -37.11792521008
              ],
              [
                149.68118274868,
                -37.117877799621
              ],
              [
                149.68118149413,
                -37.117877573891
              ],
              [
                149.68117993291,
                -37.117877281611
              ],
              [
                149.68110478106,
                -37.117861912197
              ],
              [
                149.68102231952,
                -37.117855551293
              ],
              [
                149.68090213413,
                -37.11785827444
              ],
              [
                149.68089791721,
                -37.11785823487
              ],
              [
                149.68084648678,
                -37.117856312119
              ],
              [
                149.68074027145,
                -37.117852338914
              ],
              [
                149.68073427657,
                -37.117851849683
              ],
              [
                149.68045092177,
                -37.117816644822
              ],
              [
                149.68044799718,
                -37.117816218544
              ],
              [
                149.68022078526,
                -37.117778068403
              ],
              [
                149.68014456862,
                -37.117766303472
              ],
              [
                149.67991835135,
                -37.117735341613
              ],
              [
                149.67969023741,
                -37.117704112655
              ],
              [
                149.67965034439,
                -37.117697083554
              ],
              [
                149.67959964511,
                -37.117688142494
              ],
              [
                149.6795818781,
                -37.117682322981
              ],
              [
                149.67957991308,
                -37.117681337324
              ],
              [
                149.67955832126,
                -37.117670502292
              ],
              [
                149.67951278769,
                -37.117666333934
              ],
              [
                149.67949284522,
                -37.117664511008
              ],
              [
                149.67918918194,
                -37.117644420154
              ],
              [
                149.67917659502,
                -37.117642410169
              ],
              [
                149.67898909897,
                -37.117594143555
              ],
              [
                149.67882560582,
                -37.11758043429
              ],
              [
                149.67881518807,
                -37.11757874896
              ],
              [
                149.67868417663,
                -37.117547036167
              ],
              [
                149.67842999675,
                -37.117526313988
              ],
              [
                149.67842360796,
                -37.117525491108
              ],
              [
                149.67824243504,
                -37.117493539096
              ],
              [
                149.6782269631,
                -37.117488815856
              ],
              [
                149.6781697905,
                -37.117463075461
              ],
              [
                149.67816243585,
                -37.117459122041
              ],
              [
                149.67815530512,
                -37.117453723411
              ],
              [
                149.67814946133,
                -37.117447425458
              ],
              [
                149.67814506634,
                -37.117440404451
              ],
              [
                149.67814226226,
                -37.117432882521
              ],
              [
                149.67814157158,
                -37.117429556829
              ],
              [
                149.67813772248,
                -37.117407645746
              ],
              [
                149.6781298732,
                -37.117362943145
              ],
              [
                149.67812521651,
                -37.117363551986
              ],
              [
                149.67801424196,
                -37.117374156792
              ],
              [
                149.67789617447,
                -37.11738544778
              ],
              [
                149.6777398723,
                -37.117397946558
              ],
              [
                149.67762854342,
                -37.117409413813
              ],
              [
                149.67761459584,
                -37.117409456981
              ],
              [
                149.677386481,
                -37.117387261713
              ],
              [
                149.67711501345,
                -37.117351778961
              ],
              [
                149.67710442663,
                -37.117352185455
              ],
              [
                149.67708778018,
                -37.117350816687
              ],
              [
                149.6769176833,
                -37.117315808778
              ],
              [
                149.67691321817,
                -37.117314324896
              ],
              [
                149.67685703932,
                -37.117316441001
              ],
              [
                149.67685378378,
                -37.117316570503
              ],
              [
                149.67653088399,
                -37.117276290768
              ],
              [
                149.67566643226,
                -37.117168466551
              ],
              [
                149.67548878918,
                -37.117146303659
              ],
              [
                149.67499480507,
                -37.11708468571
              ],
              [
                149.67353736825,
                -37.116902864376
              ],
              [
                149.67330968689,
                -37.116874460188
              ],
              [
                149.67308992856,
                -37.116847045255
              ],
              [
                149.67243860806,
                -37.116765778018
              ],
              [
                149.67200757739,
                -37.116712003956
              ],
              [
                149.67125017106,
                -37.120105771064
              ],
              [
                149.67120653955,
                -37.120301257597
              ],
              [
                149.67118472919,
                -37.12039899232
              ],
              [
                149.67116290804,
                -37.120496736035
              ],
              [
                149.67110259861,
                -37.120766962525
              ],
              [
                149.67098092663,
                -37.121312143241
              ],
              [
                149.67094875968,
                -37.1214562578
              ],
              [
                149.67082857968,
                -37.121994719681
              ],
              [
                149.66940938563,
                -37.121801536312
              ],
              [
                149.66481119428,
                -37.12117551284
              ],
              [
                149.66454177358,
                -37.121138827695
              ],
              [
                149.66447642794,
                -37.121129928004
              ],
              [
                149.66383194679,
                -37.121042159568
              ],
              [
                149.66374721716,
                -37.121030622165
              ],
              [
                149.66379463212,
                -37.120983718923
              ],
              [
                149.66395951382,
                -37.120871875637
              ],
              [
                149.66411441035,
                -37.120796294813
              ],
              [
                149.66422212125,
                -37.120658703936
              ],
              [
                149.66425427292,
                -37.120612923048
              ],
              [
                149.66431795751,
                -37.120503352348
              ],
              [
                149.6643507387,
                -37.120475579484
              ],
              [
                149.66439445474,
                -37.120438545403
              ],
              [
                149.66443312019,
                -37.120257447123
              ],
              [
                149.66453115439,
                -37.120165124521
              ],
              [
                149.66464328456,
                -37.120153588917
              ],
              [
                149.66469950388,
                -37.120152323571
              ],
              [
                149.66483223122,
                -37.120086259373
              ],
              [
                149.66507550773,
                -37.119963630517
              ],
              [
                149.66517575246,
                -37.119934343195
              ],
              [
                149.66531719154,
                -37.119795989693
              ],
              [
                149.66534871187,
                -37.11973220078
              ],
              [
                149.66560354017,
                -37.119618326824
              ],
              [
                149.66571219716,
                -37.119507737192
              ],
              [
                149.66596702366,
                -37.119393863236
              ],
              [
                149.66613252949,
                -37.119300024377
              ],
              [
                149.66632210388,
                -37.11925070016
              ],
              [
                149.66642045554,
                -37.119167378871
              ],
              [
                149.66657755901,
                -37.11915483243
              ],
              [
                149.66670283367,
                -37.119197071787
              ],
              [
                149.66676966589,
                -37.119177540311
              ],
              [
                149.66691394412,
                -37.119120230115
              ],
              [
                149.6671256841,
                -37.119061387473
              ],
              [
                149.66720060752,
                -37.118951567661
              ],
              [
                149.66725587446,
                -37.118923279486
              ],
              [
                149.66741266766,
                -37.118901728132
              ],
              [
                149.66742232998,
                -37.118856450864
              ],
              [
                149.66743167034,
                -37.118802179477
              ],
              [
                149.66749693144,
                -37.11873762704
              ],
              [
                149.66759654305,
                -37.118690320902
              ],
              [
                149.66765086929,
                -37.118635029683
              ],
              [
                149.66786102557,
                -37.11853116608
              ],
              [
                149.66796967896,
                -37.118420583643
              ],
              [
                149.66806928967,
                -37.118373286498
              ],
              [
                149.66820359442,
                -37.118352229772
              ],
              [
                149.66823669487,
                -37.118333468115
              ],
              [
                149.66844780083,
                -37.11825661565
              ],
              [
                149.66857022014,
                -37.118217816199
              ],
              [
                149.66879162873,
                -37.118113693592
              ],
              [
                149.66885846005,
                -37.11809417021
              ],
              [
                149.66902648309,
                -37.118072359852
              ],
              [
                149.66910361704,
                -37.118025566327
              ],
              [
                149.66919230368,
                -37.117987520508
              ],
              [
                149.66926942684,
                -37.117940727882
              ],
              [
                149.66936903575,
                -37.117893419945
              ],
              [
                149.66937743452,
                -37.117812126628
              ],
              [
                149.66951949413,
                -37.117691776654
              ],
              [
                149.66965158295,
                -37.117607690043
              ],
              [
                149.66976085238,
                -37.117515114731
              ],
              [
                149.66988105487,
                -37.117413277301
              ],
              [
                149.67007743712,
                -37.117237634309
              ],
              [
                149.67027444981,
                -37.117079990349
              ],
              [
                149.67039465139,
                -37.116978161013
              ],
              [
                149.67050297743,
                -37.116858563772
              ],
              [
                149.67064471238,
                -37.116729207987
              ],
              [
                149.6708488459,
                -37.116454252861
              ],
              [
                149.67091315012,
                -37.116362686589
              ],
              [
                149.67098551857,
                -37.116180823886
              ],
              [
                149.67103794724,
                -37.116071506795
              ],
              [
                149.67109780882,
                -37.115853874457
              ],
              [
                149.67123447969,
                -37.115580444582
              ],
              [
                149.67127502202,
                -37.115453367679
              ],
              [
                149.67133741969,
                -37.115307777332
              ],
              [
                149.67138856233,
                -37.115162435198
              ],
              [
                149.67151526152,
                -37.114925277679
              ],
              [
                149.67180648628,
                -37.114567262069
              ],
              [
                149.67202471217,
                -37.114373092144
              ],
              [
                149.67229724812,
                -37.114123638195
              ],
              [
                149.67246115136,
                -37.113984761288
              ],
              [
                149.67253891034,
                -37.113900731334
              ],
              [
                149.67258039247,
                -37.113855909123
              ],
              [
                149.67282014813,
                -37.113634219943
              ],
              [
                149.67297992708,
                -37.113378289077
              ],
              [
                149.67300821256,
                -37.113335924713
              ],
              [
                149.67302268265,
                -37.113314249253
              ],
              [
                149.67294603703,
                -37.113054640159
              ],
              [
                149.67297025667,
                -37.112783745473
              ],
              [
                149.67304326004,
                -37.112619888097
              ],
              [
                149.67313367248,
                -37.112311450313
              ],
              [
                149.67323011488,
                -37.112174107649
              ],
              [
                149.673307551,
                -37.112136307345
              ],
              [
                149.67339653982,
                -37.112107270934
              ],
              [
                149.67351737363,
                -37.112023437931
              ],
              [
                149.67356139095,
                -37.111995404264
              ],
              [
                149.67362378231,
                -37.111849812119
              ],
              [
                149.67384167635,
                -37.111646643578
              ],
              [
                149.67388189134,
                -37.111510561763
              ],
              [
                149.67401712149,
                -37.111295963738
              ],
              [
                149.67409502706,
                -37.111172322245
              ],
              [
                149.67416865906,
                -37.111026471994
              ],
              [
                149.67428726075,
                -37.110879610006
              ],
              [
                149.67441537547,
                -37.110530744998
              ],
              [
                149.67442074172,
                -37.110516133713
              ],
              [
                149.67453744675,
                -37.110315245852
              ],
              [
                149.67467757911,
                -37.110140855616
              ],
              [
                149.67479650096,
                -37.110002995842
              ],
              [
                149.6748835913,
                -37.109919925464
              ],
              [
                149.67507217374,
                -37.10984357572
              ],
              [
                149.67528005293,
                -37.109750654169
              ],
              [
                149.67532695887,
                -37.109729681979
              ],
              [
                149.67554896911,
                -37.1096435629
              ],
              [
                149.6758654936,
                -37.109366066291
              ],
              [
                149.67600720787,
                -37.109236703311
              ],
              [
                149.67602906049,
                -37.109218188968
              ],
              [
                149.67609271001,
                -37.109108611074
              ],
              [
                149.67618755611,
                -37.108926236656
              ],
              [
                149.67621923113,
                -37.108800184981
              ],
              [
                149.67624676747,
                -37.108690600791
              ],
              [
                149.67625171734,
                -37.108674584764
              ],
              [
                149.67625253213,
                -37.108671938959
              ],
              [
                149.67629726531,
                -37.108527247035
              ],
              [
                149.67632402463,
                -37.108328392541
              ],
              [
                149.67640761662,
                -37.108146266337
              ],
              [
                149.67650372627,
                -37.107999916063
              ],
              [
                149.67655423489,
                -37.107836562307
              ],
              [
                149.6766210851,
                -37.10769711433
              ],
              [
                149.67670097817,
                -37.107530456465
              ],
              [
                149.67671144987,
                -37.107508592148
              ],
              [
                149.67688467819,
                -37.107315434859
              ],
              [
                149.67701673194,
                -37.107231349147
              ],
              [
                149.67711537048,
                -37.107157031871
              ],
              [
                149.67717997058,
                -37.107074466014
              ],
              [
                149.67727861901,
                -37.107000139745
              ],
              [
                149.67752278315,
                -37.106904506738
              ],
              [
                149.67770265655,
                -37.106900443601
              ],
              [
                149.67796842061,
                -37.106885552626
              ],
              [
                149.67797215639,
                -37.106885341285
              ],
              [
                149.67802805645,
                -37.106875065632
              ],
              [
                149.67810484147,
                -37.106819262699
              ],
              [
                149.67814823285,
                -37.106773219209
              ],
              [
                149.67834678248,
                -37.106660589914
              ],
              [
                149.67849007596,
                -37.106576254191
              ],
              [
                149.67871079836,
                -37.106454113666
              ],
              [
                149.67874199225,
                -37.106381315345
              ],
              [
                149.67876810137,
                -37.106164442035
              ],
              [
                149.67879832938,
                -37.106064631677
              ],
              [
                149.67884899089,
                -37.106021706137
              ],
              [
                149.67883981061,
                -37.105964563214
              ],
              [
                149.67900432089,
                -37.105843694331
              ],
              [
                149.67911325307,
                -37.105742104215
              ],
              [
                149.67926831238,
                -37.105672513775
              ],
              [
                149.67934584743,
                -37.105637722603
              ],
              [
                149.67951129931,
                -37.105543864857
              ],
              [
                149.67961216547,
                -37.105532565775
              ],
              [
                149.67970401143,
                -37.105584561878
              ],
              [
                149.67978714746,
                -37.10570884099
              ],
              [
                149.67981788449,
                -37.105942450684
              ],
              [
                149.67983845198,
                -37.105963163869
              ],
              [
                149.6798528879,
                -37.10597770141
              ],
              [
                149.67988788052,
                -37.106012953035
              ],
              [
                149.679968163,
                -37.106056203231
              ],
              [
                149.68011717437,
                -37.106133930736
              ],
              [
                149.68024083655,
                -37.106131137442
              ],
              [
                149.68039569081,
                -37.106055535934
              ],
              [
                149.68052963943,
                -37.106025471598
              ],
              [
                149.68065299044,
                -37.106013672493
              ],
              [
                149.68091220024,
                -37.106025825032
              ],
              [
                149.68108019629,
                -37.106004007479
              ],
              [
                149.68130568061,
                -37.106016924441
              ],
              [
                149.68141746634,
                -37.105996370436
              ],
              [
                149.68151792421,
                -37.106002126997
              ],
              [
                149.68153020895,
                -37.106002829367
              ],
              [
                149.68175410327,
                -37.105970733463
              ],
              [
                149.68189897056,
                -37.10593140521
              ],
              [
                149.68218745958,
                -37.105816731757
              ],
              [
                149.68227612824,
                -37.105778685038
              ],
              [
                149.68238536799,
                -37.105686088142
              ],
              [
                149.68247022262,
                -37.105539982484
              ],
              [
                149.68256886476,
                -37.105465660712
              ],
              [
                149.68276867254,
                -37.105389042071
              ],
              [
                149.68311591427,
                -37.10534513447
              ],
              [
                149.68324756153,
                -37.105383887157
              ],
              [
                149.68328645541,
                -37.105395338224
              ],
              [
                149.68385813824,
                -37.105332245387
              ],
              [
                149.68390285703,
                -37.105327310807
              ],
              [
                149.68403744777,
                -37.105315249999
              ],
              [
                149.68418264691,
                -37.10528492396
              ],
              [
                149.6844936028,
                -37.105169736994
              ],
              [
                149.68487202043,
                -37.105053025677
              ],
              [
                149.68512708884,
                -37.104948116163
              ],
              [
                149.6853046357,
                -37.104896912363
              ],
              [
                149.68573617269,
                -37.104672974878
              ],
              [
                149.68585601454,
                -37.104562117248
              ],
              [
                149.6859277058,
                -37.104362242923
              ],
              [
                149.68595406853,
                -37.104312082337
              ],
              [
                149.68598041956,
                -37.10426192265
              ],
              [
                149.68613112525,
                -37.104069259988
              ],
              [
                149.68623845484,
                -37.103922643515
              ],
              [
                149.68633644677,
                -37.103830302027
              ],
              [
                149.68638852471,
                -37.103711972829
              ],
              [
                149.68649998399,
                -37.103682410315
              ],
              [
                149.68656743314,
                -37.103680876971
              ],
              [
                149.68662523437,
                -37.103724631686
              ],
              [
                149.68669300638,
                -37.103732101455
              ],
              [
                149.68681507316,
                -37.103684280905
              ],
              [
                149.6869946273,
                -37.103671192172
              ],
              [
                149.68709580193,
                -37.103668900699
              ],
              [
                149.68726379169,
                -37.103647066059
              ],
              [
                149.68734121343,
                -37.103609265755
              ],
              [
                149.68750665361,
                -37.103515397218
              ],
              [
                149.68772831131,
                -37.103420253442
              ],
              [
                149.68795992991,
                -37.103288834612
              ],
              [
                149.68808072505,
                -37.103204986321
              ],
              [
                149.68819833389,
                -37.103031097007
              ],
              [
                149.68835931523,
                -37.1028111696
              ],
              [
                149.6885209315,
                -37.102609251116
              ],
              [
                149.68857459854,
                -37.102535941081
              ],
              [
                149.68860405224,
                -37.102505781417
              ],
              [
                149.68864862893,
                -37.102460132729
              ],
              [
                149.68867544851,
                -37.102432664736
              ],
              [
                149.6886928486,
                -37.10241945999
              ],
              [
                149.68874719733,
                -37.102378209886
              ],
              [
                149.68872761459,
                -37.102452859912
              ],
              [
                149.68872487076,
                -37.102460163306
              ],
              [
                149.68869644588,
                -37.102517747796
              ],
              [
                149.68868875308,
                -37.102592396022
              ],
              [
                149.68868762983,
                -37.102598369319
              ],
              [
                149.68866823145,
                -37.102668973294
              ],
              [
                149.68864080843,
                -37.102839221253
              ],
              [
                149.68862214659,
                -37.102947789209
              ],
              [
                149.68862157103,
                -37.102950528544
              ],
              [
                149.68859221986,
                -37.103067435913
              ],
              [
                149.68856391369,
                -37.103210579205
              ],
              [
                149.68849999348,
                -37.103625796194
              ],
              [
                149.68849940442,
                -37.103628806224
              ]
            ]
          ]
        ]
      },
      "properties": {
        "leadAgency": "Forestry Corporation NSW",
        "lga": "Bega Valley",
        "supportingAgencies": "Department of Planning, Housing & Infrastructure - Crown Lands",
        "size": "176.87 ha",
        "location": "BEASLEYS ROAD, TOWAMBA STATE FOREST",
        "guarReference": "BA20260315000219",
        "tenure": "Forestry, Crown Land",
        "startDate": "16/03/2026",
        "endDate": "17/04/2026"
      }
    },
    {
      "type": "Feature",
      "geometry": {
        "type": "MultiPolygon",
        "coordinates": [
          [
            [
              [
                150.0718141585,
                -33.451845530747
              ],
              [
                150.07184587489,
                -33.452075066511
              ],
              [
                150.07179830615,
                -33.452369548616
              ],
              [
                150.07181636723,
                -33.452455478837
              ],
              [
                150.07182938132,
                -33.452496383601
              ],
              [
                150.07184188729,
                -33.452530452618
              ],
              [
                150.07186524808,
                -33.452582045825
              ],
              [
                150.07180335044,
                -33.452683373339
              ],
              [
                150.07179058906,
                -33.452743573957
              ],
              [
                150.07171040101,
                -33.45283288383
              ],
              [
                150.07160039234,
                -33.452920437328
              ],
              [
                150.07148976044,
                -33.452990543978
              ],
              [
                150.07134799581,
                -33.453021504039
              ],
              [
                150.0711833857,
                -33.452995650329
              ],
              [
                150.07112370849,
                -33.452907305428
              ],
              [
                150.07102862047,
                -33.452827336812
              ],
              [
                150.07107789973,
                -33.452536694813
              ],
              [
                150.07108034498,
                -33.452521665343
              ],
              [
                150.07108025775,
                -33.452519176019
              ],
              [
                150.07108419318,
                -33.452519277643
              ],
              [
                150.07102581909,
                -33.452316726036
              ],
              [
                150.07109908505,
                -33.452142168526
              ],
              [
                150.07109759668,
                -33.451978464035
              ],
              [
                150.07127238351,
                -33.451943539763
              ],
              [
                150.07136864784,
                -33.45193395209
              ],
              [
                150.07157995615,
                -33.451899923543
              ],
              [
                150.07170025037,
                -33.451902339122
              ],
              [
                150.0718141585,
                -33.451845530747
              ]
            ]
          ]
        ]
      },
      "properties": {
        "leadAgency": "Forestry Corporation NSW",
        "lga": "Lithgow",
        "supportingAgencies": "",
        "size": "0.79 ha",
        "location": "SUGARMANS TRAIL, LIDSDALE STATE FOREST",
        "guarReference": "BA20260305000188",
        "tenure": "Forestry",
        "startDate": "16/03/2026",
        "endDate": "27/03/2026"
      }
    },
    {
      "type": "Feature",
      "geometry": {
        "type": "MultiPolygon",
        "coordinates": [
          [
            [
              [
                150.07146708314,
                -33.451134380147
              ],
              [
                150.07153182533,
                -33.451242048781
              ],
              [
                150.07155107982,
                -33.451270012301
              ],
              [
                150.07157373824,
                -33.451284709022
              ],
              [
                150.07158676312,
                -33.451293157253
              ],
              [
                150.07159784996,
                -33.451300349132
              ],
              [
                150.07161993551,
                -33.451314674433
              ],
              [
                150.07168815179,
                -33.451358921977
              ],
              [
                150.07188766998,
                -33.451446292013
              ],
              [
                150.07199316136,
                -33.451483596791
              ],
              [
                150.07214675297,
                -33.451534675585
              ],
              [
                150.07222792668,
                -33.451557610995
              ],
              [
                150.0721615666,
                -33.451701464751
              ],
              [
                150.07208401177,
                -33.451780733694
              ],
              [
                150.07197886933,
                -33.451753396102
              ],
              [
                150.07194274806,
                -33.45174181913
              ],
              [
                150.07185310094,
                -33.451731569556
              ],
              [
                150.07172637477,
                -33.451767143139
              ],
              [
                150.07164722274,
                -33.451801543107
              ],
              [
                150.0715557428,
                -33.451823769851
              ],
              [
                150.07146825855,
                -33.451800419853
              ],
              [
                150.07144917854,
                -33.451795326993
              ],
              [
                150.07143673911,
                -33.451795509555
              ],
              [
                150.07141865555,
                -33.451790188267
              ],
              [
                150.07140560638,
                -33.451786349061
              ],
              [
                150.07138034443,
                -33.451778915265
              ],
              [
                150.07131556176,
                -33.451767926449
              ],
              [
                150.07122522846,
                -33.451762966688
              ],
              [
                150.0710793935,
                -33.451766580164
              ],
              [
                150.07092848366,
                -33.451687553138
              ],
              [
                150.07081276969,
                -33.45151048562
              ],
              [
                150.07084660489,
                -33.451313507113
              ],
              [
                150.07103185534,
                -33.451271129259
              ],
              [
                150.07114078932,
                -33.451255830892
              ],
              [
                150.07128883841,
                -33.451253960302
              ],
              [
                150.07137336479,
                -33.451215879409
              ],
              [
                150.07146708314,
                -33.451134380147
              ]
            ]
          ]
        ]
      },
      "properties": {
        "leadAgency": "Forestry Corporation NSW",
        "lga": "Lithgow",
        "supportingAgencies": "",
        "size": "0.59 ha",
        "location": "SUGARMANS TRAIL, LIDSDALE STATE FOREST",
        "guarReference": "BA20260305000188",
        "tenure": "Forestry",
        "startDate": "16/03/2026",
        "endDate": "27/03/2026"
      }
    },
    {
      "type": "Feature",
      "geometry": {
        "type": "MultiPolygon",
        "coordinates": [
          [
            [
              [
                150.57462083718,
                -35.164268629405
              ],
              [
                150.57461225457,
                -35.164264244104
              ],
              [
                150.5746079631,
                -35.164263366963
              ],
              [
                150.57187103679,
                -35.16395375466
              ],
              [
                150.57169937541,
                -35.164453694578
              ],
              [
                150.57164573123,
                -35.164835225606
              ],
              [
                150.5713399594,
                -35.164747517482
              ],
              [
                150.5719922725,
                -35.161570665508
              ],
              [
                150.57223903573,
                -35.161535580861
              ],
              [
                150.57605742842,
                -35.162060094773
              ],
              [
                150.57580100914,
                -35.163251202265
              ],
              [
                150.57575272938,
                -35.163295057146
              ],
              [
                150.57561325451,
                -35.163373995871
              ],
              [
                150.5754308643,
                -35.163501174768
              ],
              [
                150.57529138943,
                -35.163628353465
              ],
              [
                150.57520019432,
                -35.163755531964
              ],
              [
                150.57504999062,
                -35.163843241157
              ],
              [
                150.57487832924,
                -35.16403620105
              ],
              [
                150.57462083718,
                -35.164268629405
              ]
            ]
          ]
        ]
      },
      "properties": {
        "leadAgency": "NSW Rural Fire Service",
        "lga": "Shoalhaven",
        "supportingAgencies": "Shoalhaven, Department of Planning, Housing & Infrastructure - Crown Lands",
        "size": "9.63 ha",
        "location": "FLOOD",
        "guarReference": "BA20250220000131",
        "tenure": "Local Govt, Crown Land",
        "startDate": "16/03/2026",
        "endDate": "30/03/2026"
      }
    },
    {
      "type": "Feature",
      "geometry": {
        "type": "MultiPolygon",
        "coordinates": [
          [
            [
              [
                150.57470988704,
                -35.164285294134
              ],
              [
                150.57501565887,
                -35.16399146956
              ],
              [
                150.57508003188,
                -35.163899375072
              ],
              [
                150.57527851535,
                -35.16380728048
              ],
              [
                150.57538580371,
                -35.163653789261
              ],
              [
                150.5754716344,
                -35.163618705513
              ],
              [
                150.57548772765,
                -35.163548537972
              ],
              [
                150.57556819392,
                -35.163487141324
              ],
              [
                150.57578813506,
                -35.163351191439
              ],
              [
                150.57578813506,
                -35.163434515589
              ],
              [
                150.57570230437,
                -35.163509068704
              ],
              [
                150.57575594856,
                -35.163601163634
              ],
              [
                150.57560574485,
                -35.164219512605
              ],
              [
                150.57550918533,
                -35.164201970855
              ],
              [
                150.57545554115,
                -35.164250210658
              ],
              [
                150.5753536172,
                -35.164232668915
              ],
              [
                150.57527851535,
                -35.164180043662
              ],
              [
                150.5752034135,
                -35.164166887344
              ],
              [
                150.57507466747,
                -35.164324763025
              ],
              [
                150.57472598029,
                -35.164289679567
              ],
              [
                150.57472812619,
                -35.164292310854
              ],
              [
                150.57470988704,
                -35.164285294134
              ]
            ]
          ]
        ]
      },
      "properties": {
        "leadAgency": "NSW Rural Fire Service",
        "lga": "Shoalhaven",
        "supportingAgencies": "Shoalhaven, Department of Planning, Housing & Infrastructure - Crown Lands",
        "size": "0.42 ha",
        "location": "FLOOD",
        "guarReference": "BA20250220000131",
        "tenure": "Local Govt, Crown Land",
        "startDate": "16/03/2026",
        "endDate": "30/03/2026"
      }
    },
    {
      "type": "Feature",
      "geometry": {
        "type": "MultiPolygon",
        "coordinates": [
          [
            [
              [
                150.47956708069,
                -34.734949132262
              ],
              [
                150.4795961827,
                -34.734821948055
              ],
              [
                150.47980351746,
                -34.734188448844
              ],
              [
                150.47998349366,
                -34.73363914776
              ],
              [
                150.48012430964,
                -34.733203253144
              ],
              [
                150.48026646671,
                -34.73275644501
              ],
              [
                150.480411306,
                -34.732311508126
              ],
              [
                150.48043303187,
                -34.732245268848
              ],
              [
                150.48057049508,
                -34.73225739251
              ],
              [
                150.4805912822,
                -34.732374771517
              ],
              [
                150.48079915336,
                -34.732558279215
              ],
              [
                150.4810624122,
                -34.732861589514
              ],
              [
                150.48118887834,
                -34.733096015009
              ],
              [
                150.48117278508,
                -34.733254723001
              ],
              [
                150.48113872104,
                -34.733283158146
              ],
              [
                150.4812614321,
                -34.733533342956
              ],
              [
                150.48112665109,
                -34.733565304838
              ],
              [
                150.48106120521,
                -34.733700095691
              ],
              [
                150.48092789943,
                -34.73391291709
              ],
              [
                150.48083201046,
                -34.733957553302
              ],
              [
                150.48070058222,
                -34.733977942675
              ],
              [
                150.48059932882,
                -34.733972983098
              ],
              [
                150.48045878108,
                -34.734039551632
              ],
              [
                150.4804082215,
                -34.734128162613
              ],
              [
                150.4803705365,
                -34.734226802776
              ],
              [
                150.48033030336,
                -34.734326434792
              ],
              [
                150.48029878732,
                -34.734422870595
              ],
              [
                150.48028041409,
                -34.734501341738
              ],
              [
                150.48023428025,
                -34.734575073287
              ],
              [
                150.48011304446,
                -34.734734494802
              ],
              [
                150.47996713232,
                -34.73488509929
              ],
              [
                150.47986359903,
                -34.735170657202
              ],
              [
                150.47963916502,
                -34.735164319885
              ],
              [
                150.47960704568,
                -34.735143655394
              ],
              [
                150.4795754626,
                -34.735116543426
              ],
              [
                150.47955353557,
                -34.735089211
              ],
              [
                150.47955125566,
                -34.735058131414
              ],
              [
                150.47955648596,
                -34.735029696867
              ],
              [
                150.47955950343,
                -34.735008591365
              ],
              [
                150.47956708069,
                -34.734949132262
              ]
            ]
          ]
        ]
      },
      "properties": {
        "leadAgency": "NSW Rural Fire Service",
        "lga": "Shoalhaven",
        "supportingAgencies": "Private, NSW Rural Fire Service - Mitigation",
        "size": "2.09 ha",
        "location": "LOT 8 DP 778230 BENDEELA ROAD KANGAROO VALLEY",
        "guarReference": "BA20241125001509",
        "tenure": "Private",
        "startDate": "16/03/2026",
        "endDate": "31/03/2026"
      }
    },
    {
      "type": "Feature",
      "geometry": {
        "type": "MultiPolygon",
        "coordinates": [
          [
            [
              [
                153.18367408992,
                -30.078863184612
              ],
              [
                153.18424481658,
                -30.080381941535
              ],
              [
                153.18425719612,
                -30.080414883743
              ],
              [
                153.18424902233,
                -30.080451564148
              ],
              [
                153.18422814419,
                -30.08054525827
              ],
              [
                153.1841669804,
                -30.08053946517
              ],
              [
                153.18409353185,
                -30.080532978506
              ],
              [
                153.18273948641,
                -30.080413200087
              ],
              [
                153.182376666,
                -30.080381103126
              ],
              [
                153.18120480999,
                -30.080277424468
              ],
              [
                153.17973921662,
                -30.080673789712
              ],
              [
                153.17825578593,
                -30.08224197579
              ],
              [
                153.17817554725,
                -30.082326784739
              ],
              [
                153.17802569468,
                -30.082485195424
              ],
              [
                153.17681409759,
                -30.082318153086
              ],
              [
                153.17535283741,
                -30.082116668184
              ],
              [
                153.17516464246,
                -30.082090716885
              ],
              [
                153.17505269957,
                -30.082704635651
              ],
              [
                153.17477931782,
                -30.084203906551
              ],
              [
                153.17468577148,
                -30.084716914941
              ],
              [
                153.17466834556,
                -30.084812478759
              ],
              [
                153.17446226305,
                -30.084784072383
              ],
              [
                153.17230263389,
                -30.084480632161
              ],
              [
                153.17253664855,
                -30.083513956348
              ],
              [
                153.17284960044,
                -30.082589592677
              ],
              [
                153.17347435439,
                -30.081539864878
              ],
              [
                153.17431834663,
                -30.080436667174
              ],
              [
                153.17465177039,
                -30.080095191117
              ],
              [
                153.17510228924,
                -30.079734404682
              ],
              [
                153.17537699445,
                -30.079449340398
              ],
              [
                153.17683465089,
                -30.077936683505
              ],
              [
                153.17858679433,
                -30.076255172947
              ],
              [
                153.17957532559,
                -30.07530645999
              ],
              [
                153.18078243761,
                -30.074021488347
              ],
              [
                153.18094535265,
                -30.073848063801
              ],
              [
                153.18110624215,
                -30.073576073185
              ],
              [
                153.18149430006,
                -30.073042273192
              ],
              [
                153.18157105058,
                -30.072910793546
              ],
              [
                153.18178183998,
                -30.072549673742
              ],
              [
                153.18179992542,
                -30.072518693983
              ],
              [
                153.18181791773,
                -30.072487871652
              ],
              [
                153.18200143824,
                -30.072173474936
              ],
              [
                153.18214754186,
                -30.071815671585
              ],
              [
                153.18229489022,
                -30.071454817234
              ],
              [
                153.18229581705,
                -30.071452539592
              ],
              [
                153.18246106439,
                -30.071047856712
              ],
              [
                153.18273730793,
                -30.070339477808
              ],
              [
                153.18291717092,
                -30.069565348424
              ],
              [
                153.18296145016,
                -30.069716870828
              ],
              [
                153.18306363784,
                -30.07006654187
              ],
              [
                153.18306430562,
                -30.070068250531
              ],
              [
                153.18349738689,
                -30.071175462572
              ],
              [
                153.18378214883,
                -30.071728202809
              ],
              [
                153.18391883445,
                -30.071993516052
              ],
              [
                153.18404655533,
                -30.072241440551
              ],
              [
                153.1840654874,
                -30.072271036335
              ],
              [
                153.18420845058,
                -30.072494548584
              ],
              [
                153.18421441167,
                -30.072503869801
              ],
              [
                153.18433514526,
                -30.072692633904
              ],
              [
                153.18405522282,
                -30.072745676095
              ],
              [
                153.18385626261,
                -30.072783385009
              ],
              [
                153.18383306802,
                -30.073078296587
              ],
              [
                153.18381027658,
                -30.073368109014
              ],
              [
                153.18380518601,
                -30.073432841158
              ],
              [
                153.18407852857,
                -30.073997748283
              ],
              [
                153.18422284535,
                -30.07429600301
              ],
              [
                153.18430485666,
                -30.074465489812
              ],
              [
                153.1850609509,
                -30.075321039905
              ],
              [
                153.18450921021,
                -30.076787476053
              ],
              [
                153.1841402776,
                -30.077346012674
              ],
              [
                153.18395831141,
                -30.077964931155
              ],
              [
                153.1837782869,
                -30.078576948691
              ],
              [
                153.18367408992,
                -30.078863184612
              ]
            ]
          ]
        ]
      },
      "properties": {
        "leadAgency": "Forestry Corporation NSW",
        "lga": "Coffs Harbour",
        "supportingAgencies": "Department of Planning, Housing & Infrastructure - Crown Lands, NSW National Parks and Wildlife Service",
        "size": "70.31 ha",
        "location": "WEDDING BELLS STATE FOREST",
        "guarReference": "BA20260313000217",
        "tenure": "National Park, Forestry, Crown Land",
        "startDate": "14/03/2026",
        "endDate": "30/04/2026"
      }
    },
    {
      "type": "Feature",
      "geometry": {
        "type": "MultiPolygon",
        "coordinates": [
          [
            [
              [
                153.16538400079,
                -30.030714633755
              ],
              [
                153.16476226255,
                -30.034298524486
              ],
              [
                153.1650823394,
                -30.034342172228
              ],
              [
                153.16598598371,
                -30.034469454295
              ],
              [
                153.1691658441,
                -30.034917341646
              ],
              [
                153.17187390312,
                -30.035298782988
              ],
              [
                153.18119381299,
                -30.036611518695
              ],
              [
                153.18590461875,
                -30.037275040782
              ],
              [
                153.18771567591,
                -30.037530135583
              ],
              [
                153.18933799371,
                -30.037747295571
              ],
              [
                153.18934847956,
                -30.037748696121
              ],
              [
                153.18871145578,
                -30.039357553114
              ],
              [
                153.18857020225,
                -30.03971429334
              ],
              [
                153.18847752542,
                -30.039948350789
              ],
              [
                153.18839851064,
                -30.040147902631
              ],
              [
                153.18831958501,
                -30.040347229471
              ],
              [
                153.18818565308,
                -30.040685472052
              ],
              [
                153.18810842189,
                -30.04088052354
              ],
              [
                153.18781304193,
                -30.041626487968
              ],
              [
                153.18772379041,
                -30.041851872505
              ],
              [
                153.18721590132,
                -30.043139697095
              ],
              [
                153.18644123772,
                -30.045338941758
              ],
              [
                153.18621044836,
                -30.046086087432
              ],
              [
                153.1858312096,
                -30.047538001123
              ],
              [
                153.18556420513,
                -30.04896103331
              ],
              [
                153.18553372788,
                -30.049123451812
              ],
              [
                153.18552289367,
                -30.049181187198
              ],
              [
                153.18548475014,
                -30.049384457061
              ],
              [
                153.18548474117,
                -30.049412662466
              ],
              [
                153.18548469794,
                -30.049525376097
              ],
              [
                153.18526233627,
                -30.04969472979
              ],
              [
                153.18527188867,
                -30.049760265468
              ],
              [
                153.18530340116,
                -30.049976531057
              ],
              [
                153.18462687745,
                -30.053746920914
              ],
              [
                153.18457278853,
                -30.054055630133
              ],
              [
                153.18434899033,
                -30.055333054802
              ],
              [
                153.18376687814,
                -30.058655737562
              ],
              [
                153.1837649192,
                -30.058666911071
              ],
              [
                153.18364319442,
                -30.058685776058
              ],
              [
                153.18345221747,
                -30.058676266771
              ],
              [
                153.18209572576,
                -30.06012427232
              ],
              [
                153.18214172657,
                -30.060710470429
              ],
              [
                153.1829853344,
                -30.061334647197
              ],
              [
                153.18326205618,
                -30.061537246173
              ],
              [
                153.18303232324,
                -30.062848504803
              ],
              [
                153.18303012684,
                -30.06286107238
              ],
              [
                153.18301980388,
                -30.06292001987
              ],
              [
                153.18291617888,
                -30.063511475042
              ],
              [
                153.18282797095,
                -30.064014982172
              ],
              [
                153.18277842601,
                -30.064381431209
              ],
              [
                153.18277186116,
                -30.064454093477
              ],
              [
                153.18276188652,
                -30.064564646861
              ],
              [
                153.18269993057,
                -30.065123410368
              ],
              [
                153.18266545416,
                -30.065434433601
              ],
              [
                153.18260639103,
                -30.065566067683
              ],
              [
                153.18258199155,
                -30.065971067855
              ],
              [
                153.18225857574,
                -30.065935996502
              ],
              [
                153.18233372836,
                -30.067447015365
              ],
              [
                153.18178932898,
                -30.069978769059
              ],
              [
                153.18163571994,
                -30.070318817616
              ],
              [
                153.18096907335,
                -30.071794584965
              ],
              [
                153.17995574532,
                -30.07313310135
              ],
              [
                153.17858549778,
                -30.07447209997
              ],
              [
                153.17705074948,
                -30.07595457326
              ],
              [
                153.17568051982,
                -30.07734129508
              ],
              [
                153.17398149597,
                -30.079134360001
              ],
              [
                153.17310457245,
                -30.080066730699
              ],
              [
                153.17218892662,
                -30.081465199663
              ],
              [
                153.17211623287,
                -30.081458273975
              ],
              [
                153.17106459063,
                -30.083386346263
              ],
              [
                153.17088045955,
                -30.084197389827
              ],
              [
                153.17086256251,
                -30.084276217257
              ],
              [
                153.17003774474,
                -30.084159071399
              ],
              [
                153.16980915915,
                -30.084126605029
              ],
              [
                153.16964287882,
                -30.084102987003
              ],
              [
                153.16938400079,
                -30.08549843146
              ],
              [
                153.16918533849,
                -30.086569275406
              ],
              [
                153.16892913765,
                -30.087955056759
              ],
              [
                153.1687291819,
                -30.089036594525
              ],
              [
                153.16872714668,
                -30.089047614704
              ],
              [
                153.16806199473,
                -30.089493007012
              ],
              [
                153.16534604807,
                -30.091311552873
              ],
              [
                153.16528889405,
                -30.091115563999
              ],
              [
                153.1652487163,
                -30.09097778553
              ],
              [
                153.16492410532,
                -30.089864631162
              ],
              [
                153.1648148264,
                -30.089489874932
              ],
              [
                153.16480065308,
                -30.08944128096
              ],
              [
                153.16498774647,
                -30.089350410579
              ],
              [
                153.16584395083,
                -30.088934545542
              ],
              [
                153.1658134982,
                -30.08889120466
              ],
              [
                153.16560474806,
                -30.088594092223
              ],
              [
                153.16543140318,
                -30.088347378863
              ],
              [
                153.16453274526,
                -30.088523621605
              ],
              [
                153.16424210684,
                -30.087526924077
              ],
              [
                153.16396945946,
                -30.086977969737
              ],
              [
                153.16376257715,
                -30.086561423857
              ],
              [
                153.16349273694,
                -30.086408157288
              ],
              [
                153.16333074119,
                -30.086411762453
              ],
              [
                153.16301144236,
                -30.086283396563
              ],
              [
                153.16189161566,
                -30.085833153472
              ],
              [
                153.16083139587,
                -30.08538435308
              ],
              [
                153.16045663948,
                -30.085467216615
              ],
              [
                153.16039344034,
                -30.085481189102
              ],
              [
                153.16015334779,
                -30.085766516421
              ],
              [
                153.16004998497,
                -30.086403442684
              ],
              [
                153.16003585574,
                -30.086416676705
              ],
              [
                153.15974441274,
                -30.086689651771
              ],
              [
                153.15975021316,
                -30.086883721811
              ],
              [
                153.15996411116,
                -30.087263930301
              ],
              [
                153.16018530547,
                -30.087803033782
              ],
              [
                153.16049170255,
                -30.088070732443
              ],
              [
                153.16099737804,
                -30.088512525261
              ],
              [
                153.16074139706,
                -30.089420170514
              ],
              [
                153.16079167413,
                -30.089747801508
              ],
              [
                153.16096799712,
                -30.089984365994
              ],
              [
                153.16127745002,
                -30.090282118089
              ],
              [
                153.16154506379,
                -30.090539619475
              ],
              [
                153.16159497278,
                -30.090587640449
              ],
              [
                153.16143510847,
                -30.09070271967
              ],
              [
                153.16092049362,
                -30.091073236196
              ],
              [
                153.16075521775,
                -30.091192232938
              ],
              [
                153.16109687512,
                -30.091542119812
              ],
              [
                153.16116143141,
                -30.09160823054
              ],
              [
                153.16137050933,
                -30.091822344224
              ],
              [
                153.16141634998,
                -30.091869283647
              ],
              [
                153.16077468944,
                -30.092336718903
              ],
              [
                153.16073651938,
                -30.092364524236
              ],
              [
                153.16014628536,
                -30.092297616874
              ],
              [
                153.16010609185,
                -30.092257359413
              ],
              [
                153.1598382229,
                -30.091727248768
              ],
              [
                153.15918652993,
                -30.091919563044
              ],
              [
                153.15852738707,
                -30.092114072273
              ],
              [
                153.15839214246,
                -30.092153981339
              ],
              [
                153.15830496938,
                -30.092179703793
              ],
              [
                153.15836744353,
                -30.09256794487
              ],
              [
                153.15839906918,
                -30.09276447454
              ],
              [
                153.15842011514,
                -30.092895257543
              ],
              [
                153.15844863323,
                -30.093072472044
              ],
              [
                153.15936124686,
                -30.093527403058
              ],
              [
                153.15960398297,
                -30.093648399502
              ],
              [
                153.15963393102,
                -30.093715127151
              ],
              [
                153.15996866419,
                -30.094460948514
              ],
              [
                153.16046734005,
                -30.094509604437
              ],
              [
                153.1604689889,
                -30.094523471739
              ],
              [
                153.1604782706,
                -30.094608455452
              ],
              [
                153.16047834504,
                -30.094609092871
              ],
              [
                153.16048727356,
                -30.094690847877
              ],
              [
                153.16048960119,
                -30.094710490335
              ],
              [
                153.16048996403,
                -30.094713555082
              ],
              [
                153.16050068692,
                -30.094804176379
              ],
              [
                153.16039980344,
                -30.094813309654
              ],
              [
                153.16022027356,
                -30.094829556495
              ],
              [
                153.16001713307,
                -30.094847939958
              ],
              [
                153.1592627892,
                -30.095679130782
              ],
              [
                153.15887012712,
                -30.096111788849
              ],
              [
                153.1579505394,
                -30.096352185464
              ],
              [
                153.15686455682,
                -30.097553762122
              ],
              [
                153.15619634694,
                -30.09782346206
              ],
              [
                153.15614508732,
                -30.097844152177
              ],
              [
                153.15597913779,
                -30.098636047029
              ],
              [
                153.15594302188,
                -30.098808388633
              ],
              [
                153.15566035539,
                -30.099169825678
              ],
              [
                153.15520796015,
                -30.099748283868
              ],
              [
                153.15504841033,
                -30.099952297211
              ],
              [
                153.15479606542,
                -30.100274947012
              ],
              [
                153.15462824827,
                -30.100489531683
              ],
              [
                153.15473656721,
                -30.100632230414
              ],
              [
                153.1551052545,
                -30.10111794184
              ],
              [
                153.15621778621,
                -30.101713263163
              ],
              [
                153.15674865287,
                -30.102300340343
              ],
              [
                153.157187464,
                -30.102563776153
              ],
              [
                153.15845425516,
                -30.103068241476
              ],
              [
                153.15904423498,
                -30.103303178575
              ],
              [
                153.15909139698,
                -30.103321960699
              ],
              [
                153.1596764029,
                -30.104172638963
              ],
              [
                153.16033339357,
                -30.104628492891
              ],
              [
                153.16135900503,
                -30.104389676318
              ],
              [
                153.16274641299,
                -30.103925172775
              ],
              [
                153.16315690319,
                -30.103788093234
              ],
              [
                153.16398361354,
                -30.103838659014
              ],
              [
                153.16430948007,
                -30.103858587505
              ],
              [
                153.16511182119,
                -30.103907653534
              ],
              [
                153.16590447535,
                -30.10391114511
              ],
              [
                153.16598298416,
                -30.103911492574
              ],
              [
                153.1656608013,
                -30.105657373931
              ],
              [
                153.16543011092,
                -30.106907433291
              ],
              [
                153.16531281514,
                -30.107543499809
              ],
              [
                153.16530132634,
                -30.107605805278
              ],
              [
                153.16530126822,
                -30.107606111728
              ],
              [
                153.16513196975,
                -30.108463302722
              ],
              [
                153.16508414874,
                -30.10870543039
              ],
              [
                153.16508096529,
                -30.108800760783
              ],
              [
                153.16507890205,
                -30.108800467571
              ],
              [
                153.16454974385,
                -30.108723976558
              ],
              [
                153.16377710378,
                -30.108612289633
              ],
              [
                153.16281071678,
                -30.108472588899
              ],
              [
                153.16277184167,
                -30.108466970588
              ],
              [
                153.16245771838,
                -30.110219386158
              ],
              [
                153.16245469858,
                -30.110236223636
              ],
              [
                153.16236999099,
                -30.110708772866
              ],
              [
                153.16216875074,
                -30.111831395954
              ],
              [
                153.1621561544,
                -30.11190166079
              ],
              [
                153.16082567294,
                -30.111723130959
              ],
              [
                153.15987159486,
                -30.111595100257
              ],
              [
                153.15960427842,
                -30.111559227137
              ],
              [
                153.15958003152,
                -30.111555972884
              ],
              [
                153.15934299394,
                -30.112873991653
              ],
              [
                153.15933801948,
                -30.112901631915
              ],
              [
                153.1592265106,
                -30.113521614852
              ],
              [
                153.15915364669,
                -30.113900122273
              ],
              [
                153.15740038337,
                -30.113659830292
              ],
              [
                153.15507810223,
                -30.113341511218
              ],
              [
                153.15507797946,
                -30.113341493129
              ],
              [
                153.15481869849,
                -30.113305948485
              ],
              [
                153.15455082765,
                -30.114782838044
              ],
              [
                153.15446187627,
                -30.115273262831
              ],
              [
                153.15441311883,
                -30.115278922297
              ],
              [
                153.15395882008,
                -30.115331642091
              ],
              [
                153.15392054699,
                -30.115333613532
              ],
              [
                153.15350458164,
                -30.115305375077
              ],
              [
                153.15299986743,
                -30.11522890396
              ],
              [
                153.15262471191,
                -30.115128556857
              ],
              [
                153.15229721478,
                -30.114992592358
              ],
              [
                153.15208235561,
                -30.11487537438
              ],
              [
                153.15202242906,
                -30.114849409326
              ],
              [
                153.15199882341,
                -30.114839411013
              ],
              [
                153.15199138195,
                -30.114842779217
              ],
              [
                153.15198940531,
                -30.114841925889
              ],
              [
                153.15165396876,
                -30.114993591551
              ],
              [
                153.15143049113,
                -30.115094653287
              ],
              [
                153.15106603972,
                -30.115167833515
              ],
              [
                153.15087003076,
                -30.115181518563
              ],
              [
                153.15072001771,
                -30.115238952751
              ],
              [
                153.15058250921,
                -30.115295420799
              ],
              [
                153.1504630297,
                -30.115344452968
              ],
              [
                153.15005668265,
                -30.11557712197
              ],
              [
                153.1500286611,
                -30.115593162016
              ],
              [
                153.15002335727,
                -30.115596450363
              ],
              [
                153.14972773973,
                -30.11577914398
              ],
              [
                153.14953128457,
                -30.115910857245
              ],
              [
                153.14935606578,
                -30.116025441905
              ],
              [
                153.14923324155,
                -30.116105767249
              ],
              [
                153.14920901915,
                -30.116121612448
              ],
              [
                153.14902766996,
                -30.116255350723
              ],
              [
                153.14897920966,
                -30.116291106068
              ],
              [
                153.14894717354,
                -30.11631474845
              ],
              [
                153.14871044783,
                -30.116472800518
              ],
              [
                153.14845356221,
                -30.116613306724
              ],
              [
                153.14817301285,
                -30.116663262921
              ],
              [
                153.14815616844,
                -30.116666266277
              ],
              [
                153.14718310415,
                -30.116570896549
              ],
              [
                153.14666668318,
                -30.116454274561
              ],
              [
                153.14664944156,
                -30.116449422452
              ],
              [
                153.1462513085,
                -30.116337407258
              ],
              [
                153.14569066175,
                -30.116265810792
              ],
              [
                153.14534797296,
                -30.116166948739
              ],
              [
                153.14501559684,
                -30.116004842092
              ],
              [
                153.14494564468,
                -30.115956762611
              ],
              [
                153.14471423121,
                -30.115797632584
              ],
              [
                153.14421541456,
                -30.115419157492
              ],
              [
                153.14398690593,
                -30.115293059744
              ],
              [
                153.14357156849,
                -30.11520329475
              ],
              [
                153.14302125809,
                -30.115122649486
              ],
              [
                153.14290776015,
                -30.115133498216
              ],
              [
                153.14254621433,
                -30.115168046914
              ],
              [
                153.14233635348,
                -30.115258775649
              ],
              [
                153.14223272261,
                -30.115358125323
              ],
              [
                153.14211899001,
                -30.115701222305
              ],
              [
                153.1420995077,
                -30.115801819981
              ],
              [
                153.14206085101,
                -30.116001274543
              ],
              [
                153.14202630082,
                -30.116179601738
              ],
              [
                153.14196413918,
                -30.116269883717
              ],
              [
                153.14183965472,
                -30.11635125251
              ],
              [
                153.14133128439,
                -30.116514221353
              ],
              [
                153.14120575821,
                -30.116577453083
              ],
              [
                153.14119478384,
                -30.116585221838
              ],
              [
                153.14118643598,
                -30.116591122131
              ],
              [
                153.14117363623,
                -30.116609370644
              ],
              [
                153.14108547981,
                -30.116735085592
              ],
              [
                153.14090727887,
                -30.116946818581
              ],
              [
                153.14070127281,
                -30.117120586984
              ],
              [
                153.14033434859,
                -30.117400481295
              ],
              [
                153.14029672883,
                -30.117425700237
              ],
              [
                153.14019185948,
                -30.117496000722
              ],
              [
                153.13985719157,
                -30.117720360692
              ],
              [
                153.13960240648,
                -30.117907487441
              ],
              [
                153.13926983271,
                -30.118032354638
              ],
              [
                153.1389374168,
                -30.118140992022
              ],
              [
                153.13865464906,
                -30.118168730917
              ],
              [
                153.13849937351,
                -30.118190788759
              ],
              [
                153.13833507723,
                -30.118192688558
              ],
              [
                153.13830566907,
                -30.118193036502
              ],
              [
                153.13809364518,
                -30.118184172618
              ],
              [
                153.13807163946,
                -30.118189515753
              ],
              [
                153.1379567023,
                -30.118217385546
              ],
              [
                153.13731409991,
                -30.118441598527
              ],
              [
                153.13717533477,
                -30.118481668392
              ],
              [
                153.13609310132,
                -30.11879420259
              ],
              [
                153.13522994019,
                -30.118954771346
              ],
              [
                153.13507373905,
                -30.119118623009
              ],
              [
                153.13495767123,
                -30.119204765364
              ],
              [
                153.13485480569,
                -30.119225440068
              ],
              [
                153.13426815059,
                -30.119343274403
              ],
              [
                153.13367165611,
                -30.119576192543
              ],
              [
                153.13285962197,
                -30.119893385236
              ],
              [
                153.13248772107,
                -30.119934198406
              ],
              [
                153.13218034632,
                -30.119944429352
              ],
              [
                153.13161718196,
                -30.119877799228
              ],
              [
                153.13151530786,
                -30.119851528332
              ],
              [
                153.13064499673,
                -30.119627077869
              ],
              [
                153.1302493135,
                -30.119593910899
              ],
              [
                153.12924272815,
                -30.119594893492
              ],
              [
                153.12922134875,
                -30.11959491048
              ],
              [
                153.1291522453,
                -30.119594971117
              ],
              [
                153.12897493733,
                -30.11959513808
              ],
              [
                153.12877987924,
                -30.119599832795
              ],
              [
                153.12853844725,
                -30.119604411345
              ],
              [
                153.12812071716,
                -30.119641481741
              ],
              [
                153.1276542329,
                -30.119682882121
              ],
              [
                153.12743169474,
                -30.119702633279
              ],
              [
                153.12714652068,
                -30.119768517544
              ],
              [
                153.12696340896,
                -30.119921322296
              ],
              [
                153.12676967232,
                -30.120029574474
              ],
              [
                153.126464893,
                -30.120028856514
              ],
              [
                153.12613522627,
                -30.120028053282
              ],
              [
                153.12596883905,
                -30.120027333244
              ],
              [
                153.12486148256,
                -30.120022538955
              ],
              [
                153.12473049259,
                -30.120021537259
              ],
              [
                153.12457948834,
                -30.120009535673
              ],
              [
                153.12419249774,
                -30.120047543527
              ],
              [
                153.12393650725,
                -30.120062546437
              ],
              [
                153.12382450812,
                -30.120085547071
              ],
              [
                153.12365350455,
                -30.120107547916
              ],
              [
                153.12354151041,
                -30.12011354161
              ],
              [
                153.12338350951,
                -30.120118549655
              ],
              [
                153.123179521,
                -30.120124548801
              ],
              [
                153.12271952657,
                -30.12011854435
              ],
              [
                153.12231853457,
                -30.120050552598
              ],
              [
                153.12214753748,
                -30.120033552739
              ],
              [
                153.12209553555,
                -30.120022549437
              ],
              [
                153.12202953471,
                -30.120022556089
              ],
              [
                153.12194454216,
                -30.12001654998
              ],
              [
                153.12181953668,
                -30.120017551954
              ],
              [
                153.12168754507,
                -30.120005552454
              ],
              [
                153.12152354639,
                -30.119971558683
              ],
              [
                153.12133954418,
                -30.119920557906
              ],
              [
                153.12118854872,
                -30.119857559568
              ],
              [
                153.12102355478,
                -30.119777555051
              ],
              [
                153.12091855145,
                -30.119726562062
              ],
              [
                153.12081355481,
                -30.119640562412
              ],
              [
                153.12074155033,
                -30.11960655469
              ],
              [
                153.12064955863,
                -30.11956655768
              ],
              [
                153.12049155372,
                -30.119469560022
              ],
              [
                153.1203665654,
                -30.119366561551
              ],
              [
                153.11972357006,
                -30.118804566809
              ],
              [
                153.11947357517,
                -30.1187705657
              ],
              [
                153.11933457358,
                -30.118752562941
              ],
              [
                153.11932394806,
                -30.118750440364
              ],
              [
                153.11950799216,
                -30.118252650475
              ],
              [
                153.11945407823,
                -30.1175604782
              ],
              [
                153.11831203057,
                -30.116915443374
              ],
              [
                153.11863003168,
                -30.116499823429
              ],
              [
                153.11865606764,
                -30.116084465025
              ],
              [
                153.1187349244,
                -30.115438323512
              ],
              [
                153.11844261624,
                -30.115138621927
              ],
              [
                153.11846866302,
                -30.11472326348
              ],
              [
                153.11852110473,
                -30.114192518998
              ],
              [
                153.11844007867,
                -30.113015810464
              ],
              [
                153.11833224499,
                -30.111608397091
              ],
              [
                153.11793409018,
                -30.111562601484
              ],
              [
                153.11801318888,
                -30.111124128915
              ],
              [
                153.1186759611,
                -30.110523608251
              ],
              [
                153.11875494812,
                -30.109992830487
              ],
              [
                153.11843546001,
                -30.109139380529
              ],
              [
                153.11803673691,
                -30.108609032657
              ],
              [
                153.11799764488,
                -30.108497771167
              ],
              [
                153.11785033907,
                -30.108078499594
              ],
              [
                153.11750484619,
                -30.107663478151
              ],
              [
                153.11684061685,
                -30.107017990377
              ],
              [
                153.11644137049,
                -30.106026160201
              ],
              [
                153.11691840784,
                -30.105471964453
              ],
              [
                153.11784659197,
                -30.104917356671
              ],
              [
                153.11885439629,
                -30.104385739975
              ],
              [
                153.11999535865,
                -30.104246259886
              ],
              [
                153.12000125938,
                -30.104251676765
              ],
              [
                153.12000119943,
                -30.10420242154
              ],
              [
                153.11956000589,
                -30.103407829536
              ],
              [
                153.11911963355,
                -30.103290451269
              ],
              [
                153.11817117325,
                -30.103055755589
              ],
              [
                153.11779681875,
                -30.101495555797
              ],
              [
                153.11820215547,
                -30.100641312024
              ],
              [
                153.11867377623,
                -30.098579786424
              ],
              [
                153.11826592313,
                -30.097314062843
              ],
              [
                153.11701729417,
                -30.096230554529
              ],
              [
                153.11700946127,
                -30.096215601423
              ],
              [
                153.11699546715,
                -30.096147604267
              ],
              [
                153.11699546613,
                -30.0960435993
              ],
              [
                153.11700846067,
                -30.09591759984
              ],
              [
                153.11704746234,
                -30.095791602263
              ],
              [
                153.11710046078,
                -30.095705604487
              ],
              [
                153.11721145895,
                -30.095579603441
              ],
              [
                153.11730345721,
                -30.095487598508
              ],
              [
                153.1173504526,
                -30.095452599593
              ],
              [
                153.1174684531,
                -30.095418604913
              ],
              [
                153.11763944808,
                -30.09538359727
              ],
              [
                153.11781744337,
                -30.095354599584
              ],
              [
                153.11795644142,
                -30.095354602626
              ],
              [
                153.1181074461,
                -30.095348601635
              ],
              [
                153.11837143506,
                -30.095359598753
              ],
              [
                153.11856942946,
                -30.095382594273
              ],
              [
                153.11862842783,
                -30.095387596808
              ],
              [
                153.11874142628,
                -30.095427596901
              ],
              [
                153.11895843244,
                -30.095461597954
              ],
              [
                153.1191234299,
                -30.095490592149
              ],
              [
                153.11924241845,
                -30.095501593716
              ],
              [
                153.11937442062,
                -30.09551259082
              ],
              [
                153.11955242276,
                -30.095535592756
              ],
              [
                153.11967142177,
                -30.09554659337
              ],
              [
                153.11980241248,
                -30.095540590385
              ],
              [
                153.1199144174,
                -30.095540595033
              ],
              [
                153.12000041461,
                -30.095540589351
              ],
              [
                153.12002041122,
                -30.095490592438
              ],
              [
                153.12015240641,
                -30.095534589641
              ],
              [
                153.12040240526,
                -30.095476591805
              ],
              [
                153.12054739851,
                -30.095430587384
              ],
              [
                153.12066640173,
                -30.095361586982
              ],
              [
                153.12079739315,
                -30.095246592371
              ],
              [
                153.12087039515,
                -30.095189592686
              ],
              [
                153.1210343886,
                -30.095045585523
              ],
              [
                153.12112638835,
                -30.094954588912
              ],
              [
                153.12133038023,
                -30.094764585342
              ],
              [
                153.12147538023,
                -30.09465558565
              ],
              [
                153.12164037753,
                -30.094569589037
              ],
              [
                153.12183137554,
                -30.094488587676
              ],
              [
                153.12196937572,
                -30.094345589164
              ],
              [
                153.12208036485,
                -30.09424759004
              ],
              [
                153.12215337174,
                -30.094149586906
              ],
              [
                153.12222536285,
                -30.093995586925
              ],
              [
                153.12227136194,
                -30.093868589196
              ],
              [
                153.12229736196,
                -30.09375458741
              ],
              [
                153.12229636098,
                -30.093570588418
              ],
              [
                153.12219035517,
                -30.093164582487
              ],
              [
                153.12208435729,
                -30.093015590458
              ],
              [
                153.12199836518,
                -30.092923586076
              ],
              [
                153.12195836223,
                -30.092837589356
              ],
              [
                153.1219323561,
                -30.092694586134
              ],
              [
                153.12189836296,
                -30.092436587837
              ],
              [
                153.12185135917,
                -30.092241587723
              ],
              [
                153.12180540709,
                -30.092118360262
              ],
              [
                153.12178535939,
                -30.092064589876
              ],
              [
                153.12173235976,
                -30.091961590919
              ],
              [
                153.12165235742,
                -30.091852590932
              ],
              [
                153.12142135733,
                -30.091612590773
              ],
              [
                153.12130936189,
                -30.091520594075
              ],
              [
                153.12122716873,
                -30.091464394475
              ],
              [
                153.12112436656,
                -30.091400594119
              ],
              [
                153.12108436888,
                -30.09134359664
              ],
              [
                153.12105137128,
                -30.091274591644
              ],
              [
                153.12103137076,
                -30.091222588936
              ],
              [
                153.12102880833,
                -30.091189283841
              ],
              [
                153.12102437038,
                -30.091131594086
              ],
              [
                153.12103136212,
                -30.091085593063
              ],
              [
                153.12109736129,
                -30.091010589774
              ],
              [
                153.12121536341,
                -30.090895589051
              ],
              [
                153.12136635384,
                -30.090815590603
              ],
              [
                153.12146535199,
                -30.090769592139
              ],
              [
                153.12172235455,
                -30.090654589234
              ],
              [
                153.12184134472,
                -30.09060859104
              ],
              [
                153.12199234815,
                -30.090573594249
              ],
              [
                153.12210434651,
                -30.090579593685
              ],
              [
                153.12221034175,
                -30.090579586403
              ],
              [
                153.12235534068,
                -30.090584588234
              ],
              [
                153.12253333473,
                -30.090595592005
              ],
              [
                153.12281033542,
                -30.090566583248
              ],
              [
                153.12301433293,
                -30.090468587794
              ],
              [
                153.12307766697,
                -30.090423992396
              ],
              [
                153.12311232785,
                -30.090399582107
              ],
              [
                153.12325132063,
                -30.090313582486
              ],
              [
                153.1234093189,
                -30.090221582354
              ],
              [
                153.12361332004,
                -30.090118582289
              ],
              [
                153.12381731492,
                -30.090072588005
              ],
              [
                153.12400831126,
                -30.090031582788
              ],
              [
                153.12423930258,
                -30.090008585539
              ],
              [
                153.1243972981,
                -30.09000258064
              ],
              [
                153.12466129394,
                -30.09001957766
              ],
              [
                153.12476629761,
                -30.090030582755
              ],
              [
                153.12500429859,
                -30.090093583966
              ],
              [
                153.1252022892,
                -30.090121580551
              ],
              [
                153.12533812718,
                -30.090105651124
              ],
              [
                153.12534728756,
                -30.090104578403
              ],
              [
                153.12547828601,
                -30.090057575146
              ],
              [
                153.12560427899,
                -30.089994579874
              ],
              [
                153.1256402806,
                -30.08996758063
              ],
              [
                153.12564627838,
                -30.089996581168
              ],
              [
                153.12570527921,
                -30.090168578624
              ],
              [
                153.12577028306,
                -30.090300576828
              ],
              [
                153.12581628636,
                -30.090415572644
              ],
              [
                153.12583528818,
                -30.090598580278
              ],
              [
                153.12583495556,
                -30.090645957685
              ],
              [
                153.12479603627,
                -30.091296939902
              ],
              [
                153.12476304403,
                -30.091508241676
              ],
              [
                153.1246806143,
                -30.091761840956
              ],
              [
                153.12397204567,
                -30.09233999522
              ],
              [
                153.12380720365,
                -30.092748596447
              ],
              [
                153.1237741319,
                -30.093382416355
              ],
              [
                153.12390590324,
                -30.093551297416
              ],
              [
                153.1240376382,
                -30.093973690765
              ],
              [
                153.12374088223,
                -30.094931710653
              ],
              [
                153.12335936451,
                -30.095536169067
              ],
              [
                153.12318049771,
                -30.095819570207
              ],
              [
                153.12250469189,
                -30.097115971374
              ],
              [
                153.12248811715,
                -30.097594848304
              ],
              [
                153.12288343907,
                -30.098200083979
              ],
              [
                153.12289980546,
                -30.098749351259
              ],
              [
                153.12247129495,
                -30.099256796657
              ],
              [
                153.12224048785,
                -30.099876728556
              ],
              [
                153.12233930827,
                -30.100080854295
              ],
              [
                153.1224050602,
                -30.100876544552
              ],
              [
                153.12271800669,
                -30.101467769255
              ],
              [
                153.1226848934,
                -30.102270599799
              ],
              [
                153.12556840895,
                -30.102690243935
              ],
              [
                153.12569237139,
                -30.102706296299
              ],
              [
                153.12966741023,
                -30.103274350946
              ],
              [
                153.13581956512,
                -30.104153269702
              ],
              [
                153.13710652766,
                -30.104337093363
              ],
              [
                153.13717447284,
                -30.104346795666
              ],
              [
                153.13848162304,
                -30.097592527175
              ],
              [
                153.13904315094,
                -30.094691119287
              ],
              [
                153.13955633957,
                -30.092039314074
              ],
              [
                153.14016072648,
                -30.088916353144
              ],
              [
                153.14019689404,
                -30.088729493811
              ],
              [
                153.14023489005,
                -30.088533130186
              ],
              [
                153.14045036284,
                -30.08741977472
              ],
              [
                153.13635470216,
                -30.082267190462
              ],
              [
                153.13757453424,
                -30.082442167887
              ],
              [
                153.14112935321,
                -30.082952064652
              ],
              [
                153.14147045234,
                -30.081174995898
              ],
              [
                153.14151336922,
                -30.080951386105
              ],
              [
                153.14168421908,
                -30.080061314949
              ],
              [
                153.14287456777,
                -30.073859775093
              ],
              [
                153.14357322175,
                -30.070219946509
              ],
              [
                153.14370699349,
                -30.06952298739
              ],
              [
                153.14375518455,
                -30.069271924016
              ],
              [
                153.14387421045,
                -30.068651826945
              ],
              [
                153.14399995085,
                -30.067996733053
              ],
              [
                153.14426859811,
                -30.066597105693
              ],
              [
                153.14521039048,
                -30.06672884006
              ],
              [
                153.145640984,
                -30.06432677863
              ],
              [
                153.14575642857,
                -30.063682751163
              ],
              [
                153.14713946559,
                -30.06386655038
              ],
              [
                153.14739789813,
                -30.062410814983
              ],
              [
                153.14820565988,
                -30.057860872896
              ],
              [
                153.14866319462,
                -30.055283597696
              ],
              [
                153.14571349692,
                -30.054848804023
              ],
              [
                153.14586028983,
                -30.05407777909
              ],
              [
                153.1462260103,
                -30.052156788677
              ],
              [
                153.14914358839,
                -30.052577659411
              ],
              [
                153.14979932087,
                -30.048883970436
              ],
              [
                153.14980174837,
                -30.048870308236
              ],
              [
                153.15020043195,
                -30.04670696755
              ],
              [
                153.15022174566,
                -30.046591314327
              ],
              [
                153.15025352854,
                -30.046418896256
              ],
              [
                153.15161998018,
                -30.039004252575
              ],
              [
                153.15661028869,
                -30.039705193904
              ],
              [
                153.15933525259,
                -30.040087963713
              ],
              [
                153.16112277898,
                -30.040339021471
              ],
              [
                153.16192934456,
                -30.036045965902
              ],
              [
                153.16193142435,
                -30.036034859104
              ],
              [
                153.16193790748,
                -30.036000358461
              ],
              [
                153.16194231711,
                -30.035978005582
              ],
              [
                153.16196749252,
                -30.035842918333
              ],
              [
                153.16203248741,
                -30.035497638009
              ],
              [
                153.16244120336,
                -30.033326308546
              ],
              [
                153.16262552364,
                -30.032345900438
              ],
              [
                153.16285944539,
                -30.032434512779
              ],
              [
                153.16302444084,
                -30.032502508799
              ],
              [
                153.16309644569,
                -30.032536513163
              ],
              [
                153.16321544115,
                -30.032593506981
              ],
              [
                153.16334043649,
                -30.032650508413
              ],
              [
                153.16349843277,
                -30.032621508008
              ],
              [
                153.16355843654,
                -30.032575508059
              ],
              [
                153.16361043191,
                -30.032552506543
              ],
              [
                153.16367643113,
                -30.032472512274
              ],
              [
                153.16374842921,
                -30.032368511956
              ],
              [
                153.16382642725,
                -30.032242510433
              ],
              [
                153.16391142352,
                -30.032098511359
              ],
              [
                153.16402341956,
                -30.031903507395
              ],
              [
                153.16413442629,
                -30.031737507969
              ],
              [
                153.16435741455,
                -30.031466509092
              ],
              [
                153.16450141427,
                -30.031346506676
              ],
              [
                153.16461941078,
                -30.031242507378
              ],
              [
                153.16475740501,
                -30.031121503854
              ],
              [
                153.16492840941,
                -30.03102350324
              ],
              [
                153.16511240313,
                -30.030937505239
              ],
              [
                153.16525739961,
                -30.030856510235
              ],
              [
                153.16538400079,
                -30.030714633755
              ]
            ]
          ]
        ]
      },
      "properties": {
        "leadAgency": "Forestry Corporation NSW",
        "lga": "Coffs Harbour",
        "supportingAgencies": "Department of Planning, Housing & Infrastructure - Crown Lands, NSW National Parks and Wildlife Service",
        "size": "2985.23 ha",
        "location": "WEDDING BELLS STATE FOREST",
        "guarReference": "BA20260313000217",
        "tenure": "National Park, Forestry, Crown Land",
        "startDate": "14/03/2026",
        "endDate": "30/04/2026"
      }
    },
    {
      "type": "Feature",
      "geometry": {
        "type": "MultiPolygon",
        "coordinates": [
          [
            [
              [
                149.91547035451,
                -36.755813366891
              ],
              [
                149.91593169446,
                -36.755185865856
              ],
              [
                149.91639303441,
                -36.754773259638
              ],
              [
                149.91680073018,
                -36.754842027495
              ],
              [
                149.91791652913,
                -36.755529702675
              ],
              [
                149.91875337834,
                -36.756483841777
              ],
              [
                149.91877483602,
                -36.756999587701
              ],
              [
                149.91918253179,
                -36.758349106462
              ],
              [
                149.9181740212,
                -36.758117025308
              ],
              [
                149.91750883336,
                -36.757661456557
              ],
              [
                149.91703676458,
                -36.757352012088
              ],
              [
                149.91644667859,
                -36.759371974291
              ],
              [
                149.91583513494,
                -36.759243042123
              ],
              [
                149.91513776059,
                -36.759157087223
              ],
              [
                149.91426872487,
                -36.75899377265
              ],
              [
                149.91427945371,
                -36.758907817471
              ],
              [
                149.91464423413,
                -36.758082642855
              ],
              [
                149.91492318387,
                -36.758031069147
              ],
              [
                149.91503047223,
                -36.757609882566
              ],
              [
                149.91509055378,
                -36.757283246481
              ],
              [
                149.91521286244,
                -36.75668154479
              ],
              [
                149.91528152693,
                -36.756274962567
              ],
              [
                149.91547035451,
                -36.755813366891
              ]
            ]
          ]
        ]
      },
      "properties": {
        "leadAgency": "NSW Rural Fire Service",
        "lga": "Bega Valley",
        "supportingAgencies": "Department of Planning, Housing & Infrastructure - Crown Lands, Private",
        "size": "11.89 ha",
        "location": "SHADY LANE",
        "guarReference": "BA20240521000606",
        "tenure": "Private, Crown Land",
        "startDate": "14/03/2026",
        "endDate": "31/03/2026"
      }
    },
    {
      "type": "Feature",
      "geometry": {
        "type": "MultiPolygon",
        "coordinates": [
          [
            [
              [
                152.37435855468,
                -28.539948151027
              ],
              [
                152.37440651097,
                -28.53994837703
              ],
              [
                152.37445054601,
                -28.539948574008
              ],
              [
                152.37453264009,
                -28.539894798227
              ],
              [
                152.37465550344,
                -28.539859259549
              ],
              [
                152.37481893497,
                -28.539878065985
              ],
              [
                152.37487684572,
                -28.539878334865
              ],
              [
                152.37531132263,
                -28.540011318864
              ],
              [
                152.37530870648,
                -28.540024741747
              ],
              [
                152.37534937535,
                -28.540061028248
              ],
              [
                152.37545143143,
                -28.540088583007
              ],
              [
                152.37551055018,
                -28.540095385504
              ],
              [
                152.37545590874,
                -28.540151699131
              ],
              [
                152.37545289195,
                -28.540153702125
              ],
              [
                152.37550142967,
                -28.540153919273
              ],
              [
                152.37557329523,
                -28.540168912141
              ],
              [
                152.37560573645,
                -28.540135357689
              ],
              [
                152.37560792235,
                -28.540133284319
              ],
              [
                152.37560962126,
                -28.540131611663
              ],
              [
                152.37561167429,
                -28.540129535322
              ],
              [
                152.37562692297,
                -28.540115519863
              ],
              [
                152.37578160645,
                -28.540032455834
              ],
              [
                152.37578284279,
                -28.540031777672
              ],
              [
                152.37580626918,
                -28.540019192945
              ],
              [
                152.3759104784,
                -28.540070535126
              ],
              [
                152.37597051314,
                -28.54012856446
              ],
              [
                152.37597651823,
                -28.540134744984
              ],
              [
                152.3758687372,
                -28.540275913184
              ],
              [
                152.37584868031,
                -28.540325092674
              ],
              [
                152.37577697261,
                -28.540351834261
              ],
              [
                152.37570462181,
                -28.540486902159
              ],
              [
                152.37562113881,
                -28.540590189993
              ],
              [
                152.37558105835,
                -28.540639775376
              ],
              [
                152.3755747247,
                -28.540665238121
              ],
              [
                152.37554965347,
                -28.540766004521
              ],
              [
                152.37560000972,
                -28.540892598287
              ],
              [
                152.37563288085,
                -28.540929762179
              ],
              [
                152.3757523227,
                -28.541064796187
              ],
              [
                152.37579314876,
                -28.541074016935
              ],
              [
                152.37584437054,
                -28.541056193051
              ],
              [
                152.37589558265,
                -28.541038378598
              ],
              [
                152.37615079817,
                -28.541093713668
              ],
              [
                152.37635453535,
                -28.541211987578
              ],
              [
                152.37652792351,
                -28.541275965277
              ],
              [
                152.37666074242,
                -28.541285607023
              ],
              [
                152.37680411255,
                -28.541241129266
              ],
              [
                152.3771114939,
                -28.541116171655
              ],
              [
                152.37730613065,
                -28.541044853263
              ],
              [
                152.37746977561,
                -28.541027556393
              ],
              [
                152.37764380603,
                -28.540983223976
              ],
              [
                152.37776651417,
                -28.540974756654
              ],
              [
                152.37792990329,
                -28.541002583388
              ],
              [
                152.37799085948,
                -28.541066050137
              ],
              [
                152.37801108964,
                -28.541102247284
              ],
              [
                152.37791856604,
                -28.541192085485
              ],
              [
                152.37791850347,
                -28.541201858977
              ],
              [
                152.37791835542,
                -28.541228185165
              ],
              [
                152.37795923697,
                -28.541228380132
              ],
              [
                152.37823574563,
                -28.541139382043
              ],
              [
                152.37834817891,
                -28.541139899424
              ],
              [
                152.37841941049,
                -28.541194380644
              ],
              [
                152.37851670574,
                -28.541266775441
              ],
              [
                152.37866425237,
                -28.541276736247
              ],
              [
                152.37869517846,
                -28.541231748571
              ],
              [
                152.37890550929,
                -28.541152141957
              ],
              [
                152.37888712579,
                -28.541177675587
              ],
              [
                152.37898677631,
                -28.541173239785
              ],
              [
                152.37900202231,
                -28.541152013167
              ],
              [
                152.37900387578,
                -28.541149666425
              ],
              [
                152.37903878799,
                -28.541108445171
              ],
              [
                152.37915609123,
                -28.541071379135
              ],
              [
                152.37927885495,
                -28.541053894198
              ],
              [
                152.37930707864,
                -28.541070690803
              ],
              [
                152.37937053741,
                -28.541108462636
              ],
              [
                152.37938389847,
                -28.541199395818
              ],
              [
                152.37927288406,
                -28.541341588957
              ],
              [
                152.3791030205,
                -28.541496492279
              ],
              [
                152.37897889218,
                -28.541657281969
              ],
              [
                152.37882233089,
                -28.541761166907
              ],
              [
                152.3786910464,
                -28.54193577521
              ],
              [
                152.37865219624,
                -28.541961474026
              ],
              [
                152.37861141887,
                -28.54201134466
              ],
              [
                152.37863509123,
                -28.542023436194
              ],
              [
                152.37871085693,
                -28.542044180701
              ],
              [
                152.3787619588,
                -28.542044415076
              ],
              [
                152.37894594427,
                -28.541975795966
              ],
              [
                152.37907824514,
                -28.541963420571
              ],
              [
                152.37925407505,
                -28.542042065545
              ],
              [
                152.37957660038,
                -28.54216030018
              ],
              [
                152.37976728311,
                -28.542213066611
              ],
              [
                152.37997288752,
                -28.542226981255
              ],
              [
                152.38009855817,
                -28.542254548026
              ],
              [
                152.38029579215,
                -28.542280344388
              ],
              [
                152.38045640441,
                -28.542449734613
              ],
              [
                152.38049987519,
                -28.542553718914
              ],
              [
                152.38050369134,
                -28.542564009915
              ],
              [
                152.3805143393,
                -28.542592711041
              ],
              [
                152.38051365301,
                -28.542709467604
              ],
              [
                152.38031017682,
                -28.542981195184
              ],
              [
                152.38009441387,
                -28.543169763926
              ],
              [
                152.379981559,
                -28.54324145674
              ],
              [
                152.3797762798,
                -28.543384939695
              ],
              [
                152.37965691647,
                -28.543496930533
              ],
              [
                152.37962734195,
                -28.543529229084
              ],
              [
                152.37963442439,
                -28.543574668504
              ],
              [
                152.37977387948,
                -28.543594758073
              ],
              [
                152.37997965239,
                -28.543566391667
              ],
              [
                152.38027596915,
                -28.543585803486
              ],
              [
                152.38048019079,
                -28.543622837015
              ],
              [
                152.38070454523,
                -28.543714125654
              ],
              [
                152.38092847104,
                -28.54387761395
              ],
              [
                152.38124386573,
                -28.544131787304
              ],
              [
                152.38148748844,
                -28.544421739608
              ],
              [
                152.38164828479,
                -28.544647671667
              ],
              [
                152.38176475527,
                -28.544829823868
              ],
              [
                152.3818718601,
                -28.545118510218
              ],
              [
                152.38187917301,
                -28.545362255809
              ],
              [
                152.3818345683,
                -28.545452863132
              ],
              [
                152.38167452669,
                -28.545650165119
              ],
              [
                152.38146977242,
                -28.545703392495
              ],
              [
                152.38146085175,
                -28.545703933839
              ],
              [
                152.38145989299,
                -28.545697819988
              ],
              [
                152.38145802617,
                -28.545691919701
              ],
              [
                152.3814552937,
                -28.545686367044
              ],
              [
                152.38144390733,
                -28.545689959071
              ],
              [
                152.3813168936,
                -28.545705386189
              ],
              [
                152.38119663083,
                -28.545720001067
              ],
              [
                152.38119316422,
                -28.54572042028
              ],
              [
                152.38092717294,
                -28.545845334316
              ],
              [
                152.380896192,
                -28.545899356914
              ],
              [
                152.38084450481,
                -28.545998407519
              ],
              [
                152.3807316918,
                -28.546061076673
              ],
              [
                152.38035332637,
                -28.546086430123
              ],
              [
                152.37990329456,
                -28.546129502017
              ],
              [
                152.37927901341,
                -28.546253016466
              ],
              [
                152.37899258988,
                -28.546287818811
              ],
              [
                152.37886091205,
                -28.546288763374
              ],
              [
                152.3782259002,
                -28.546293330683
              ],
              [
                152.37806229157,
                -28.546301613072
              ],
              [
                152.37801056427,
                -28.546318514496
              ],
              [
                152.37797061438,
                -28.546247033813
              ],
              [
                152.37797152114,
                -28.546093590665
              ],
              [
                152.3780033007,
                -28.545904184877
              ],
              [
                152.37801468337,
                -28.545705657033
              ],
              [
                152.37796432118,
                -28.545579063535
              ],
              [
                152.37786268922,
                -28.545479301554
              ],
              [
                152.37780394841,
                -28.545461720638
              ],
              [
                152.37780146484,
                -28.545460968332
              ],
              [
                152.37774977509,
                -28.545560026519
              ],
              [
                152.3777183608,
                -28.545686248489
              ],
              [
                152.37777810193,
                -28.545957308406
              ],
              [
                152.37774721884,
                -28.545993271482
              ],
              [
                152.37771666706,
                -28.545975084013
              ],
              [
                152.37753373487,
                -28.545793716171
              ],
              [
                152.3773506934,
                -28.545630407248
              ],
              [
                152.37727945903,
                -28.545575925083
              ],
              [
                152.37720801383,
                -28.545557542752
              ],
              [
                152.37719337687,
                -28.545562634272
              ],
              [
                152.37715679947,
                -28.545575357874
              ],
              [
                152.37715647852,
                -28.54562951691
              ],
              [
                152.37724794373,
                -28.545720196639
              ],
              [
                152.37737987102,
                -28.545883271252
              ],
              [
                152.37748166811,
                -28.545955949441
              ],
              [
                152.37753256188,
                -28.545992293231
              ],
              [
                152.37754246154,
                -28.546046492083
              ],
              [
                152.37742949119,
                -28.546136241892
              ],
              [
                152.37743950131,
                -28.546172390579
              ],
              [
                152.37757222654,
                -28.546200072092
              ],
              [
                152.37779630882,
                -28.546336500995
              ],
              [
                152.37782509557,
                -28.546380592634
              ],
              [
                152.37774478318,
                -28.546408466026
              ],
              [
                152.37759112927,
                -28.546461921533
              ],
              [
                152.37735528728,
                -28.546587213341
              ],
              [
                152.37725242601,
                -28.546695053038
              ],
              [
                152.37725213757,
                -28.546744694874
              ],
              [
                152.37721132148,
                -28.546730967205
              ],
              [
                152.37717487251,
                -28.546702510982
              ],
              [
                152.37716032757,
                -28.546712681963
              ],
              [
                152.37707855048,
                -28.546712309903
              ],
              [
                152.37701748113,
                -28.546666901419
              ],
              [
                152.37695652191,
                -28.546603433725
              ],
              [
                152.3769185912,
                -28.546574422901
              ],
              [
                152.37688528702,
                -28.546548951256
              ],
              [
                152.3767932891,
                -28.546548530165
              ],
              [
                152.37668042753,
                -28.546620220132
              ],
              [
                152.37664933267,
                -28.546692282874
              ],
              [
                152.37659774095,
                -28.546773281988
              ],
              [
                152.37655680213,
                -28.546782120637
              ],
              [
                152.37642428706,
                -28.54671832905
              ],
              [
                152.37621027146,
                -28.546609030188
              ],
              [
                152.3761084198,
                -28.54654538493
              ],
              [
                152.37596621745,
                -28.546391284946
              ],
              [
                152.37572169639,
                -28.546254763692
              ],
              [
                152.37559951392,
                -28.546172960984
              ],
              [
                152.37554898848,
                -28.546073441651
              ],
              [
                152.37548829768,
                -28.545964848268
              ],
              [
                152.37541716487,
                -28.545892315246
              ],
              [
                152.37529493787,
                -28.545819536885
              ],
              [
                152.37522348322,
                -28.545801162803
              ],
              [
                152.37513170743,
                -28.545764631086
              ],
              [
                152.37501000515,
                -28.545601602986
              ],
              [
                152.37494882605,
                -28.545574234675
              ],
              [
                152.37484656345,
                -28.54558279668
              ],
              [
                152.3747853396,
                -28.545564461895
              ],
              [
                152.374693443,
                -28.545545980478
              ],
              [
                152.37453995536,
                -28.545572356714
              ],
              [
                152.37438620007,
                -28.545643857708
              ],
              [
                152.37437304511,
                -28.545659661688
              ],
              [
                152.37431987039,
                -28.545723515744
              ],
              [
                152.3743058187,
                -28.545740397046
              ],
              [
                152.37415563749,
                -28.545677487492
              ],
              [
                152.37406417214,
                -28.545565218089
              ],
              [
                152.37395490849,
                -28.545467719807
              ],
              [
                152.37396213951,
                -28.545454132134
              ],
              [
                152.37396280333,
                -28.545452912166
              ],
              [
                152.37396890949,
                -28.545441565924
              ],
              [
                152.37397191024,
                -28.545435958277
              ],
              [
                152.3738460471,
                -28.54546044672
              ],
              [
                152.37371627526,
                -28.545702735668
              ],
              [
                152.3737147916,
                -28.545705651398
              ],
              [
                152.37371298764,
                -28.545709726409
              ],
              [
                152.37370515991,
                -28.545726036246
              ],
              [
                152.37366350642,
                -28.545812774381
              ],
              [
                152.37366172731,
                -28.545817100641
              ],
              [
                152.37366038217,
                -28.545821866863
              ],
              [
                152.37360877882,
                -28.546060791343
              ],
              [
                152.37351755332,
                -28.546254808899
              ],
              [
                152.37346021546,
                -28.546379458932
              ],
              [
                152.37342271455,
                -28.546406645015
              ],
              [
                152.37338286266,
                -28.546406464663
              ],
              [
                152.37328147651,
                -28.54657066746
              ],
              [
                152.37317919069,
                -28.546531403138
              ],
              [
                152.37294076317,
                -28.546474819856
              ],
              [
                152.37297424366,
                -28.546517518449
              ],
              [
                152.37291116248,
                -28.546564155622
              ],
              [
                152.37287631708,
                -28.546991638814
              ],
              [
                152.37287620825,
                -28.546994149529
              ],
              [
                152.37287427797,
                -28.547319635624
              ],
              [
                152.37287463141,
                -28.547324668156
              ],
              [
                152.37287572615,
                -28.547329592873
              ],
              [
                152.37293962892,
                -28.547540769217
              ],
              [
                152.37302305924,
                -28.547803760263
              ],
              [
                152.37301109346,
                -28.548100156409
              ],
              [
                152.37278234491,
                -28.548327330303
              ],
              [
                152.37239092715,
                -28.548669347933
              ],
              [
                152.37238698527,
                -28.548673280923
              ],
              [
                152.37238367964,
                -28.548677761948
              ],
              [
                152.37238108542,
                -28.548682689104
              ],
              [
                152.37237926162,
                -28.548687950337
              ],
              [
                152.37230155094,
                -28.548993941647
              ],
              [
                152.37230066392,
                -28.548999038576
              ],
              [
                152.37226613956,
                -28.549360997443
              ],
              [
                152.37222593508,
                -28.549561078321
              ],
              [
                152.37222538424,
                -28.549563537021
              ],
              [
                152.37201219231,
                -28.54950516445
              ],
              [
                152.37183911591,
                -28.549387020196
              ],
              [
                152.37174759657,
                -28.549305360994
              ],
              [
                152.37166604047,
                -28.549268884696
              ],
              [
                152.37149214834,
                -28.549286124879
              ],
              [
                152.37129836245,
                -28.549213024397
              ],
              [
                152.37110462203,
                -28.549130889954
              ],
              [
                152.37097253354,
                -28.548994883043
              ],
              [
                152.37098297779,
                -28.548958822917
              ],
              [
                152.37119774312,
                -28.548941763278
              ],
              [
                152.37130018805,
                -28.548906137559
              ],
              [
                152.37141316776,
                -28.548816393294
              ],
              [
                152.3714136951,
                -28.548726134513
              ],
              [
                152.37140801395,
                -28.548723589454
              ],
              [
                152.37137292245,
                -28.548707896038
              ],
              [
                152.37127053363,
                -28.548734496693
              ],
              [
                152.37105538837,
                -28.548814740812
              ],
              [
                152.37101429066,
                -28.548850652458
              ],
              [
                152.37092239207,
                -28.548832177026
              ],
              [
                152.37079014674,
                -28.548723244851
              ],
              [
                152.37068878899,
                -28.548578360189
              ],
              [
                152.37067910602,
                -28.548488051607
              ],
              [
                152.3708021952,
                -28.548416407568
              ],
              [
                152.37082274936,
                -28.548398456057
              ],
              [
                152.37110885801,
                -28.548417832607
              ],
              [
                152.37121119067,
                -28.548400257215
              ],
              [
                152.37129355253,
                -28.548301349486
              ],
              [
                152.37145242049,
                -28.54817576423
              ],
              [
                152.37142353498,
                -28.548115397054
              ],
              [
                152.3715052314,
                -28.547932747419
              ],
              [
                152.37160972034,
                -28.547790875871
              ],
              [
                152.37166164414,
                -28.547681164802
              ],
              [
                152.37178743139,
                -28.547571251749
              ],
              [
                152.37187613386,
                -28.547527732231
              ],
              [
                152.37204922275,
                -28.5474675242
              ],
              [
                152.37221086487,
                -28.54739710101
              ],
              [
                152.37237237459,
                -28.547347000163
              ],
              [
                152.37244592309,
                -28.54733806894
              ],
              [
                152.37240803861,
                -28.547159060042
              ],
              [
                152.37236287629,
                -28.547006322958
              ],
              [
                152.37231748245,
                -28.546894265551
              ],
              [
                152.37226422912,
                -28.546654032171
              ],
              [
                152.37218534291,
                -28.546583643319
              ],
              [
                152.37224175288,
                -28.546577708464
              ],
              [
                152.37215498762,
                -28.546514347725
              ],
              [
                152.37214687118,
                -28.546515203338
              ],
              [
                152.3721441644,
                -28.546515524655
              ],
              [
                152.37213962835,
                -28.546516098982
              ],
              [
                152.37213520619,
                -28.546517260888
              ],
              [
                152.37213097367,
                -28.546518990463
              ],
              [
                152.37212673512,
                -28.546520877645
              ],
              [
                152.37200107479,
                -28.546575496145
              ],
              [
                152.37178228273,
                -28.546671536851
              ],
              [
                152.37177743984,
                -28.546673998885
              ],
              [
                152.37177299366,
                -28.546677120856
              ],
              [
                152.3717690335,
                -28.546680840048
              ],
              [
                152.37176563891,
                -28.546685081753
              ],
              [
                152.3717628781,
                -28.546689760764
              ],
              [
                152.37170722849,
                -28.54680594156
              ],
              [
                152.37162326866,
                -28.546888436315
              ],
              [
                152.37139764694,
                -28.547006554379
              ],
              [
                152.37139336989,
                -28.547009125867
              ],
              [
                152.37138944851,
                -28.547012212673
              ],
              [
                152.37138594451,
                -28.547015766207
              ],
              [
                152.37128153915,
                -28.547137344149
              ],
              [
                152.37127875628,
                -28.547141016704
              ],
              [
                152.3712764991,
                -28.547145033814
              ],
              [
                152.37127480961,
                -28.547149320732
              ],
              [
                152.37127371925,
                -28.54715379769
              ],
              [
                152.37124175026,
                -28.547344399714
              ],
              [
                152.37115141959,
                -28.547367865468
              ],
              [
                152.3711448749,
                -28.547370118799
              ],
              [
                152.37102939517,
                -28.547420442881
              ],
              [
                152.37102467062,
                -28.547422843628
              ],
              [
                152.37102030982,
                -28.547425855012
              ],
              [
                152.37101639122,
                -28.547429422865
              ],
              [
                152.37101298531,
                -28.547433483007
              ],
              [
                152.37095494019,
                -28.547514538373
              ],
              [
                152.3709524895,
                -28.547518473035
              ],
              [
                152.3709506029,
                -28.547522707206
              ],
              [
                152.37094931621,
                -28.547527160507
              ],
              [
                152.37092839651,
                -28.547625890061
              ],
              [
                152.37081772732,
                -28.54770499195
              ],
              [
                152.37059277008,
                -28.547783238368
              ],
              [
                152.37058897933,
                -28.54778475362
              ],
              [
                152.37035200799,
                -28.547892974677
              ],
              [
                152.37012561605,
                -28.547928218618
              ],
              [
                152.37007234716,
                -28.547880685561
              ],
              [
                152.37007303948,
                -28.547765731343
              ],
              [
                152.37010862611,
                -28.547534160969
              ],
              [
                152.37010894909,
                -28.547528850391
              ],
              [
                152.37010839926,
                -28.547523558486
              ],
              [
                152.37010699145,
                -28.547518427735
              ],
              [
                152.37010476353,
                -28.547513596278
              ],
              [
                152.37002503171,
                -28.5473708656
              ],
              [
                152.37002267526,
                -28.547367214006
              ],
              [
                152.37002014819,
                -28.547364138017
              ],
              [
                152.36993005469,
                -28.547265891179
              ],
              [
                152.36994849233,
                -28.54720215706
              ],
              [
                152.36994951545,
                -28.547197125401
              ],
              [
                152.3699497272,
                -28.547191995146
              ],
              [
                152.36994912223,
                -28.547186896287
              ],
              [
                152.36994771586,
                -28.54718195802
              ],
              [
                152.36994554372,
                -28.547177305474
              ],
              [
                152.36991414845,
                -28.547121144229
              ],
              [
                152.36988290641,
                -28.546940246652
              ],
              [
                152.36996212094,
                -28.546647520701
              ],
              [
                152.37016511168,
                -28.546337210492
              ],
              [
                152.37016750424,
                -28.546332937652
              ],
              [
                152.37016923918,
                -28.546328358186
              ],
              [
                152.3701702784,
                -28.546323572632
              ],
              [
                152.37023418221,
                -28.545856057845
              ],
              [
                152.3702840017,
                -28.545650314006
              ],
              [
                152.37032961629,
                -28.545603822918
              ],
              [
                152.37035876355,
                -28.545598812115
              ],
              [
                152.3705419358,
                -28.545633736643
              ],
              [
                152.37071283641,
                -28.545687894513
              ],
              [
                152.37071602164,
                -28.545688777328
              ],
              [
                152.37090999945,
                -28.545734828774
              ],
              [
                152.37091717588,
                -28.545735938845
              ],
              [
                152.37092443759,
                -28.545735905791
              ],
              [
                152.37093160363,
                -28.545734730436
              ],
              [
                152.37100324929,
                -28.545716990183
              ],
              [
                152.37100937015,
                -28.545715055951
              ],
              [
                152.37101510343,
                -28.545712168774
              ],
              [
                152.37102030187,
                -28.545708402805
              ],
              [
                152.37102483194,
                -28.545703854769
              ],
              [
                152.37102857732,
                -28.545698641475
              ],
              [
                152.37106993469,
                -28.545626573846
              ],
              [
                152.37107232236,
                -28.545621490029
              ],
              [
                152.37107380725,
                -28.545616073272
              ],
              [
                152.37107434578,
                -28.545610482553
              ],
              [
                152.37107519974,
                -28.545460665939
              ],
              [
                152.37108807645,
                -28.545406098801
              ],
              [
                152.37108884614,
                -28.545400934962
              ],
              [
                152.37108877746,
                -28.545395714526
              ],
              [
                152.37108787219,
                -28.545390572723
              ],
              [
                152.37108615377,
                -28.545385642742
              ],
              [
                152.37108366672,
                -28.54538105229
              ],
              [
                152.3710533416,
                -28.545333622017
              ],
              [
                152.37106592974,
                -28.545322621361
              ],
              [
                152.37106942449,
                -28.54531918877
              ],
              [
                152.37107240079,
                -28.545315298069
              ],
              [
                152.37107479928,
                -28.545311026867
              ],
              [
                152.37107657211,
                -28.545306460361
              ],
              [
                152.37107768392,
                -28.54530168964
              ],
              [
                152.37108969741,
                -28.54522040058
              ],
              [
                152.37109003926,
                -28.545215932364
              ],
              [
                152.3710902725,
                -28.545177722446
              ],
              [
                152.37112762282,
                -28.545136915545
              ],
              [
                152.37113084426,
                -28.545132844392
              ],
              [
                152.37113344219,
                -28.545128349653
              ],
              [
                152.37117679544,
                -28.545038164281
              ],
              [
                152.37117824458,
                -28.545034655264
              ],
              [
                152.37117944476,
                -28.545030202127
              ],
              [
                152.37120054493,
                -28.54492197337
              ],
              [
                152.37120112465,
                -28.544916672518
              ],
              [
                152.3712008144,
                -28.544911349093
              ],
              [
                152.37119962283,
                -28.544906151472
              ],
              [
                152.37115947136,
                -28.544779614442
              ],
              [
                152.3711577716,
                -28.544775320123
              ],
              [
                152.37109739626,
                -28.544649089172
              ],
              [
                152.37103819045,
                -28.544515774531
              ],
              [
                152.37104633946,
                -28.544480449819
              ],
              [
                152.37104720703,
                -28.544477120462
              ],
              [
                152.37104778834,
                -28.544474308871
              ],
              [
                152.37105787011,
                -28.544431162737
              ],
              [
                152.37118928526,
                -28.544249562754
              ],
              [
                152.37128742288,
                -28.544182855853
              ],
              [
                152.37137960042,
                -28.544122476796
              ],
              [
                152.37138199229,
                -28.544120781723
              ],
              [
                152.37147453697,
                -28.544050065434
              ],
              [
                152.37147785243,
                -28.544047228739
              ],
              [
                152.37149876789,
                -28.544027088482
              ],
              [
                152.37150092814,
                -28.544025097473
              ],
              [
                152.37150355057,
                -28.544022454514
              ],
              [
                152.37152712767,
                -28.543999993999
              ],
              [
                152.37163682916,
                -28.543960243492
              ],
              [
                152.37164269987,
                -28.543957581293
              ],
              [
                152.37164807851,
                -28.54395402846
              ],
              [
                152.37165283108,
                -28.54394967352
              ],
              [
                152.37169519525,
                -28.543903482882
              ],
              [
                152.3717922114,
                -28.543847669779
              ],
              [
                152.37179741586,
                -28.54384416043
              ],
              [
                152.37180195307,
                -28.543839822721
              ],
              [
                152.37180569274,
                -28.543834781209
              ],
              [
                152.37180852748,
                -28.543829180657
              ],
              [
                152.37189079403,
                -28.543617337893
              ],
              [
                152.37195731365,
                -28.543510983819
              ],
              [
                152.37207007451,
                -28.543381184099
              ],
              [
                152.37225442107,
                -28.543193256419
              ],
              [
                152.37225775819,
                -28.543189353243
              ],
              [
                152.37226048962,
                -28.543185004626
              ],
              [
                152.37226255681,
                -28.543180303784
              ],
              [
                152.3723665076,
                -28.542882919518
              ],
              [
                152.37236763261,
                -28.542878929482
              ],
              [
                152.37238866706,
                -28.542779762276
              ],
              [
                152.37238929086,
                -28.542775142542
              ],
              [
                152.37238924391,
                -28.542770481119
              ],
              [
                152.37238852721,
                -28.542765874884
              ],
              [
                152.37238715564,
                -28.542761419565
              ],
              [
                152.37238515771,
                -28.542757207755
              ],
              [
                152.37235484018,
                -28.542702900332
              ],
              [
                152.3723514441,
                -28.542697908453
              ],
              [
                152.37234729326,
                -28.54269352407
              ],
              [
                152.37234249457,
                -28.54268986009
              ],
              [
                152.37227085957,
                -28.542644172707
              ],
              [
                152.37226458689,
                -28.542640891672
              ],
              [
                152.37225787076,
                -28.542638654402
              ],
              [
                152.37225088356,
                -28.542637518315
              ],
              [
                152.37213847318,
                -28.542627962488
              ],
              [
                152.3721324747,
                -28.54262784754
              ],
              [
                152.37212856517,
                -28.542628196485
              ],
              [
                152.37199559027,
                -28.542645669267
              ],
              [
                152.37199245632,
                -28.542646190269
              ],
              [
                152.37198857276,
                -28.542647159961
              ],
              [
                152.37168760979,
                -28.542736722704
              ],
              [
                152.37159796698,
                -28.542703958443
              ],
              [
                152.37155026592,
                -28.542647186972
              ],
              [
                152.37154323632,
                -28.542595228144
              ],
              [
                152.37155776582,
                -28.542569906916
              ],
              [
                152.37164239064,
                -28.54244004337
              ],
              [
                152.37164376689,
                -28.542437736464
              ],
              [
                152.3717130028,
                -28.542311096024
              ],
              [
                152.37187453657,
                -28.542015503161
              ],
              [
                152.37201069541,
                -28.541866865653
              ],
              [
                152.3720114906,
                -28.54186597323
              ],
              [
                152.37214974092,
                -28.54170489203
              ],
              [
                152.37238855448,
                -28.541466428865
              ],
              [
                152.37269760104,
                -28.541278880734
              ],
              [
                152.37270190608,
                -28.541275877304
              ],
              [
                152.37270576238,
                -28.54127231598
              ],
              [
                152.37270909817,
                -28.541268263018
              ],
              [
                152.37288215452,
                -28.541023332752
              ],
              [
                152.37288454124,
                -28.541019469
              ],
              [
                152.37288637636,
                -28.541015314802
              ],
              [
                152.37288762529,
                -28.541010948433
              ],
              [
                152.37288826451,
                -28.541006452167
              ],
              [
                152.37289972987,
                -28.540839632181
              ],
              [
                152.37303301422,
                -28.540747323297
              ],
              [
                152.37303728177,
                -28.540743936763
              ],
              [
                152.37304099801,
                -28.540739953024
              ],
              [
                152.37304408022,
                -28.540735460747
              ],
              [
                152.37304645981,
                -28.540730559915
              ],
              [
                152.37304783508,
                -28.540726486396
              ],
              [
                152.37304989826,
                -28.540721606447
              ],
              [
                152.37305027889,
                -28.540720606674
              ],
              [
                152.3730952393,
                -28.540603604854
              ],
              [
                152.37309560922,
                -28.540602596554
              ],
              [
                152.37309693283,
                -28.540597461793
              ],
              [
                152.37313223454,
                -28.540392873397
              ],
              [
                152.37314983384,
                -28.540290833933
              ],
              [
                152.37315004836,
                -28.540289436105
              ],
              [
                152.37317806512,
                -28.540069495487
              ],
              [
                152.37317891225,
                -28.540062841085
              ],
              [
                152.3731822116,
                -28.540036795377
              ],
              [
                152.37318244247,
                -28.540031475945
              ],
              [
                152.3731738959,
                -28.539824121899
              ],
              [
                152.37323050633,
                -28.539725401635
              ],
              [
                152.37334212337,
                -28.539557183525
              ],
              [
                152.37339758926,
                -28.539492586152
              ],
              [
                152.37352484537,
                -28.539425950777
              ],
              [
                152.37354452611,
                -28.539415645957
              ],
              [
                152.37354967738,
                -28.539412461733
              ],
              [
                152.37355427341,
                -28.53940851821
              ],
              [
                152.37355820331,
                -28.539403910532
              ],
              [
                152.37357824306,
                -28.539375778766
              ],
              [
                152.37358008016,
                -28.539373324701
              ],
              [
                152.37358199862,
                -28.539370515412
              ],
              [
                152.37360972022,
                -28.539331984375
              ],
              [
                152.37361219595,
                -28.539328020582
              ],
              [
                152.37361408851,
                -28.539323747509
              ],
              [
                152.37361536012,
                -28.53931925041
              ],
              [
                152.37361598543,
                -28.539314619006
              ],
              [
                152.37362721365,
                -28.539126601323
              ],
              [
                152.37364677258,
                -28.539002164487
              ],
              [
                152.37366514212,
                -28.538980751576
              ],
              [
                152.37369537675,
                -28.538945585473
              ],
              [
                152.37379947162,
                -28.538907827402
              ],
              [
                152.37419460754,
                -28.538927087111
              ],
              [
                152.37429987073,
                -28.538952955624
              ],
              [
                152.37471760863,
                -28.539113346363
              ],
              [
                152.37483370553,
                -28.539225566597
              ],
              [
                152.3748348277,
                -28.539226606197
              ],
              [
                152.37490449376,
                -28.539288785833
              ],
              [
                152.3749090397,
                -28.539292266737
              ],
              [
                152.37491401252,
                -28.539295104562
              ],
              [
                152.37491932186,
                -28.539297247735
              ],
              [
                152.37492487122,
                -28.539298657306
              ],
              [
                152.37506950082,
                -28.539326223182
              ],
              [
                152.37499075384,
                -28.539390122486
              ],
              [
                152.37492701573,
                -28.539441847022
              ],
              [
                152.3749010234,
                -28.5394629398
              ],
              [
                152.37482657461,
                -28.539519333604
              ],
              [
                152.37467130186,
                -28.539625722969
              ],
              [
                152.37448924514,
                -28.539768870185
              ],
              [
                152.37435855468,
                -28.539948151027
              ],
              [
                152.3786435379,
                -28.543325182474
              ],
              [
                152.37870105921,
                -28.543350047223
              ],
              [
                152.37900478518,
                -28.54321502054
              ],
              [
                152.37901064124,
                -28.543209895744
              ],
              [
                152.3789107746,
                -28.542961610771
              ],
              [
                152.37885227358,
                -28.542915933411
              ],
              [
                152.37862441077,
                -28.542838096131
              ],
              [
                152.37850006196,
                -28.542849451132
              ],
              [
                152.37852113544,
                -28.543018153927
              ],
              [
                152.37855095623,
                -28.54316270805
              ],
              [
                152.37851743282,
                -28.543216899597
              ],
              [
                152.3786435379,
                -28.543325182474
              ],
              [
                152.37113383555,
                -28.544525570573
              ],
              [
                152.37125721556,
                -28.544562525837
              ],
              [
                152.37130787598,
                -28.544430636364
              ],
              [
                152.37128699314,
                -28.544296508768
              ],
              [
                152.3711784597,
                -28.544315150291
              ],
              [
                152.37109126577,
                -28.544391337777
              ],
              [
                152.37106901367,
                -28.544486981836
              ],
              [
                152.37113383555,
                -28.544525570573
              ],
              [
                152.37435855468,
                -28.539948151027
              ]
            ]
          ]
        ]
      },
      "properties": {
        "leadAgency": "Forestry Corporation NSW",
        "lga": "Tenterfield",
        "supportingAgencies": "Department of Planning, Housing & Infrastructure - Crown Lands",
        "size": "60.02 ha",
        "location": "HILLS GATE ROAD, BEAURY STATE FOREST",
        "guarReference": "BA20260307000191",
        "tenure": "Forestry, Crown Land",
        "startDate": "08/03/2026",
        "endDate": "30/03/2026"
      }
    },
    {
      "type": "Feature",
      "geometry": {
        "type": "MultiPolygon",
        "coordinates": [
          [
            [
              [
                150.2224995949,
                -35.781314534024
              ],
              [
                150.22424839517,
                -35.781342821424
              ],
              [
                150.22519521496,
                -35.781199208365
              ],
              [
                150.22544466039,
                -35.781212264108
              ],
              [
                150.22599451324,
                -35.78124925537
              ],
              [
                150.22619299671,
                -35.781268838972
              ],
              [
                150.22628419181,
                -35.78114698537
              ],
              [
                150.22647194644,
                -35.781154601225
              ],
              [
                150.22665433666,
                -35.781131753657
              ],
              [
                150.22668652317,
                -35.781138281534
              ],
              [
                150.22685550233,
                -35.781107818101
              ],
              [
                150.22687159559,
                -35.781177448788
              ],
              [
                150.22656314155,
                -35.781453794974
              ],
              [
                150.22650145074,
                -35.781529953203
              ],
              [
                150.2263110139,
                -35.781601759466
              ],
              [
                150.2255948641,
                -35.781764955278
              ],
              [
                150.2249109008,
                -35.781923798879
              ],
              [
                150.22482775232,
                -35.781954262
              ],
              [
                150.22474728605,
                -35.781952086063
              ],
              [
                150.22456489584,
                -35.7818737523
              ],
              [
                150.22441469213,
                -35.781847641028
              ],
              [
                150.22351078769,
                -35.781917271066
              ],
              [
                150.22351078769,
                -35.7818737523
              ],
              [
                150.22296629926,
                -35.781838937269
              ],
              [
                150.22252105257,
                -35.781708380768
              ],
              [
                150.22229842922,
                -35.781616991089
              ],
              [
                150.2224995949,
                -35.781314534024
              ]
            ]
          ]
        ]
      },
      "properties": {
        "leadAgency": "NSW Rural Fire Service",
        "lga": "Eurobodalla",
        "supportingAgencies": "Private, NSW Rural Fire Service - Mitigation",
        "size": "2.27 ha",
        "location": "BALOOK",
        "guarReference": "BA20240814000998",
        "tenure": "Private",
        "startDate": "06/03/2026",
        "endDate": "31/03/2026"
      }
    },
    {
      "type": "Feature",
      "geometry": {
        "type": "MultiPolygon",
        "coordinates": [
          [
            [
              [
                149.42655999976,
                -35.417250000635
              ],
              [
                149.4259099993,
                -35.417990000448
              ],
              [
                149.42562999965,
                -35.417830000322
              ],
              [
                149.42438999945,
                -35.417340000475
              ],
              [
                149.42343999968,
                -35.416900001414
              ],
              [
                149.42262000049,
                -35.416470001236
              ],
              [
                149.42089999948,
                -35.415460000799
              ],
              [
                149.41854999936,
                -35.414310000821
              ],
              [
                149.41718000061,
                -35.413520001238
              ],
              [
                149.41702000028,
                -35.413380001258
              ],
              [
                149.41710999955,
                -35.411190001342
              ],
              [
                149.41721999952,
                -35.410500000758
              ],
              [
                149.41760000036,
                -35.408870000482
              ],
              [
                149.41783999982,
                -35.407510000658
              ],
              [
                149.41798000067,
                -35.40697000031
              ],
              [
                149.41831000018,
                -35.406050000654
              ],
              [
                149.4185900003,
                -35.405520000513
              ],
              [
                149.41893000057,
                -35.405460001026
              ],
              [
                149.41925999977,
                -35.405500001399
              ],
              [
                149.42068000034,
                -35.405800001355
              ],
              [
                149.42571000044,
                -35.406360000926
              ],
              [
                149.42647000067,
                -35.406510001405
              ],
              [
                149.42672999963,
                -35.406710000709
              ],
              [
                149.42661999956,
                -35.407230000694
              ],
              [
                149.42630999972,
                -35.408320000847
              ],
              [
                149.42571999965,
                -35.411030000384
              ],
              [
                149.42571315152,
                -35.411096202868
              ],
              [
                149.42562901819,
                -35.411952985733
              ],
              [
                149.42561999938,
                -35.412440000734
              ],
              [
                149.42549586827,
                -35.413308924146
              ],
              [
                149.42547000047,
                -35.41349000073
              ],
              [
                149.42551000007,
                -35.414320000758
              ],
              [
                149.42569000073,
                -35.415110001148
              ],
              [
                149.4258199995,
                -35.415350000739
              ],
              [
                149.42664000054,
                -35.416210001294
              ],
              [
                149.42672999964,
                -35.416460000567
              ],
              [
                149.42671000061,
                -35.416730000518
              ],
              [
                149.42655999976,
                -35.417250000635
              ]
            ]
          ]
        ]
      },
      "properties": {
        "leadAgency": "Private",
        "lga": "Queanbeyan-Palerang",
        "supportingAgencies": "Department of Planning, Housing & Infrastructure - Crown Lands, NSW Rural Fire Service",
        "size": "86.38 ha",
        "location": "",
        "guarReference": "BA20260120000028",
        "tenure": "Private, Crown Land",
        "startDate": "26/02/2026",
        "endDate": "31/03/2026"
      }
    },
    {
      "type": "Feature",
      "geometry": {
        "type": "MultiPolygon",
        "coordinates": [
          [
            [
              [
                149.39159000051,
                -35.427130000437
              ],
              [
                149.39114000055,
                -35.427250000597
              ],
              [
                149.39073000067,
                -35.427710000472
              ],
              [
                149.39039999942,
                -35.428260000503
              ],
              [
                149.38977000051,
                -35.429730000807
              ],
              [
                149.38919000003,
                -35.430590001386
              ],
              [
                149.38839999989,
                -35.431550000949
              ],
              [
                149.38808999998,
                -35.431800000865
              ],
              [
                149.38705000015,
                -35.432250000397
              ],
              [
                149.38668999949,
                -35.432320000584
              ],
              [
                149.38633999951,
                -35.432290001099
              ],
              [
                149.38585000014,
                -35.431830000935
              ],
              [
                149.38511999978,
                -35.431650001293
              ],
              [
                149.38478000025,
                -35.431530000598
              ],
              [
                149.38492999999,
                -35.431160000789
              ],
              [
                149.38505999944,
                -35.430120001348
              ],
              [
                149.3855400006,
                -35.429260000974
              ],
              [
                149.38562000003,
                -35.428980001047
              ],
              [
                149.3858799995,
                -35.428430000381
              ],
              [
                149.38611999994,
                -35.427640001252
              ],
              [
                149.38595999997,
                -35.42759000105
              ],
              [
                149.38562000001,
                -35.427460000842
              ],
              [
                149.38527999971,
                -35.427330000895
              ],
              [
                149.38513000067,
                -35.427280000863
              ],
              [
                149.38486999941,
                -35.427350000784
              ],
              [
                149.38480999994,
                -35.427370001124
              ],
              [
                149.38476999934,
                -35.427260001231
              ],
              [
                149.38472000029,
                -35.427000000908
              ],
              [
                149.38469000021,
                -35.426720000948
              ],
              [
                149.38465999974,
                -35.426410000626
              ],
              [
                149.38453999952,
                -35.426150000435
              ],
              [
                149.38443999966,
                -35.425880001007
              ],
              [
                149.38438000031,
                -35.425610000827
              ],
              [
                149.38433999976,
                -35.425320001028
              ],
              [
                149.38428000036,
                -35.425030000852
              ],
              [
                149.38426000052,
                -35.424750000507
              ],
              [
                149.38426000015,
                -35.424460001042
              ],
              [
                149.38425999973,
                -35.424170000353
              ],
              [
                149.38426000001,
                -35.423860000879
              ],
              [
                149.38426000039,
                -35.423590001047
              ],
              [
                149.3842200002,
                -35.423330001118
              ],
              [
                149.38414999941,
                -35.423030000963
              ],
              [
                149.38407999982,
                -35.422750000557
              ],
              [
                149.38408000014,
                -35.422660000536
              ],
              [
                149.38402999994,
                -35.422490001403
              ],
              [
                149.38376999983,
                -35.422190001255
              ],
              [
                149.38374000027,
                -35.422130001076
              ],
              [
                149.38392999993,
                -35.422000000987
              ],
              [
                149.38404999982,
                -35.421970001298
              ],
              [
                149.38692999969,
                -35.421140000609
              ],
              [
                149.3886099996,
                -35.420560000806
              ],
              [
                149.38896000036,
                -35.420520001201
              ],
              [
                149.38942999935,
                -35.420440001024
              ],
              [
                149.38989999968,
                -35.420340001439
              ],
              [
                149.39035999992,
                -35.420240000443
              ],
              [
                149.39086999934,
                -35.42013000107
              ],
              [
                149.39134999995,
                -35.419980000978
              ],
              [
                149.39182000017,
                -35.419910000478
              ],
              [
                149.39228999962,
                -35.420000001362
              ],
              [
                149.39254999981,
                -35.420350000591
              ],
              [
                149.39269000063,
                -35.420720000947
              ],
              [
                149.39278999981,
                -35.421100000322
              ],
              [
                149.39281999938,
                -35.421510000302
              ],
              [
                149.39285999992,
                -35.421900000812
              ],
              [
                149.39288999938,
                -35.422320001055
              ],
              [
                149.39290999983,
                -35.422740000519
              ],
              [
                149.39298000009,
                -35.423140000676
              ],
              [
                149.39306999982,
                -35.423540000736
              ],
              [
                149.39324000017,
                -35.423940000728
              ],
              [
                149.39330000067,
                -35.424340000917
              ],
              [
                149.39330000032,
                -35.424760000811
              ],
              [
                149.39329999997,
                -35.425180000559
              ],
              [
                149.39314999941,
                -35.425600000482
              ],
              [
                149.39294000072,
                -35.426000001086
              ],
              [
                149.39272999957,
                -35.426350001015
              ],
              [
                149.39239999934,
                -35.42672000049
              ],
              [
                149.39207000008,
                -35.42701000073
              ],
              [
                149.39159000051,
                -35.427130000437
              ]
            ]
          ]
        ]
      },
      "properties": {
        "leadAgency": "Private",
        "lga": "Queanbeyan-Palerang",
        "supportingAgencies": "Department of Planning, Housing & Infrastructure - Crown Lands, NSW Rural Fire Service",
        "size": "77.05 ha",
        "location": "",
        "guarReference": "BA20260120000028",
        "tenure": "Private, Crown Land",
        "startDate": "26/02/2026",
        "endDate": "31/03/2026"
      }
    },
    {
      "type": "Feature",
      "geometry": {
        "type": "MultiPolygon",
        "coordinates": [
          [
            [
              [
                149.41241539347,
                -35.406505521886
              ],
              [
                149.41150967068,
                -35.412085456929
              ],
              [
                149.4115727343,
                -35.41224637745
              ],
              [
                149.41145627128,
                -35.412248703443
              ],
              [
                149.41099950106,
                -35.411780827146
              ],
              [
                149.410685047,
                -35.411395965268
              ],
              [
                149.4104475761,
                -35.411248067765
              ],
              [
                149.41018908663,
                -35.411176908553
              ],
              [
                149.4098760575,
                -35.411230858171
              ],
              [
                149.40946360277,
                -35.411859193847
              ],
              [
                149.40933861642,
                -35.411966629249
              ],
              [
                149.40637874969,
                -35.411577288399
              ],
              [
                149.40740753717,
                -35.405813670095
              ],
              [
                149.41241539347,
                -35.406505521886
              ]
            ]
          ]
        ]
      },
      "properties": {
        "leadAgency": "Private",
        "lga": "Queanbeyan-Palerang",
        "supportingAgencies": "Department of Planning, Housing & Infrastructure - Crown Lands, NSW Rural Fire Service",
        "size": "28.89 ha",
        "location": "",
        "guarReference": "BA20260120000028",
        "tenure": "Private, Crown Land",
        "startDate": "26/02/2026",
        "endDate": "31/03/2026"
      }
    },
    {
      "type": "Feature",
      "geometry": {
        "type": "MultiPolygon",
        "coordinates": [
          [
            [
              [
                152.98221386878,
                -30.429291324035
              ],
              [
                152.98225657668,
                -30.42930679867
              ],
              [
                152.98228014611,
                -30.429284120466
              ],
              [
                152.98229039569,
                -30.429274253104
              ],
              [
                152.98233997261,
                -30.429259938595
              ],
              [
                152.98265253828,
                -30.429310377072
              ],
              [
                152.98267916991,
                -30.429318077967
              ],
              [
                152.98269989389,
                -30.429332910485
              ],
              [
                152.982733694,
                -30.429394768554
              ],
              [
                152.98277124969,
                -30.429472907049
              ],
              [
                152.98281632282,
                -30.429531522162
              ],
              [
                152.98283739573,
                -30.429588349423
              ],
              [
                152.98285012293,
                -30.42962268284
              ],
              [
                152.98284902486,
                -30.429661389661
              ],
              [
                152.98286983967,
                -30.42968846555
              ],
              [
                152.98291841385,
                -30.42967444512
              ],
              [
                152.98299480946,
                -30.42965238475
              ],
              [
                152.98313019161,
                -30.429643381637
              ],
              [
                152.98315101091,
                -30.429652409931
              ],
              [
                152.98317184461,
                -30.429643389731
              ],
              [
                152.98317551204,
                -30.429621149496
              ],
              [
                152.98318258521,
                -30.429621077551
              ],
              [
                152.98318743975,
                -30.429621026289
              ],
              [
                152.98326376521,
                -30.429620287047
              ],
              [
                152.9833174979,
                -30.429652402736
              ],
              [
                152.98331762471,
                -30.429652433313
              ],
              [
                152.98333845121,
                -30.429652427917
              ],
              [
                152.98335097966,
                -30.429663286332
              ],
              [
                152.98336035689,
                -30.429671410807
              ],
              [
                152.98336888247,
                -30.429678800536
              ],
              [
                152.98336969006,
                -30.429679510101
              ],
              [
                152.983374541,
                -30.429677046858
              ],
              [
                152.98338974134,
                -30.429669679612
              ],
              [
                152.98338999945,
                -30.429669792927
              ],
              [
                152.98338972785,
                -30.429668054537
              ],
              [
                152.98344384006,
                -30.429686213648
              ],
              [
                152.98349319755,
                -30.429702774663
              ],
              [
                152.98366417216,
                -30.429711025943
              ],
              [
                152.98395882334,
                -30.429725254117
              ],
              [
                152.98407268471,
                -30.429728926049
              ],
              [
                152.98409188523,
                -30.429729543883
              ],
              [
                152.98414075709,
                -30.429727431376
              ],
              [
                152.98414650376,
                -30.429725429485
              ],
              [
                152.98419662388,
                -30.429704521147
              ],
              [
                152.98429359867,
                -30.429664075936
              ],
              [
                152.98430805347,
                -30.429658045982
              ],
              [
                152.98431079461,
                -30.429656464974
              ],
              [
                152.98436620544,
                -30.429624471592
              ],
              [
                152.98441406646,
                -30.429635425335
              ],
              [
                152.98446474685,
                -30.429635427133
              ],
              [
                152.98450850786,
                -30.429639241158
              ],
              [
                152.9845211937,
                -30.429640344626
              ],
              [
                152.98452128813,
                -30.429640358116
              ],
              [
                152.98485775058,
                -30.429674924458
              ],
              [
                152.98500649216,
                -30.429697358946
              ],
              [
                152.98508830798,
                -30.42969736614
              ],
              [
                152.98510573414,
                -30.429698424643
              ],
              [
                152.9851229049,
                -30.429697372436
              ],
              [
                152.98520573785,
                -30.429692423467
              ],
              [
                152.98531496322,
                -30.429681629803
              ],
              [
                152.98518517216,
                -30.430415917261
              ],
              [
                152.98517779322,
                -30.430457673683
              ],
              [
                152.98516487176,
                -30.430530804753
              ],
              [
                152.98516427281,
                -30.430534195197
              ],
              [
                152.98520855993,
                -30.430529103235
              ],
              [
                152.98691687971,
                -30.430332732669
              ],
              [
                152.99124293801,
                -30.42983536531
              ],
              [
                152.99121997023,
                -30.429955030001
              ],
              [
                152.99108379578,
                -30.430664325298
              ],
              [
                152.99076220541,
                -30.432339480782
              ],
              [
                152.9902928969,
                -30.434784026062
              ],
              [
                152.98822826932,
                -30.434474083712
              ],
              [
                152.98819252397,
                -30.434652898612
              ],
              [
                152.98744260629,
                -30.434540311586
              ],
              [
                152.98762360475,
                -30.433662846663
              ],
              [
                152.98743632093,
                -30.43363415739
              ],
              [
                152.98743578313,
                -30.433634075552
              ],
              [
                152.98440966697,
                -30.433169570319
              ],
              [
                152.98437925999,
                -30.433081682274
              ],
              [
                152.98429597018,
                -30.432955341016
              ],
              [
                152.98427515088,
                -30.432856073849
              ],
              [
                152.98423351317,
                -30.432783873577
              ],
              [
                152.98419189434,
                -30.432549243153
              ],
              [
                152.98419192402,
                -30.43235973981
              ],
              [
                152.9841842492,
                -30.43223273845
              ],
              [
                152.98419666524,
                -30.432121711748
              ],
              [
                152.98421742699,
                -30.431897684331
              ],
              [
                152.98414532565,
                -30.43191471749
              ],
              [
                152.98401544646,
                -30.431988809936
              ],
              [
                152.9840034531,
                -30.431995647481
              ],
              [
                152.98399571533,
                -30.431999852711
              ],
              [
                152.98393317288,
                -30.432032173446
              ],
              [
                152.98392747028,
                -30.431956869614
              ],
              [
                152.98392368683,
                -30.431906933858
              ],
              [
                152.98392179466,
                -30.431881970477
              ],
              [
                152.98392157612,
                -30.43188150193
              ],
              [
                152.98384892169,
                -30.431728554229
              ],
              [
                152.98357818349,
                -30.431683401068
              ],
              [
                152.98307829173,
                -30.431890885456
              ],
              [
                152.9828179362,
                -30.431944993167
              ],
              [
                152.9825680119,
                -30.431953986387
              ],
              [
                152.98222437196,
                -30.431890773041
              ],
              [
                152.98205776715,
                -30.431800509886
              ],
              [
                152.98182870533,
                -30.431619992569
              ],
              [
                152.98165170886,
                -30.431394371553
              ],
              [
                152.98173505803,
                -30.431186837702
              ],
              [
                152.98188086331,
                -30.431069546322
              ],
              [
                152.9820555782,
                -30.430809237556
              ],
              [
                152.98214128,
                -30.43068155451
              ],
              [
                152.98220380176,
                -30.430446934878
              ],
              [
                152.98218300854,
                -30.430221340842
              ],
              [
                152.98206849067,
                -30.430049867108
              ],
              [
                152.9819331391,
                -30.429959604852
              ],
              [
                152.98177694485,
                -30.429914466979
              ],
              [
                152.98177334936,
                -30.429915106397
              ],
              [
                152.98174290821,
                -30.429920566181
              ],
              [
                152.98169038061,
                -30.429929977586
              ],
              [
                152.98165464335,
                -30.429936377162
              ],
              [
                152.98164888499,
                -30.429923231772
              ],
              [
                152.98160805667,
                -30.429823024813
              ],
              [
                152.981607348,
                -30.42982129002
              ],
              [
                152.98160064715,
                -30.429801145207
              ],
              [
                152.9815687455,
                -30.429673902828
              ],
              [
                152.98156782549,
                -30.429670244386
              ],
              [
                152.98153698864,
                -30.429547275586
              ],
              [
                152.98153582582,
                -30.42954497602
              ],
              [
                152.98153462612,
                -30.429542605407
              ],
              [
                152.98153232476,
                -30.429538059334
              ],
              [
                152.98157812453,
                -30.429490448326
              ],
              [
                152.98157898338,
                -30.429489565191
              ],
              [
                152.98157963179,
                -30.429488647883
              ],
              [
                152.98157999422,
                -30.429488132571
              ],
              [
                152.98163287796,
                -30.429414146246
              ],
              [
                152.98166307449,
                -30.429371889801
              ],
              [
                152.98175977679,
                -30.429330005675
              ],
              [
                152.98188288679,
                -30.429276683972
              ],
              [
                152.98192177887,
                -30.429259838771
              ],
              [
                152.98197633894,
                -30.429247590004
              ],
              [
                152.98207940934,
                -30.429224448649
              ],
              [
                152.98209638764,
                -30.429220633725
              ],
              [
                152.98212002992,
                -30.429224445052
              ],
              [
                152.98216095267,
                -30.429231047875
              ],
              [
                152.98216188346,
                -30.429237243304
              ],
              [
                152.98220235026,
                -30.429279340569
              ],
              [
                152.98221386878,
                -30.429291324035
              ]
            ]
          ]
        ]
      },
      "properties": {
        "leadAgency": "Forestry Corporation NSW",
        "lga": "Bellingen",
        "supportingAgencies": "Department of Planning, Housing & Infrastructure - Crown Lands, NSW National Parks and Wildlife Service",
        "size": "32.99 ha",
        "location": "GODFREYS ROAD, PINE CREEK STATE FOREST",
        "guarReference": "BA20260217000122",
        "tenure": "National Park, Forestry, Crown Land",
        "startDate": "19/02/2026",
        "endDate": "01/04/2026"
      }
    },
    {
      "type": "Feature",
      "geometry": {
        "type": "MultiPolygon",
        "coordinates": [
          [
            [
              [
                153.04875987873,
                -30.301454116806
              ],
              [
                153.04893916272,
                -30.301537373983
              ],
              [
                153.04904157917,
                -30.301519278851
              ],
              [
                153.04917566789,
                -30.301435848649
              ],
              [
                153.04915204922,
                -30.301665981471
              ],
              [
                153.04902964526,
                -30.30190967323
              ],
              [
                153.04900683197,
                -30.301973307059
              ],
              [
                153.04929935246,
                -30.302030409377
              ],
              [
                153.04943116435,
                -30.302123225689
              ],
              [
                153.04958409002,
                -30.301904959807
              ],
              [
                153.04958102091,
                -30.301800600028
              ],
              [
                153.04980221318,
                -30.30173318245
              ],
              [
                153.05001185115,
                -30.301658604959
              ],
              [
                153.05033029346,
                -30.301646892265
              ],
              [
                153.05035643735,
                -30.301777522589
              ],
              [
                153.05034945574,
                -30.301891131458
              ],
              [
                153.05025268165,
                -30.302042741177
              ],
              [
                153.05038786594,
                -30.302232431247
              ],
              [
                153.05050992412,
                -30.302296562441
              ],
              [
                153.05070286583,
                -30.302175249982
              ],
              [
                153.0507847344,
                -30.30208378711
              ],
              [
                153.05089238573,
                -30.30193981299
              ],
              [
                153.0509299072,
                -30.301863109397
              ],
              [
                153.05118405169,
                -30.302026318219
              ],
              [
                153.05126169584,
                -30.302122264749
              ],
              [
                153.05121714972,
                -30.302191048236
              ],
              [
                153.05118600251,
                -30.30226500147
              ],
              [
                153.05127502027,
                -30.30234717932
              ],
              [
                153.05139721973,
                -30.302401574616
              ],
              [
                153.05146663649,
                -30.302551967117
              ],
              [
                153.05144694405,
                -30.302775815417
              ],
              [
                153.05145496975,
                -30.302814440725
              ],
              [
                153.05147600414,
                -30.302907997056
              ],
              [
                153.05149561128,
                -30.30296882842
              ],
              [
                153.05144711752,
                -30.303100658398
              ],
              [
                153.0514686521,
                -30.303236741417
              ],
              [
                153.05150899826,
                -30.303392002112
              ],
              [
                153.0515645619,
                -30.303524656598
              ],
              [
                153.05165209954,
                -30.303593387235
              ],
              [
                153.05165897223,
                -30.303667712614
              ],
              [
                153.05164079363,
                -30.303779798752
              ],
              [
                153.05167281635,
                -30.303856308929
              ],
              [
                153.05166237058,
                -30.303942362831
              ],
              [
                153.05165566504,
                -30.303997626585
              ],
              [
                153.05166866733,
                -30.304012742936
              ],
              [
                153.05169198552,
                -30.304039850105
              ],
              [
                153.05169922048,
                -30.304054805057
              ],
              [
                153.05164723481,
                -30.304072875615
              ],
              [
                153.051556348,
                -30.304222862585
              ],
              [
                153.05154331629,
                -30.304244374281
              ],
              [
                153.05147053108,
                -30.304280499514
              ],
              [
                153.05143371569,
                -30.304318870269
              ],
              [
                153.05142946288,
                -30.304323302425
              ],
              [
                153.05141856327,
                -30.304334662735
              ],
              [
                153.05142898066,
                -30.304370756081
              ],
              [
                153.05146021489,
                -30.304433910903
              ],
              [
                153.05146024258,
                -30.304488059049
              ],
              [
                153.05135628728,
                -30.304578339618
              ],
              [
                153.05123152463,
                -30.304650581516
              ],
              [
                153.05118991795,
                -30.304650597624
              ],
              [
                153.05115873966,
                -30.304677683119
              ],
              [
                153.05112666433,
                -30.304733401448
              ],
              [
                153.05080940729,
                -30.304731236451
              ],
              [
                153.05040594277,
                -30.304723553467
              ],
              [
                153.05014699747,
                -30.304700144202
              ],
              [
                153.04991709878,
                -30.304695478709
              ],
              [
                153.0498940828,
                -30.304695010739
              ],
              [
                153.0495086861,
                -30.304679478904
              ],
              [
                153.04943548341,
                -30.304676965011
              ],
              [
                153.04928678292,
                -30.304671862858
              ],
              [
                153.04920759138,
                -30.304669144262
              ],
              [
                153.0487667722,
                -30.304656551433
              ],
              [
                153.04848497412,
                -30.304648505121
              ],
              [
                153.04835699217,
                -30.304646875994
              ],
              [
                153.04800312487,
                -30.304642371919
              ],
              [
                153.04788257148,
                -30.304640838381
              ],
              [
                153.047805599,
                -30.304639858918
              ],
              [
                153.04765190365,
                -30.304637896322
              ],
              [
                153.04731762356,
                -30.304633642667
              ],
              [
                153.04722608569,
                -30.304632473955
              ],
              [
                153.04719726732,
                -30.30463209853
              ],
              [
                153.04719721605,
                -30.304632110141
              ],
              [
                153.0471964447,
                -30.304632094733
              ],
              [
                153.04713579761,
                -30.304631314588
              ],
              [
                153.04705242731,
                -30.304630240861
              ],
              [
                153.0469341447,
                -30.304628727679
              ],
              [
                153.04610036069,
                -30.304618017588
              ],
              [
                153.04609394979,
                -30.304617572143
              ],
              [
                153.04586684683,
                -30.304601756889
              ],
              [
                153.04572699825,
                -30.304592023327
              ],
              [
                153.04564194706,
                -30.304588847282
              ],
              [
                153.04557956236,
                -30.304586518839
              ],
              [
                153.04552176905,
                -30.304584356978
              ],
              [
                153.04552177177,
                -30.304580499998
              ],
              [
                153.04552173385,
                -30.304502136619
              ],
              [
                153.04552173066,
                -30.304499282535
              ],
              [
                153.04550196564,
                -30.304425117366
              ],
              [
                153.04549047642,
                -30.304381978024
              ],
              [
                153.04540918176,
                -30.304337930966
              ],
              [
                153.04540724893,
                -30.304336890044
              ],
              [
                153.04536564239,
                -30.304336904139
              ],
              [
                153.04526785921,
                -30.304184348445
              ],
              [
                153.04510862801,
                -30.303898483065
              ],
              [
                153.04498302689,
                -30.30358994482
              ],
              [
                153.04512663198,
                -30.303536850543
              ],
              [
                153.04538399991,
                -30.303563998744
              ],
              [
                153.046042564,
                -30.303446166753
              ],
              [
                153.0460208352,
                -30.303129805915
              ],
              [
                153.04622777845,
                -30.302972073808
              ],
              [
                153.04651658627,
                -30.302729150256
              ],
              [
                153.04679532272,
                -30.302659495382
              ],
              [
                153.0468770648,
                -30.302330091799
              ],
              [
                153.04686035973,
                -30.302050339897
              ],
              [
                153.04687713874,
                -30.301797663554
              ],
              [
                153.04708536795,
                -30.301581010056
              ],
              [
                153.04734992272,
                -30.301607982054
              ],
              [
                153.04751005573,
                -30.301681004181
              ],
              [
                153.04783449984,
                -30.301682472646
              ],
              [
                153.04783617906,
                -30.301690002521
              ],
              [
                153.04783700105,
                -30.301689997311
              ],
              [
                153.04784448756,
                -30.301689250474
              ],
              [
                153.04790204457,
                -30.301764106848
              ],
              [
                153.04793331038,
                -30.301890433421
              ],
              [
                153.04796628749,
                -30.301923784567
              ],
              [
                153.04797285194,
                -30.301930427449
              ],
              [
                153.04799573732,
                -30.301953573683
              ],
              [
                153.04802702229,
                -30.301969071539
              ],
              [
                153.04806855607,
                -30.301989645007
              ],
              [
                153.04813098478,
                -30.30204377077
              ],
              [
                153.04818304021,
                -30.30215204369
              ],
              [
                153.0482684104,
                -30.302059358785
              ],
              [
                153.04830776666,
                -30.302016634118
              ],
              [
                153.04833893783,
                -30.301953447192
              ],
              [
                153.04833891162,
                -30.301908331583
              ],
              [
                153.04830768044,
                -30.301845176067
              ],
              [
                153.04830764623,
                -30.301772981679
              ],
              [
                153.04832842729,
                -30.301727849259
              ],
              [
                153.04830755101,
                -30.301583468314
              ],
              [
                153.04844463826,
                -30.301502841748
              ],
              [
                153.04855023459,
                -30.301445865133
              ],
              [
                153.04861262718,
                -30.301413904478
              ],
              [
                153.04875987873,
                -30.301454116806
              ]
            ]
          ]
        ]
      },
      "properties": {
        "leadAgency": "Forestry Corporation NSW",
        "lga": "Coffs Harbour",
        "supportingAgencies": "Department of Planning, Housing & Infrastructure - Crown Lands",
        "size": "16.63 ha",
        "location": "GUM FLAT ROAD, BOAMBEE STATE FOREST",
        "guarReference": "BA20260216000116",
        "tenure": "Forestry, Crown Land",
        "startDate": "16/02/2026",
        "endDate": "31/03/2026"
      }
    },
    {
      "type": "Feature",
      "geometry": {
        "type": "MultiPolygon",
        "coordinates": [
          [
            [
              [
                153.03868542239,
                -30.288028135214
              ],
              [
                153.03880711219,
                -30.288050330764
              ],
              [
                153.038911091,
                -30.288014200096
              ],
              [
                153.03899427681,
                -30.288023200218
              ],
              [
                153.03909824514,
                -30.28798706991
              ],
              [
                153.03918143284,
                -30.287987046561
              ],
              [
                153.03918230089,
                -30.287970410664
              ],
              [
                153.03927906763,
                -30.288140605001
              ],
              [
                153.03930127887,
                -30.288160128152
              ],
              [
                153.03933878199,
                -30.288229789168
              ],
              [
                153.03974651527,
                -30.288320261553
              ],
              [
                153.03985851576,
                -30.288321229167
              ],
              [
                153.03999401952,
                -30.288299763068
              ],
              [
                153.04017561766,
                -30.28832835952
              ],
              [
                153.04024247549,
                -30.288492793737
              ],
              [
                153.04027384273,
                -30.288506807727
              ],
              [
                153.04049504352,
                -30.28871437621
              ],
              [
                153.04050042857,
                -30.288715063103
              ],
              [
                153.04046137585,
                -30.288768545183
              ],
              [
                153.04042610914,
                -30.288816842196
              ],
              [
                153.04035743564,
                -30.288910895006
              ],
              [
                153.04018357503,
                -30.289107392191
              ],
              [
                153.04010984387,
                -30.289179614968
              ],
              [
                153.03996333423,
                -30.289287946581
              ],
              [
                153.03982363539,
                -30.289373716455
              ],
              [
                153.03962414483,
                -30.289454992675
              ],
              [
                153.03939215283,
                -30.289527260982
              ],
              [
                153.03921312094,
                -30.289567920376
              ],
              [
                153.03899443677,
                -30.289604085821
              ],
              [
                153.03875641408,
                -30.28947964348
              ],
              [
                153.03842625376,
                -30.289474962398
              ],
              [
                153.0381511076,
                -30.289436844133
              ],
              [
                153.03799149815,
                -30.289350932448
              ],
              [
                153.03784660597,
                -30.289378819917
              ],
              [
                153.0374411672,
                -30.289179178962
              ],
              [
                153.03746535974,
                -30.28917753067
              ],
              [
                153.03747653098,
                -30.28915167033
              ],
              [
                153.03753889746,
                -30.289088483163
              ],
              [
                153.03754924317,
                -30.288944088517
              ],
              [
                153.03756869967,
                -30.288925887004
              ],
              [
                153.03766332936,
                -30.288837397115
              ],
              [
                153.03768437322,
                -30.288817715872
              ],
              [
                153.03783916382,
                -30.288700092611
              ],
              [
                153.03802745563,
                -30.288622723698
              ],
              [
                153.03806825031,
                -30.288605961541
              ],
              [
                153.03822224231,
                -30.288405353165
              ],
              [
                153.03822706812,
                -30.288385790779
              ],
              [
                153.03827168941,
                -30.288204774099
              ],
              [
                153.03814506704,
                -30.288056780299
              ],
              [
                153.03819098005,
                -30.288013296495
              ],
              [
                153.03820398439,
                -30.287996358248
              ],
              [
                153.03824553545,
                -30.287879028821
              ],
              [
                153.0382975299,
                -30.28788804225
              ],
              [
                153.03844313519,
                -30.287969219187
              ],
              [
                153.03855752248,
                -30.287978206204
              ],
              [
                153.03860953192,
                -30.288014288485
              ],
              [
                153.03868542239,
                -30.288028135214
              ]
            ]
          ]
        ]
      },
      "properties": {
        "leadAgency": "Forestry Corporation NSW",
        "lga": "Coffs Harbour",
        "supportingAgencies": "Department of Planning, Housing & Infrastructure - Crown Lands",
        "size": "3.39 ha",
        "location": "GUM FLAT ROAD, BOAMBEE STATE FOREST",
        "guarReference": "BA20260216000116",
        "tenure": "Forestry, Crown Land",
        "startDate": "16/02/2026",
        "endDate": "31/03/2026"
      }
    },
    {
      "type": "Feature",
      "geometry": {
        "type": "MultiPolygon",
        "coordinates": [
          [
            [
              [
                153.04383269986,
                -30.284958919601
              ],
              [
                153.04612167468,
                -30.285298623253
              ],
              [
                153.04631764342,
                -30.285327706893
              ],
              [
                153.04718886281,
                -30.285457023566
              ],
              [
                153.04739841349,
                -30.285488123046
              ],
              [
                153.04767674734,
                -30.28552934708
              ],
              [
                153.04768878574,
                -30.285571066951
              ],
              [
                153.04772457087,
                -30.285611646585
              ],
              [
                153.04775210052,
                -30.2856355162
              ],
              [
                153.04790067728,
                -30.285659339767
              ],
              [
                153.04800802882,
                -30.285778676082
              ],
              [
                153.04796377168,
                -30.286050083166
              ],
              [
                153.04798820781,
                -30.286162895973
              ],
              [
                153.04798096785,
                -30.286238688986
              ],
              [
                153.04799657871,
                -30.286274367193
              ],
              [
                153.04777862112,
                -30.286577462536
              ],
              [
                153.04775513244,
                -30.286586989846
              ],
              [
                153.04774602251,
                -30.286590681631
              ],
              [
                153.04772953521,
                -30.286626502101
              ],
              [
                153.04773372277,
                -30.286744687045
              ],
              [
                153.04775798481,
                -30.286812193583
              ],
              [
                153.04779275308,
                -30.286908915086
              ],
              [
                153.04781223518,
                -30.28696313164
              ],
              [
                153.04781227301,
                -30.28702759338
              ],
              [
                153.04780403777,
                -30.287084902167
              ],
              [
                153.04771329109,
                -30.287167316125
              ],
              [
                153.04767659542,
                -30.287190098751
              ],
              [
                153.04767527912,
                -30.287190336572
              ],
              [
                153.04758655547,
                -30.287206577277
              ],
              [
                153.04747904705,
                -30.287226264669
              ],
              [
                153.04743747579,
                -30.287262380267
              ],
              [
                153.04742710369,
                -30.287316526802
              ],
              [
                153.04733353515,
                -30.287361679562
              ],
              [
                153.04729193749,
                -30.287352670984
              ],
              [
                153.04723992498,
                -30.287316592472
              ],
              [
                153.0471255289,
                -30.287289558552
              ],
              [
                153.04708391609,
                -30.287235434256
              ],
              [
                153.0470111346,
                -30.287253510189
              ],
              [
                153.04695917278,
                -30.287316694148
              ],
              [
                153.04691758218,
                -30.287334754934
              ],
              [
                153.04689678799,
                -30.287334761983
              ],
              [
                153.04681357659,
                -30.2872806522
              ],
              [
                153.04676158049,
                -30.287280665792
              ],
              [
                153.04668135685,
                -30.287244958041
              ],
              [
                153.04664760499,
                -30.28728393175
              ],
              [
                153.04657970082,
                -30.287479490962
              ],
              [
                153.04653954604,
                -30.287544465502
              ],
              [
                153.04646331262,
                -30.287667814685
              ],
              [
                153.04633537598,
                -30.287744754455
              ],
              [
                153.04632200872,
                -30.287759508022
              ],
              [
                153.04631374016,
                -30.287763645129
              ],
              [
                153.04626420206,
                -30.287837888898
              ],
              [
                153.04625034948,
                -30.287886059327
              ],
              [
                153.04619828521,
                -30.288067128838
              ],
              [
                153.04614200866,
                -30.288140528169
              ],
              [
                153.04603210227,
                -30.288455736694
              ],
              [
                153.04597434419,
                -30.288496350874
              ],
              [
                153.04592988629,
                -30.2885018741
              ],
              [
                153.04591657058,
                -30.288503528169
              ],
              [
                153.04587253788,
                -30.288482059496
              ],
              [
                153.04583674684,
                -30.28842237616
              ],
              [
                153.04577894671,
                -30.288379425371
              ],
              [
                153.04574143323,
                -30.288360040489
              ],
              [
                153.04569279592,
                -30.288334919387
              ],
              [
                153.04566722658,
                -30.288371440086
              ],
              [
                153.04563673749,
                -30.288366695626
              ],
              [
                153.04564562455,
                -30.288332847284
              ],
              [
                153.04564941344,
                -30.288312586975
              ],
              [
                153.04561108765,
                -30.288307848151
              ],
              [
                153.04558929954,
                -30.288315419823
              ],
              [
                153.04550205614,
                -30.288345747173
              ],
              [
                153.04544905013,
                -30.288337501216
              ],
              [
                153.04533205364,
                -30.288312682743
              ],
              [
                153.04528404979,
                -30.288302505209
              ],
              [
                153.04526965799,
                -30.288300979741
              ],
              [
                153.04520882019,
                -30.288294527449
              ],
              [
                153.04513916675,
                -30.288287136398
              ],
              [
                153.04495405388,
                -30.288267503468
              ],
              [
                153.04473774103,
                -30.288347854815
              ],
              [
                153.04470906051,
                -30.288358509613
              ],
              [
                153.04463895946,
                -30.288382302243
              ],
              [
                153.04454552247,
                -30.288414024121
              ],
              [
                153.04464924114,
                -30.288420172681
              ],
              [
                153.04465122759,
                -30.288427479313
              ],
              [
                153.04475824734,
                -30.288429912131
              ],
              [
                153.04476368008,
                -30.288426947383
              ],
              [
                153.04481937398,
                -30.288430244291
              ],
              [
                153.04484920653,
                -30.288432014204
              ],
              [
                153.0449539338,
                -30.288438771157
              ],
              [
                153.04514764582,
                -30.288451260768
              ],
              [
                153.04515816673,
                -30.288455293136
              ],
              [
                153.04519942945,
                -30.288471129678
              ],
              [
                153.04542447542,
                -30.288557454281
              ],
              [
                153.04544090333,
                -30.28856375481
              ],
              [
                153.04552826678,
                -30.288597270913
              ],
              [
                153.04570714861,
                -30.288665891461
              ],
              [
                153.04591576053,
                -30.288690312066
              ],
              [
                153.04608656673,
                -30.288710301678
              ],
              [
                153.04608606914,
                -30.28871422866
              ],
              [
                153.04608505306,
                -30.288722237226
              ],
              [
                153.04607760382,
                -30.288781204457
              ],
              [
                153.04610817667,
                -30.288857037994
              ],
              [
                153.04622459298,
                -30.288874243599
              ],
              [
                153.04659222513,
                -30.288928548232
              ],
              [
                153.04668233622,
                -30.288958465992
              ],
              [
                153.04676260602,
                -30.289114238237
              ],
              [
                153.04680433065,
                -30.289375929026
              ],
              [
                153.04674213577,
                -30.28979105737
              ],
              [
                153.04677346936,
                -30.290088849215
              ],
              [
                153.04690893009,
                -30.29067537104
              ],
              [
                153.04715874229,
                -30.291189655158
              ],
              [
                153.04722861759,
                -30.291248491269
              ],
              [
                153.04737786381,
                -30.291374158163
              ],
              [
                153.04742412806,
                -30.291413118226
              ],
              [
                153.04741205932,
                -30.29142191754
              ],
              [
                153.04743607717,
                -30.291425749648
              ],
              [
                153.04736672339,
                -30.291491461491
              ],
              [
                153.04732514074,
                -30.291530865409
              ],
              [
                153.04731818195,
                -30.291549009102
              ],
              [
                153.04731475059,
                -30.291557943048
              ],
              [
                153.04731478509,
                -30.29162111353
              ],
              [
                153.04732496472,
                -30.291634366865
              ],
              [
                153.04735006254,
                -30.291666993988
              ],
              [
                153.04737721335,
                -30.291702308853
              ],
              [
                153.04738764471,
                -30.291774503644
              ],
              [
                153.04741887286,
                -30.291828635565
              ],
              [
                153.04741888824,
                -30.291873751363
              ],
              [
                153.04732828449,
                -30.291949031351
              ],
              [
                153.04732285068,
                -30.291953540801
              ],
              [
                153.04726004488,
                -30.292005717979
              ],
              [
                153.0472372192,
                -30.291995738069
              ],
              [
                153.04723326336,
                -30.291994013125
              ],
              [
                153.04718468829,
                -30.291970795134
              ],
              [
                153.04696884311,
                -30.291867634753
              ],
              [
                153.04664210441,
                -30.291846861582
              ],
              [
                153.04633611139,
                -30.292055883916
              ],
              [
                153.0460747681,
                -30.292121638416
              ],
              [
                153.04594745591,
                -30.291996330245
              ],
              [
                153.04579950813,
                -30.29187700021
              ],
              [
                153.04580630488,
                -30.291691956189
              ],
              [
                153.04566673928,
                -30.291362518931
              ],
              [
                153.04561156374,
                -30.291389463606
              ],
              [
                153.04549741602,
                -30.291411117683
              ],
              [
                153.04539496521,
                -30.29143570618
              ],
              [
                153.04539329538,
                -30.291436106264
              ],
              [
                153.04528448757,
                -30.291415518409
              ],
              [
                153.04518510767,
                -30.291405503016
              ],
              [
                153.04508669582,
                -30.291371945778
              ],
              [
                153.04498100262,
                -30.291395829822
              ],
              [
                153.04488435039,
                -30.291382082187
              ],
              [
                153.04479208537,
                -30.291437175124
              ],
              [
                153.0447399339,
                -30.2914483053
              ],
              [
                153.04465920774,
                -30.291492584428
              ],
              [
                153.04456407906,
                -30.291519125426
              ],
              [
                153.04448814512,
                -30.291577506872
              ],
              [
                153.0444838554,
                -30.291588398726
              ],
              [
                153.04410024543,
                -30.291573196309
              ],
              [
                153.04400706816,
                -30.291486292088
              ],
              [
                153.04399329412,
                -30.29147344498
              ],
              [
                153.04392712449,
                -30.291354545526
              ],
              [
                153.04383181284,
                -30.291405635965
              ],
              [
                153.04373891542,
                -30.291830994927
              ],
              [
                153.04371356006,
                -30.291922366824
              ],
              [
                153.04366649357,
                -30.292050083141
              ],
              [
                153.04347433012,
                -30.29224836359
              ],
              [
                153.04326065516,
                -30.292418776234
              ],
              [
                153.0429972891,
                -30.29240216944
              ],
              [
                153.04296619304,
                -30.29240020056
              ],
              [
                153.04295600198,
                -30.292399556581
              ],
              [
                153.0427992599,
                -30.292389676104
              ],
              [
                153.042729543,
                -30.292385276378
              ],
              [
                153.04272396079,
                -30.292250776532
              ],
              [
                153.04271874591,
                -30.292217393187
              ],
              [
                153.0427145796,
                -30.292184905542
              ],
              [
                153.04270936413,
                -30.292151513195
              ],
              [
                153.04269939026,
                -30.292122460652
              ],
              [
                153.04269790416,
                -30.292118127559
              ],
              [
                153.04268645457,
                -30.292084741402
              ],
              [
                153.04268331992,
                -30.292047748979
              ],
              [
                153.04268018251,
                -30.292011650897
              ],
              [
                153.04268017121,
                -30.291978258963
              ],
              [
                153.04268015014,
                -30.291944876553
              ],
              [
                153.04269989482,
                -30.291915089262
              ],
              [
                153.04271964986,
                -30.291885301448
              ],
              [
                153.04275186832,
                -30.291861824115
              ],
              [
                153.04278305461,
                -30.291839256715
              ],
              [
                153.04282255907,
                -30.291815783532
              ],
              [
                153.04286103016,
                -30.291793202274
              ],
              [
                153.04289221857,
                -30.291769731506
              ],
              [
                153.0429234048,
                -30.291747164071
              ],
              [
                153.04294314936,
                -30.291717376744
              ],
              [
                153.04296289391,
                -30.291687589415
              ],
              [
                153.04297119568,
                -30.291646978361
              ],
              [
                153.04297949529,
                -30.29160727065
              ],
              [
                153.04299196475,
                -30.291577487642
              ],
              [
                153.04300338289,
                -30.291547703275
              ],
              [
                153.04300753466,
                -30.291514309869
              ],
              [
                153.04301167604,
                -30.291480916985
              ],
              [
                153.04301269887,
                -30.291437600759
              ],
              [
                153.04301267859,
                -30.291395185995
              ],
              [
                153.04301266777,
                -30.291361803079
              ],
              [
                153.04301264598,
                -30.291328411682
              ],
              [
                153.04300951233,
                -30.291295023129
              ],
              [
                153.04300637869,
                -30.291261634576
              ],
              [
                153.04300875578,
                -30.291242511109
              ],
              [
                153.04301053043,
                -30.291228241177
              ],
              [
                153.04301466964,
                -30.291195751641
              ],
              [
                153.043011536,
                -30.291162363091
              ],
              [
                153.04300736142,
                -30.291128972661
              ],
              [
                153.04303127285,
                -30.291101893351
              ],
              [
                153.04305413079,
                -30.29107571602
              ],
              [
                153.04307056874,
                -30.291073273108
              ],
              [
                153.04309676719,
                -30.291069391263
              ],
              [
                153.04314044392,
                -30.291063059367
              ],
              [
                153.04317995644,
                -30.291061236125
              ],
              [
                153.04321842646,
                -30.291060323335
              ],
              [
                153.04325794779,
                -30.29105941189
              ],
              [
                153.04329641937,
                -30.291057586732
              ],
              [
                153.04333074117,
                -30.291067504402
              ],
              [
                153.04336610392,
                -30.291077423939
              ],
              [
                153.04340561384,
                -30.291081020147
              ],
              [
                153.04340820069,
                -30.291081260456
              ],
              [
                153.0434440932,
                -30.291084613944
              ],
              [
                153.04347944075,
                -30.291071068241
              ],
              [
                153.0435147959,
                -30.291058416344
              ],
              [
                153.0435230991,
                -30.291021418113
              ],
              [
                153.04353035919,
                -30.290985321348
              ],
              [
                153.04351786807,
                -30.290956449605
              ],
              [
                153.04350537636,
                -30.290927568859
              ],
              [
                153.04349288525,
                -30.290898697114
              ],
              [
                153.04346167956,
                -30.290878858937
              ],
              [
                153.04343047329,
                -30.290859011751
              ],
              [
                153.04340342404,
                -30.290829245881
              ],
              [
                153.04337637637,
                -30.290798567662
              ],
              [
                153.04337739538,
                -30.290765178156
              ],
              [
                153.04337738383,
                -30.290731786253
              ],
              [
                153.04338568706,
                -30.29069478804
              ],
              [
                153.04339294718,
                -30.290658691292
              ],
              [
                153.04341685561,
                -30.290632506253
              ],
              [
                153.04344076463,
                -30.290606330212
              ],
              [
                153.04341276885,
                -30.290589672658
              ],
              [
                153.04335602829,
                -30.290564316521
              ],
              [
                153.04334496756,
                -30.290559371751
              ],
              [
                153.04334063665,
                -30.290559354581
              ],
              [
                153.04327461511,
                -30.290558996642
              ],
              [
                153.04323944437,
                -30.290558813313
              ],
              [
                153.04316908155,
                -30.290558438664
              ],
              [
                153.04315467076,
                -30.290564275218
              ],
              [
                153.04310218682,
                -30.290585546629
              ],
              [
                153.04309617784,
                -30.290587989286
              ],
              [
                153.04306227724,
                -30.290572838748
              ],
              [
                153.04302837665,
                -30.290557688201
              ],
              [
                153.04300892726,
                -30.290557581794
              ],
              [
                153.04299672974,
                -30.29058301561
              ],
              [
                153.04298009898,
                -30.29061641292
              ],
              [
                153.04295724395,
                -30.290649806908
              ],
              [
                153.0429333382,
                -30.290683208535
              ],
              [
                153.04291359386,
                -30.290712995837
              ],
              [
                153.04289384891,
                -30.290742774135
              ],
              [
                153.0428699403,
                -30.290768959072
              ],
              [
                153.04284603928,
                -30.290796037822
              ],
              [
                153.04280756971,
                -30.290822222898
              ],
              [
                153.04276806955,
                -30.290848405558
              ],
              [
                153.04273272045,
                -30.290870974413
              ],
              [
                153.04269737953,
                -30.290894446076
              ],
              [
                153.04266619027,
                -30.29091431294
              ],
              [
                153.04263396006,
                -30.290934177914
              ],
              [
                153.04260276908,
                -30.29095043192
              ],
              [
                153.04257158847,
                -30.290966685397
              ],
              [
                153.04254040025,
                -30.290990156069
              ],
              [
                153.04250921202,
                -30.291013626734
              ],
              [
                153.04247802654,
                -30.291036203051
              ],
              [
                153.04244579733,
                -30.291059671816
              ],
              [
                153.04242292885,
                -30.291085849553
              ],
              [
                153.04239903039,
                -30.291112033881
              ],
              [
                153.0423751237,
                -30.291145426407
              ],
              [
                153.04237339073,
                -30.29114784383
              ],
              [
                153.0423512176,
                -30.291178827931
              ],
              [
                153.042328354,
                -30.291211318994
              ],
              [
                153.04230445764,
                -30.291244710987
              ],
              [
                153.04228886745,
                -30.291278110103
              ],
              [
                153.04227224668,
                -30.291311506811
              ],
              [
                153.04224938637,
                -30.291351223547
              ],
              [
                153.0422254845,
                -30.291390929391
              ],
              [
                153.04221718183,
                -30.291423420361
              ],
              [
                153.04220887698,
                -30.291456814672
              ],
              [
                153.04219328672,
                -30.291490213781
              ],
              [
                153.04217666527,
                -30.291523601479
              ],
              [
                153.04214964546,
                -30.29155339295
              ],
              [
                153.04212158469,
                -30.291583182527
              ],
              [
                153.0421059927,
                -30.291612968785
              ],
              [
                153.04209041107,
                -30.29164275452
              ],
              [
                153.04206233988,
                -30.291672544607
              ],
              [
                153.04203605612,
                -30.291701513255
              ],
              [
                153.04198659513,
                -30.291685428132
              ],
              [
                153.04190934503,
                -30.291660306995
              ],
              [
                153.0415518871,
                -30.291662822512
              ],
              [
                153.04160615896,
                -30.291363194408
              ],
              [
                153.04175679199,
                -30.291101519665
              ],
              [
                153.04172244145,
                -30.290875577183
              ],
              [
                153.0417926675,
                -30.290846911646
              ],
              [
                153.04195898109,
                -30.290693450712
              ],
              [
                153.04195061782,
                -30.290650001014
              ],
              [
                153.04198791329,
                -30.290577982048
              ],
              [
                153.04200255433,
                -30.290490111653
              ],
              [
                153.04194179093,
                -30.290283091466
              ],
              [
                153.04189310549,
                -30.289903606701
              ],
              [
                153.04190725132,
                -30.289787255288
              ],
              [
                153.0412519743,
                -30.289800661241
              ],
              [
                153.04125149085,
                -30.289800279077
              ],
              [
                153.04124095619,
                -30.289466387422
              ],
              [
                153.04120972495,
                -30.289394198807
              ],
              [
                153.04113691377,
                -30.289331054133
              ],
              [
                153.04112647032,
                -30.28924081327
              ],
              [
                153.04102244454,
                -30.289132557915
              ],
              [
                153.04102238602,
                -30.288997193832
              ],
              [
                153.04104312899,
                -30.288879869905
              ],
              [
                153.04107431694,
                -30.288843763473
              ],
              [
                153.0410950813,
                -30.288780587075
              ],
              [
                153.04125104129,
                -30.288717374222
              ],
              [
                153.04134459795,
                -30.288645148144
              ],
              [
                153.04138394766,
                -30.28859987022
              ],
              [
                153.04140935708,
                -30.288536433279
              ],
              [
                153.04141100123,
                -30.288445476756
              ],
              [
                153.04141581798,
                -30.288347785322
              ],
              [
                153.04139526103,
                -30.288257122365
              ],
              [
                153.04139701219,
                -30.288215820027
              ],
              [
                153.04139794882,
                -30.288193978045
              ],
              [
                153.04139846898,
                -30.288181649927
              ],
              [
                153.04139955056,
                -30.288156052261
              ],
              [
                153.041394525,
                -30.288132360164
              ],
              [
                153.04143379891,
                -30.288114499043
              ],
              [
                153.0414774672,
                -30.288110868778
              ],
              [
                153.04152010336,
                -30.288108148425
              ],
              [
                153.04155961576,
                -30.288101818548
              ],
              [
                153.04159912815,
                -30.288095488659
              ],
              [
                153.04164279318,
                -30.288089157841
              ],
              [
                153.04168646858,
                -30.288082826487
              ],
              [
                153.04173014075,
                -30.2880864308
              ],
              [
                153.0417727818,
                -30.288090023685
              ],
              [
                153.04177619557,
                -30.288091739899
              ],
              [
                153.04181230182,
                -30.288109859896
              ],
              [
                153.04185078156,
                -30.288129703206
              ],
              [
                153.04188614791,
                -30.288145936484
              ],
              [
                153.04192151209,
                -30.28816307309
              ],
              [
                153.04195686257,
                -30.288172984539
              ],
              [
                153.04199222186,
                -30.288183807797
              ],
              [
                153.04203486129,
                -30.288183787754
              ],
              [
                153.04207853186,
                -30.288183779108
              ],
              [
                153.04211285069,
                -30.288177448092
              ],
              [
                153.04214611884,
                -30.288171124702
              ],
              [
                153.04218042729,
                -30.288164794188
              ],
              [
                153.04222410654,
                -30.288161172133
              ],
              [
                153.04226777264,
                -30.288158444921
              ],
              [
                153.04230729172,
                -30.288174677138
              ],
              [
                153.04234577811,
                -30.288191810275
              ],
              [
                153.04237697937,
                -30.288208948208
              ],
              [
                153.04240818064,
                -30.288226086134
              ],
              [
                153.04245082842,
                -30.28823960494
              ],
              [
                153.04249450673,
                -30.288253126137
              ],
              [
                153.04253817564,
                -30.288249504489
              ],
              [
                153.04257913261,
                -30.288246886214
              ],
              [
                153.04258081184,
                -30.28824678376
              ],
              [
                153.04261303242,
                -30.288230532196
              ],
              [
                153.04264526337,
                -30.288214280102
              ],
              [
                153.04265772368,
                -30.288183585383
              ],
              [
                153.04266915247,
                -30.288153809603
              ],
              [
                153.04267018209,
                -30.288120419646
              ],
              [
                153.04267016862,
                -30.288087931147
              ],
              [
                153.04268678975,
                -30.288058138295
              ],
              [
                153.04270237117,
                -30.288028361563
              ],
              [
                153.04273772741,
                -30.288014806584
              ],
              [
                153.04277307169,
                -30.288002164457
              ],
              [
                153.04281258783,
                -30.287998543665
              ],
              [
                153.04282449138,
                -30.287997719622
              ],
              [
                153.04285210119,
                -30.287995817196
              ],
              [
                153.04289161703,
                -30.288009348727
              ],
              [
                153.04293010175,
                -30.288022868841
              ],
              [
                153.04296649537,
                -30.288031878533
              ],
              [
                153.04300394026,
                -30.288040889574
              ],
              [
                153.04304033449,
                -30.288049908246
              ],
              [
                153.04308400439,
                -30.288049890233
              ],
              [
                153.04312664219,
                -30.288050782145
              ],
              [
                153.04316615945,
                -30.288050765068
              ],
              [
                153.04320566633,
                -30.288050748499
              ],
              [
                153.04324933876,
                -30.288037199912
              ],
              [
                153.04329196812,
                -30.288024552771
              ],
              [
                153.04333147751,
                -30.288011005648
              ],
              [
                153.04337098473,
                -30.28799836185
              ],
              [
                153.0434063322,
                -30.28798842003
              ],
              [
                153.04344168789,
                -30.287979381018
              ],
              [
                153.04348119724,
                -30.287965833846
              ],
              [
                153.04352070441,
                -30.28795319
              ],
              [
                153.04356020839,
                -30.28794595665
              ],
              [
                153.04359972057,
                -30.287939626104
              ],
              [
                153.04363923778,
                -30.287939608872
              ],
              [
                153.04367771252,
                -30.287940502094
              ],
              [
                153.04371607472,
                -30.287940488698
              ],
              [
                153.04372890969,
                -30.287988085084
              ],
              [
                153.04373462773,
                -30.288076413593
              ],
              [
                153.04373344037,
                -30.288149851708
              ],
              [
                153.04373731732,
                -30.288149774256
              ],
              [
                153.04380730141,
                -30.288167581797
              ],
              [
                153.04386773622,
                -30.288182969929
              ],
              [
                153.04388990387,
                -30.288240186285
              ],
              [
                153.04384567657,
                -30.288328071772
              ],
              [
                153.04384389987,
                -30.288344491486
              ],
              [
                153.04386090538,
                -30.28835555031
              ],
              [
                153.04389210768,
                -30.288355544502
              ],
              [
                153.04389955745,
                -30.288350364848
              ],
              [
                153.04392549821,
                -30.288332342118
              ],
              [
                153.04392558737,
                -30.28833227441
              ],
              [
                153.04394407835,
                -30.288319431332
              ],
              [
                153.04401239343,
                -30.288319402564
              ],
              [
                153.04403656016,
                -30.288315812285
              ],
              [
                153.04403957033,
                -30.288339081744
              ],
              [
                153.04404807728,
                -30.288346467072
              ],
              [
                153.04408967648,
                -30.288346453433
              ],
              [
                153.04412086023,
                -30.288328392916
              ],
              [
                153.04412841233,
                -30.288302135731
              ],
              [
                153.04413124199,
                -30.288292292793
              ],
              [
                153.04418320635,
                -30.28822911001
              ],
              [
                153.04427680015,
                -30.288238098171
              ],
              [
                153.04431081798,
                -30.288274974145
              ],
              [
                153.04431841373,
                -30.288283209135
              ],
              [
                153.04434961402,
                -30.28829221755
              ],
              [
                153.0443911952,
                -30.288274158161
              ],
              [
                153.04439573528,
                -30.288262341481
              ],
              [
                153.04440158585,
                -30.28824708084
              ],
              [
                153.04446394551,
                -30.288192913471
              ],
              [
                153.04448475026,
                -30.288192906321
              ],
              [
                153.04455755521,
                -30.28823800275
              ],
              [
                153.04455823186,
                -30.288238004863
              ],
              [
                153.04455918918,
                -30.288238001899
              ],
              [
                153.04459915436,
                -30.288237988935
              ],
              [
                153.04461993972,
                -30.28822895946
              ],
              [
                153.04468230194,
                -30.288156745292
              ],
              [
                153.04469929818,
                -30.288122290663
              ],
              [
                153.04471347087,
                -30.288093559946
              ],
              [
                153.04471345124,
                -30.288061613659
              ],
              [
                153.04471342416,
                -30.287985273956
              ],
              [
                153.04467178479,
                -30.287904071333
              ],
              [
                153.04456778694,
                -30.287868003797
              ],
              [
                153.04450540191,
                -30.287886079401
              ],
              [
                153.04442221567,
                -30.287877083088
              ],
              [
                153.04438062431,
                -30.287895143005
              ],
              [
                153.04435986868,
                -30.287985389435
              ],
              [
                153.04430788937,
                -30.288012479954
              ],
              [
                153.04424549738,
                -30.288003476917
              ],
              [
                153.04421426486,
                -30.287931298162
              ],
              [
                153.04419404878,
                -30.287913771071
              ],
              [
                153.04416125735,
                -30.287885910899
              ],
              [
                153.04414248875,
                -30.287869954918
              ],
              [
                153.04411544232,
                -30.287839285934
              ],
              [
                153.04408839314,
                -30.287809511282
              ],
              [
                153.04404991015,
                -30.287782452027
              ],
              [
                153.04401038413,
                -30.287756294228
              ],
              [
                153.0440038613,
                -30.287751970474
              ],
              [
                153.0439969135,
                -30.287747360984
              ],
              [
                153.0438418125,
                -30.287771776744
              ],
              [
                153.04367485684,
                -30.28779806172
              ],
              [
                153.04368587916,
                -30.2877615772
              ],
              [
                153.04368939102,
                -30.287749947721
              ],
              [
                153.04369739676,
                -30.287723469066
              ],
              [
                153.04370368306,
                -30.287713488528
              ],
              [
                153.0437421543,
                -30.287557292134
              ],
              [
                153.04367580521,
                -30.287515501768
              ],
              [
                153.04364706869,
                -30.287497400287
              ],
              [
                153.04355465212,
                -30.287446153615
              ],
              [
                153.04354885821,
                -30.287440899005
              ],
              [
                153.04347545638,
                -30.28737420873
              ],
              [
                153.04336638151,
                -30.287379013646
              ],
              [
                153.04326357622,
                -30.287365321337
              ],
              [
                153.0431587517,
                -30.2873606724
              ],
              [
                153.04315176059,
                -30.287359623767
              ],
              [
                153.04314291982,
                -30.287358306806
              ],
              [
                153.04311815076,
                -30.287323702513
              ],
              [
                153.04308897501,
                -30.287282951927
              ],
              [
                153.04307522888,
                -30.287273318886
              ],
              [
                153.04304977789,
                -30.287255476666
              ],
              [
                153.04293190873,
                -30.287210061052
              ],
              [
                153.04282849687,
                -30.28722345962
              ],
              [
                153.04281278182,
                -30.287225495872
              ],
              [
                153.04274756922,
                -30.287233948758
              ],
              [
                153.04268460935,
                -30.287233581266
              ],
              [
                153.04264552396,
                -30.287146947788
              ],
              [
                153.04264147109,
                -30.287108357776
              ],
              [
                153.04263079495,
                -30.287006693942
              ],
              [
                153.04263027066,
                -30.287001644143
              ],
              [
                153.04263641558,
                -30.286985176558
              ],
              [
                153.04264162892,
                -30.286970345472
              ],
              [
                153.04264716293,
                -30.286967962832
              ],
              [
                153.0428037877,
                -30.286900424093
              ],
              [
                153.0429509838,
                -30.286836953865
              ],
              [
                153.04301035844,
                -30.286673330477
              ],
              [
                153.04303069662,
                -30.286622666829
              ],
              [
                153.04306364725,
                -30.28648417156
              ],
              [
                153.04301403102,
                -30.286264525145
              ],
              [
                153.04296990865,
                -30.286020992246
              ],
              [
                153.04289275728,
                -30.285748825102
              ],
              [
                153.04272755139,
                -30.28543848717
              ],
              [
                153.04295852958,
                -30.285151890798
              ],
              [
                153.04304141625,
                -30.285147860415
              ],
              [
                153.04316234422,
                -30.28513621861
              ],
              [
                153.04340000818,
                -30.284899622209
              ],
              [
                153.04340398642,
                -30.284895294497
              ],
              [
                153.04369825724,
                -30.284938969073
              ],
              [
                153.04381964461,
                -30.284956983582
              ],
              [
                153.04383269986,
                -30.284958919601
              ],
              [
                153.04341597222,
                -30.29014064164
              ],
              [
                153.04343639962,
                -30.290140743983
              ],
              [
                153.04344470314,
                -30.290114512283
              ],
              [
                153.04344885467,
                -30.290081118897
              ],
              [
                153.04345299583,
                -30.290047726033
              ],
              [
                153.04346961766,
                -30.290017942032
              ],
              [
                153.04348520893,
                -30.289988155633
              ],
              [
                153.04348830974,
                -30.289954769896
              ],
              [
                153.04349038,
                -30.289921381764
              ],
              [
                153.04349348021,
                -30.289887987027
              ],
              [
                153.04349762134,
                -30.289854594167
              ],
              [
                153.04350110873,
                -30.289827312912
              ],
              [
                153.04350177068,
                -30.289822104125
              ],
              [
                153.04349030785,
                -30.289781501947
              ],
              [
                153.04347885325,
                -30.289741802588
              ],
              [
                153.0434518076,
                -30.289714737249
              ],
              [
                153.04342475982,
                -30.289688575245
              ],
              [
                153.04339771248,
                -30.289657897057
              ],
              [
                153.0433706636,
                -30.289628131205
              ],
              [
                153.04336336679,
                -30.289594744199
              ],
              [
                153.04335606999,
                -30.289561357192
              ],
              [
                153.04335709263,
                -30.289518041024
              ],
              [
                153.04335707219,
                -30.28947562632
              ],
              [
                153.04336954124,
                -30.28944584332
              ],
              [
                153.04338096936,
                -30.289416058442
              ],
              [
                153.04339238927,
                -30.289385370746
              ],
              [
                153.04340485829,
                -30.289355587744
              ],
              [
                153.04340483636,
                -30.289322196397
              ],
              [
                153.04340482263,
                -30.289289707869
              ],
              [
                153.04341312744,
                -30.28925632253
              ],
              [
                153.04342143165,
                -30.28922292819
              ],
              [
                153.04344950336,
                -30.289196750676
              ],
              [
                153.04347652377,
                -30.289170571802
              ],
              [
                153.04350771051,
                -30.289147091917
              ],
              [
                153.04353889785,
                -30.289123621026
              ],
              [
                153.04357008127,
                -30.289097440631
              ],
              [
                153.04359775629,
                -30.289074209488
              ],
              [
                153.04360126468,
                -30.289071260228
              ],
              [
                153.0436251715,
                -30.289041471344
              ],
              [
                153.04364906793,
                -30.289011682977
              ],
              [
                153.04366153682,
                -30.288981899956
              ],
              [
                153.04367296479,
                -30.288952115061
              ],
              [
                153.04368542516,
                -30.288908793037
              ],
              [
                153.0436968452,
                -30.288865478141
              ],
              [
                153.04370514926,
                -30.28883208379
              ],
              [
                153.04371345116,
                -30.28879959278
              ],
              [
                153.04371342797,
                -30.288762597612
              ],
              [
                153.04371341456,
                -30.288725592923
              ],
              [
                153.04371344227,
                -30.288724760558
              ],
              [
                153.04371444379,
                -30.288692202943
              ],
              [
                153.04371442996,
                -30.28865971443
              ],
              [
                153.04372688727,
                -30.288626328099
              ],
              [
                153.04373831343,
                -30.28859293037
              ],
              [
                153.04373834799,
                -30.288557892316
              ],
              [
                153.04373101153,
                -30.288553230082
              ],
              [
                153.04369981638,
                -30.288533382478
              ],
              [
                153.0436654876,
                -30.288509934934
              ],
              [
                153.04365224554,
                -30.288501152736
              ],
              [
                153.04363424456,
                -30.288489213588
              ],
              [
                153.04363011792,
                -30.288486485508
              ],
              [
                153.04359164656,
                -30.288475665585
              ],
              [
                153.04355212177,
                -30.288465747636
              ],
              [
                153.04351364351,
                -30.28846215388
              ],
              [
                153.04347413472,
                -30.288458557715
              ],
              [
                153.04344710243,
                -30.288481124261
              ],
              [
                153.04341903802,
                -30.288504600745
              ],
              [
                153.04339617331,
                -30.288537995286
              ],
              [
                153.04337227865,
                -30.288571396427
              ],
              [
                153.04335668759,
                -30.288601182781
              ],
              [
                153.04334006598,
                -30.288630966735
              ],
              [
                153.04332864183,
                -30.288663461088
              ],
              [
                153.04331617399,
                -30.2886968479
              ],
              [
                153.04330372101,
                -30.288732952689
              ],
              [
                153.04329229579,
                -30.288769954214
              ],
              [
                153.04327255198,
                -30.288799741533
              ],
              [
                153.04325280817,
                -30.28882952885
              ],
              [
                153.04322578392,
                -30.28885299817
              ],
              [
                153.04319771934,
                -30.288876474609
              ],
              [
                153.04317068968,
                -30.28890625777
              ],
              [
                153.04314263006,
                -30.288936047528
              ],
              [
                153.04312704274,
                -30.288968543357
              ],
              [
                153.04311146302,
                -30.289001933001
              ],
              [
                153.04309171261,
                -30.289034430314
              ],
              [
                153.04307198017,
                -30.289067820919
              ],
              [
                153.04305951168,
                -30.289097612883
              ],
              [
                153.04304808072,
                -30.28912829206
              ],
              [
                153.04302834346,
                -30.289168005516
              ],
              [
                153.04300756586,
                -30.289207726092
              ],
              [
                153.04299614262,
                -30.289243824262
              ],
              [
                153.0429836763,
                -30.289280823891
              ],
              [
                153.04296393228,
                -30.289310611171
              ],
              [
                153.04294418825,
                -30.289340398448
              ],
              [
                153.04292444809,
                -30.289372895221
              ],
              [
                153.04290470514,
                -30.289406286328
              ],
              [
                153.04289327686,
                -30.28943607116
              ],
              [
                153.04288081803,
                -30.28946585359
              ],
              [
                153.04286939144,
                -30.289499251259
              ],
              [
                153.04285692392,
                -30.289532647046
              ],
              [
                153.04285278754,
                -30.289572353211
              ],
              [
                153.04284864079,
                -30.289612059898
              ],
              [
                153.04284449943,
                -30.28964545273
              ],
              [
                153.04284035746,
                -30.289678836561
              ],
              [
                153.04285181408,
                -30.28972215782
              ],
              [
                153.04286326952,
                -30.289765461074
              ],
              [
                153.04287888258,
                -30.289798854681
              ],
              [
                153.04289345412,
                -30.289832237403
              ],
              [
                153.0429090649,
                -30.289862009167
              ],
              [
                153.04291157215,
                -30.289867139966
              ],
              [
                153.04291090105,
                -30.289869404674
              ],
              [
                153.0429097468,
                -30.289873319479
              ],
              [
                153.04291530747,
                -30.28987476519
              ],
              [
                153.04292363537,
                -30.289891788051
              ],
              [
                153.04294341098,
                -30.289925171169
              ],
              [
                153.0429621353,
                -30.289958552926
              ],
              [
                153.04298191094,
                -30.28999193604
              ],
              [
                153.04300064566,
                -30.290025317272
              ],
              [
                153.04301209511,
                -30.290058703348
              ],
              [
                153.04302354456,
                -30.290092089425
              ],
              [
                153.04303188221,
                -30.290125478344
              ],
              [
                153.04306420123,
                -30.290138766416
              ],
              [
                153.04309938217,
                -30.290138949275
              ],
              [
                153.0431696928,
                -30.290139326572
              ],
              [
                153.04320616484,
                -30.29013951677
              ],
              [
                153.04321621227,
                -30.2901395718
              ],
              [
                153.04330017268,
                -30.290140021708
              ],
              [
                153.04331043855,
                -30.290140074784
              ],
              [
                153.04333046078,
                -30.290140188476
              ],
              [
                153.04334562009,
                -30.290140266573
              ],
              [
                153.04337655314,
                -30.290140428011
              ],
              [
                153.04338079067,
                -30.290140449872
              ],
              [
                153.04341597222,
                -30.29014064164
              ],
              [
                153.04383269986,
                -30.284958919601
              ]
            ]
          ]
        ]
      },
      "properties": {
        "leadAgency": "Forestry Corporation NSW",
        "lga": "Coffs Harbour",
        "supportingAgencies": "Department of Planning, Housing & Infrastructure - Crown Lands",
        "size": "31.63 ha",
        "location": "GUM FLAT ROAD, BOAMBEE STATE FOREST",
        "guarReference": "BA20260216000116",
        "tenure": "Forestry, Crown Land",
        "startDate": "16/02/2026",
        "endDate": "31/03/2026"
      }
    },
    {
      "type": "Feature",
      "geometry": {
        "type": "MultiPolygon",
        "coordinates": [
          [
            [
              [
                152.87851935478,
                -30.407589240948
              ],
              [
                152.87861398952,
                -30.407630368571
              ],
              [
                152.87883536977,
                -30.407721993724
              ],
              [
                152.87895835193,
                -30.407776956259
              ],
              [
                152.87898303851,
                -30.407709941718
              ],
              [
                152.87906764392,
                -30.407527179248
              ],
              [
                152.87942059079,
                -30.407406162999
              ],
              [
                152.87942519821,
                -30.407405224448
              ],
              [
                152.87942763461,
                -30.407403750628
              ],
              [
                152.87951080222,
                -30.407375229753
              ],
              [
                152.87984838434,
                -30.407305452916
              ],
              [
                152.88012967213,
                -30.407278283973
              ],
              [
                152.88051183219,
                -30.407327270089
              ],
              [
                152.8805179244,
                -30.407333782852
              ],
              [
                152.88069723058,
                -30.407339702141
              ],
              [
                152.88090311273,
                -30.407334134607
              ],
              [
                152.88091682142,
                -30.407333419815
              ],
              [
                152.88122853816,
                -30.407317163231
              ],
              [
                152.88141410743,
                -30.407320201306
              ],
              [
                152.88160043851,
                -30.407323256072
              ],
              [
                152.88197901442,
                -30.407346110692
              ],
              [
                152.88207820926,
                -30.407345328906
              ],
              [
                152.8821188078,
                -30.407345007319
              ],
              [
                152.88216466476,
                -30.407347508812
              ],
              [
                152.88271695634,
                -30.407377634997
              ],
              [
                152.88289746685,
                -30.407387484446
              ],
              [
                152.88295773615,
                -30.407389994949
              ],
              [
                152.88304352184,
                -30.407393570832
              ],
              [
                152.88315135477,
                -30.407398065435
              ],
              [
                152.88336694737,
                -30.407407048901
              ],
              [
                152.88348791965,
                -30.407442125721
              ],
              [
                152.88353544833,
                -30.407455907615
              ],
              [
                152.88360886027,
                -30.40747719494
              ],
              [
                152.8836664682,
                -30.40749389842
              ],
              [
                152.88367489202,
                -30.407497804179
              ],
              [
                152.88374097143,
                -30.407528436893
              ],
              [
                152.88374582827,
                -30.407530692447
              ],
              [
                152.88374702054,
                -30.407531239343
              ],
              [
                152.88379499398,
                -30.40755746396
              ],
              [
                152.88385879715,
                -30.407583059453
              ],
              [
                152.88390019579,
                -30.407602244038
              ],
              [
                152.88390550136,
                -30.407601786034
              ],
              [
                152.88433230754,
                -30.407772989022
              ],
              [
                152.88471787674,
                -30.408083957722
              ],
              [
                152.88510345898,
                -30.408394924747
              ],
              [
                152.88562683289,
                -30.408741850461
              ],
              [
                152.88602237498,
                -30.409027064724
              ],
              [
                152.88569665483,
                -30.409320813067
              ],
              [
                152.88517367052,
                -30.409585328174
              ],
              [
                152.88504520144,
                -30.409807461917
              ],
              [
                152.88492641271,
                -30.410192001968
              ],
              [
                152.88464968598,
                -30.410696081539
              ],
              [
                152.88456068987,
                -30.410892602772
              ],
              [
                152.8843240824,
                -30.410832558756
              ],
              [
                152.88403810561,
                -30.410815202117
              ],
              [
                152.88380134934,
                -30.410866279816
              ],
              [
                152.88385100652,
                -30.410575704443
              ],
              [
                152.88371306995,
                -30.41046445633
              ],
              [
                152.88356540457,
                -30.410242089413
              ],
              [
                152.88352611805,
                -30.410105282133
              ],
              [
                152.88349680652,
                -30.409874466976
              ],
              [
                152.88344768593,
                -30.409720563432
              ],
              [
                152.88317176306,
                -30.409540818745
              ],
              [
                152.88278741183,
                -30.409326773982
              ],
              [
                152.88264941058,
                -30.409275366996
              ],
              [
                152.88253100333,
                -30.409326548691
              ],
              [
                152.88245214368,
                -30.40930083
              ],
              [
                152.8823833351,
                -30.409112716387
              ],
              [
                152.88188044901,
                -30.409456775701
              ],
              [
                152.88157027473,
                -30.409409045824
              ],
              [
                152.88131989979,
                -30.409291347356
              ],
              [
                152.88113112896,
                -30.409177268877
              ],
              [
                152.88085592965,
                -30.409209056085
              ],
              [
                152.88055195087,
                -30.409265732273
              ],
              [
                152.88019049313,
                -30.409315234305
              ],
              [
                152.87998097531,
                -30.409375550998
              ],
              [
                152.87997196992,
                -30.409388988256
              ],
              [
                152.87935231177,
                -30.409668495411
              ],
              [
                152.87925569101,
                -30.409775928721
              ],
              [
                152.87917282725,
                -30.409907276038
              ],
              [
                152.87878654712,
                -30.410169747581
              ],
              [
                152.87860718414,
                -30.410312950852
              ],
              [
                152.87848318814,
                -30.410265046252
              ],
              [
                152.87819400448,
                -30.410037777876
              ],
              [
                152.87827688569,
                -30.409894489776
              ],
              [
                152.87827703091,
                -30.409775021833
              ],
              [
                152.87811199991,
                -30.4094761897
              ],
              [
                152.87785027001,
                -30.409344523754
              ],
              [
                152.87758834849,
                -30.409368176475
              ],
              [
                152.8773127486,
                -30.409308180143
              ],
              [
                152.8770922419,
                -30.409284079705
              ],
              [
                152.87678877369,
                -30.409463000142
              ],
              [
                152.87631995786,
                -30.409593972051
              ],
              [
                152.87569953507,
                -30.409712858405
              ],
              [
                152.87524444054,
                -30.409891632515
              ],
              [
                152.87484435658,
                -30.410166036733
              ],
              [
                152.87441380701,
                -30.41003445379
              ],
              [
                152.87433455672,
                -30.410010230207
              ],
              [
                152.87433405106,
                -30.410013515524
              ],
              [
                152.87393176502,
                -30.409907937722
              ],
              [
                152.87375261834,
                -30.410840713597
              ],
              [
                152.87366654893,
                -30.411345995184
              ],
              [
                152.87327173327,
                -30.411144182002
              ],
              [
                152.87276203436,
                -30.41090474305
              ],
              [
                152.87274860034,
                -30.410629950748
              ],
              [
                152.87272135009,
                -30.410390976907
              ],
              [
                152.87276320856,
                -30.40999676392
              ],
              [
                152.87269481297,
                -30.409590487728
              ],
              [
                152.87246083538,
                -30.409327428572
              ],
              [
                152.87218542453,
                -30.409124051754
              ],
              [
                152.87193745946,
                -30.409016287858
              ],
              [
                152.87145513717,
                -30.408932182421
              ],
              [
                152.87111041204,
                -30.409027420251
              ],
              [
                152.87097249036,
                -30.409098970227
              ],
              [
                152.87083449167,
                -30.409218304309
              ],
              [
                152.87072412326,
                -30.409289874288
              ],
              [
                152.87039341564,
                -30.409217863082
              ],
              [
                152.87009027986,
                -30.409133938993
              ],
              [
                152.86973206465,
                -30.409014104782
              ],
              [
                152.86938767818,
                -30.408858451021
              ],
              [
                152.86912582872,
                -30.408822342667
              ],
              [
                152.86814774977,
                -30.408968767643
              ],
              [
                152.86812713042,
                -30.408824417139
              ],
              [
                152.86817375771,
                -30.408599626803
              ],
              [
                152.86851702857,
                -30.408230602506
              ],
              [
                152.86910994826,
                -30.408215139959
              ],
              [
                152.86928686916,
                -30.407540813658
              ],
              [
                152.86952823278,
                -30.407163648581
              ],
              [
                152.86975966708,
                -30.407292355665
              ],
              [
                152.87000061469,
                -30.407228356794
              ],
              [
                152.87020439112,
                -30.407260682959
              ],
              [
                152.87038017767,
                -30.407429477509
              ],
              [
                152.87057478266,
                -30.407389522831
              ],
              [
                152.87093602399,
                -30.407430030108
              ],
              [
                152.87167706721,
                -30.407494998251
              ],
              [
                152.87196450945,
                -30.407302565686
              ],
              [
                152.87221469969,
                -30.407254631468
              ],
              [
                152.87250188673,
                -30.407254912609
              ],
              [
                152.87275137965,
                -30.407744980045
              ],
              [
                152.8728347699,
                -30.407737028458
              ],
              [
                152.8732054496,
                -30.407649063812
              ],
              [
                152.87345581035,
                -30.407464614524
              ],
              [
                152.87364073884,
                -30.407745843574
              ],
              [
                152.87386240524,
                -30.408267994481
              ],
              [
                152.87388063405,
                -30.408500877651
              ],
              [
                152.8739175921,
                -30.408573184099
              ],
              [
                152.87421368884,
                -30.408854516652
              ],
              [
                152.87426869773,
                -30.409304240033
              ],
              [
                152.87440771673,
                -30.409264218405
              ],
              [
                152.87483427622,
                -30.408943434789
              ],
              [
                152.87518692491,
                -30.408470016502
              ],
              [
                152.87586388529,
                -30.407932663854
              ],
              [
                152.87629988385,
                -30.407467340701
              ],
              [
                152.87646670276,
                -30.407419320982
              ],
              [
                152.87667063756,
                -30.407323153891
              ],
              [
                152.8769393348,
                -30.407291287015
              ],
              [
                152.87762498808,
                -30.407195574211
              ],
              [
                152.87778246435,
                -30.407211785477
              ],
              [
                152.87810642917,
                -30.40743692221
              ],
              [
                152.87823012389,
                -30.407490676453
              ],
              [
                152.87828768791,
                -30.407546006541
              ],
              [
                152.87836523676,
                -30.407620547933
              ],
              [
                152.87843309621,
                -30.407606766229
              ],
              [
                152.87844939735,
                -30.407603450301
              ],
              [
                152.8785084735,
                -30.40759145225
              ],
              [
                152.87851935478,
                -30.407589240948
              ]
            ]
          ]
        ]
      },
      "properties": {
        "leadAgency": "Forestry Corporation NSW",
        "lga": "Bellingen",
        "supportingAgencies": "",
        "size": "36.55 ha",
        "location": "TUCKERS NOB STATE FOREST, 4KM NORTH WEST OF BELLINGEN",
        "guarReference": "BA20260211000104",
        "tenure": "Forestry",
        "startDate": "16/02/2026",
        "endDate": "31/03/2026"
      }
    },
    {
      "type": "Feature",
      "geometry": {
        "type": "MultiPolygon",
        "coordinates": [
          [
            [
              [
                152.99370777513,
                -29.231194897281
              ],
              [
                152.99379526817,
                -29.231197374204
              ],
              [
                152.99381785194,
                -29.231194900899
              ],
              [
                152.99383478757,
                -29.231192423402
              ],
              [
                152.99387712208,
                -29.231222134602
              ],
              [
                152.99389122764,
                -29.231271640004
              ],
              [
                152.99389404557,
                -29.231313728266
              ],
              [
                152.9939109801,
                -29.231343437837
              ],
              [
                152.99393355926,
                -29.231355817516
              ],
              [
                152.99397306846,
                -29.231350867184
              ],
              [
                152.99400976322,
                -29.231321162651
              ],
              [
                152.99410007251,
                -29.231316215453
              ],
              [
                152.99417345745,
                -29.231343450713
              ],
              [
                152.9942383605,
                -29.231385532941
              ],
              [
                152.99431738342,
                -29.231412772799
              ],
              [
                152.99444157247,
                -29.231415250104
              ],
              [
                152.9946250195,
                -29.231437543882
              ],
              [
                152.99470122571,
                -29.23146229957
              ],
              [
                152.99476613647,
                -29.231496954753
              ],
              [
                152.99484515411,
                -29.231519240607
              ],
              [
                152.99493264566,
                -29.231534097114
              ],
              [
                152.99500320315,
                -29.231529151967
              ],
              [
                152.9951048114,
                -29.231479644766
              ],
              [
                152.99517254921,
                -29.231412804616
              ],
              [
                152.99531573052,
                -29.231372111693
              ],
              [
                152.99543770631,
                -29.231320540068
              ],
              [
                152.99553135548,
                -29.231310983872
              ],
              [
                152.99563808751,
                -29.231309078959
              ],
              [
                152.99569254161,
                -29.231276601951
              ],
              [
                152.99581232884,
                -29.231263237717
              ],
              [
                152.99586242582,
                -29.231225024671
              ],
              [
                152.99587400651,
                -29.231196395773
              ],
              [
                152.99599667713,
                -29.231182606296
              ],
              [
                152.99606723727,
                -29.231185086764
              ],
              [
                152.99611239739,
                -29.231187566048
              ],
              [
                152.99614344458,
                -29.231177663442
              ],
              [
                152.99619490407,
                -29.231184905463
              ],
              [
                152.99633070778,
                -29.231204030389
              ],
              [
                152.99644396526,
                -29.231217406613
              ],
              [
                152.99649681611,
                -29.231208669826
              ],
              [
                152.99646491063,
                -29.231823844663
              ],
              [
                152.99664242595,
                -29.231935839965
              ],
              [
                152.99658546049,
                -29.232061729732
              ],
              [
                152.99636943565,
                -29.232539182337
              ],
              [
                152.99604437204,
                -29.233257582642
              ],
              [
                152.99596626276,
                -29.233346241756
              ],
              [
                152.99585708543,
                -29.233478263848
              ],
              [
                152.99577279852,
                -29.233599989795
              ],
              [
                152.99577084363,
                -29.233602813439
              ],
              [
                152.99575943972,
                -29.233625351576
              ],
              [
                152.99572424309,
                -29.233694892524
              ],
              [
                152.99569487933,
                -29.233759717947
              ],
              [
                152.99568281569,
                -29.233836575229
              ],
              [
                152.99570386751,
                -29.233917656011
              ],
              [
                152.99574878144,
                -29.234024090641
              ],
              [
                152.99582711487,
                -29.23415273548
              ],
              [
                152.99588730868,
                -29.234246010633
              ],
              [
                152.99591697485,
                -29.234291961561
              ],
              [
                152.99602963259,
                -29.234507343762
              ],
              [
                152.99612399144,
                -29.234725281467
              ],
              [
                152.99625024463,
                -29.234981396729
              ],
              [
                152.99631467951,
                -29.235105472166
              ],
              [
                152.99633468273,
                -29.23514399638
              ],
              [
                152.99638925661,
                -29.235259824944
              ],
              [
                152.99641806916,
                -29.235327755234
              ],
              [
                152.99643090488,
                -29.235358005112
              ],
              [
                152.99644137289,
                -29.23543031605
              ],
              [
                152.99644336222,
                -29.235491143177
              ],
              [
                152.99643779553,
                -29.235598380572
              ],
              [
                152.99641527187,
                -29.235761642991
              ],
              [
                152.99639945223,
                -29.235839267345
              ],
              [
                152.99638312294,
                -29.235853995751
              ],
              [
                152.99636536643,
                -29.235955133997
              ],
              [
                152.99635873565,
                -29.235992898137
              ],
              [
                152.99633726968,
                -29.235978531625
              ],
              [
                152.99626260413,
                -29.235928676533
              ],
              [
                152.99615009674,
                -29.235868420418
              ],
              [
                152.99613917441,
                -29.235863764276
              ],
              [
                152.99604416295,
                -29.235824643888
              ],
              [
                152.99604238191,
                -29.235823840313
              ],
              [
                152.99584163128,
                -29.235750976625
              ],
              [
                152.99566570258,
                -29.235692508637
              ],
              [
                152.99529404387,
                -29.235569170412
              ],
              [
                152.99481636749,
                -29.235417704693
              ],
              [
                152.99470156137,
                -29.235360495819
              ],
              [
                152.99463390126,
                -29.235319247253
              ],
              [
                152.99458547061,
                -29.235275973985
              ],
              [
                152.99452501092,
                -29.235209258918
              ],
              [
                152.99447091964,
                -29.235132648919
              ],
              [
                152.99436682158,
                -29.234943769391
              ],
              [
                152.99435240298,
                -29.234917614592
              ],
              [
                152.99428586433,
                -29.234796874701
              ],
              [
                152.99417217621,
                -29.234577482274
              ],
              [
                152.9940717467,
                -29.234352702475
              ],
              [
                152.99397775467,
                -29.234091585221
              ],
              [
                152.99393320474,
                -29.233974339475
              ],
              [
                152.99387103525,
                -29.233841278788
              ],
              [
                152.99385757528,
                -29.233812476888
              ],
              [
                152.99385367471,
                -29.233804128075
              ],
              [
                152.99372752476,
                -29.233568940501
              ],
              [
                152.99354495265,
                -29.233224179725
              ],
              [
                152.99348030966,
                -29.233102189195
              ],
              [
                152.9934555888,
                -29.233055537484
              ],
              [
                152.99344984965,
                -29.233044718599
              ],
              [
                152.99342128991,
                -29.232990815837
              ],
              [
                152.99328143932,
                -29.23280795116
              ],
              [
                152.9932042769,
                -29.232713770233
              ],
              [
                152.99315974147,
                -29.232659408937
              ],
              [
                152.99304163902,
                -29.232525863147
              ],
              [
                152.99303039014,
                -29.232514482613
              ],
              [
                152.99305150716,
                -29.232479390989
              ],
              [
                152.99308131509,
                -29.232429811868
              ],
              [
                152.99322476108,
                -29.232263193435
              ],
              [
                152.99324385646,
                -29.23221922518
              ],
              [
                152.9933085291,
                -29.232070353966
              ],
              [
                152.9933792043,
                -29.231905064256
              ],
              [
                152.99344203274,
                -29.231725993822
              ],
              [
                152.99347055079,
                -29.231641955476
              ],
              [
                152.99347349933,
                -29.231640480469
              ],
              [
                152.99350454696,
                -29.231630578546
              ],
              [
                152.99354123181,
                -29.231610773502
              ],
              [
                152.99356099656,
                -29.231588500212
              ],
              [
                152.99356381196,
                -29.231561269657
              ],
              [
                152.99358358004,
                -29.231504327697
              ],
              [
                152.993625912,
                -29.231444922493
              ],
              [
                152.99366261358,
                -29.23138798464
              ],
              [
                152.9936823712,
                -29.231321144355
              ],
              [
                152.99367673145,
                -29.231251829822
              ],
              [
                152.99368237531,
                -29.231214693286
              ],
              [
                152.99370777513,
                -29.231194897281
              ],
              [
                152.99474424051,
                -29.232863423114
              ],
              [
                152.9946999861,
                -29.233105210918
              ],
              [
                152.99459448484,
                -29.233096251651
              ],
              [
                152.99459108014,
                -29.233141026741
              ],
              [
                152.99468296132,
                -29.233176858731
              ],
              [
                152.99466253143,
                -29.233308197639
              ],
              [
                152.99455702279,
                -29.233567888674
              ],
              [
                152.9944743011,
                -29.233708042118
              ],
              [
                152.99457403096,
                -29.233752962556
              ],
              [
                152.994621683,
                -29.233663411737
              ],
              [
                152.99469995358,
                -29.233681331966
              ],
              [
                152.99467272226,
                -29.233746997126
              ],
              [
                152.99471696035,
                -29.233755957282
              ],
              [
                152.99482927262,
                -29.233738052972
              ],
              [
                152.99492456839,
                -29.233723126565
              ],
              [
                152.99493137791,
                -29.233651488104
              ],
              [
                152.99495180675,
                -29.233496263721
              ],
              [
                152.99486672631,
                -29.233466414746
              ],
              [
                152.99479524804,
                -29.233576855705
              ],
              [
                152.99472038313,
                -29.233532081211
              ],
              [
                152.99480886687,
                -29.233415667039
              ],
              [
                152.99482589068,
                -29.233272381047
              ],
              [
                152.99488375787,
                -29.233170891554
              ],
              [
                152.99496202654,
                -29.233129102665
              ],
              [
                152.99496543996,
                -29.233006715333
              ],
              [
                152.99505052706,
                -29.232833587545
              ],
              [
                152.99506415524,
                -29.232666424869
              ],
              [
                152.99492801773,
                -29.232657466713
              ],
              [
                152.99473403316,
                -29.232738049583
              ],
              [
                152.99474424051,
                -29.232863423114
              ],
              [
                152.99370777513,
                -29.231194897281
              ]
            ]
          ]
        ]
      },
      "properties": {
        "leadAgency": "Forestry Corporation NSW",
        "lga": "Richmond Valley",
        "supportingAgencies": "",
        "size": "10.94 ha",
        "location": "CAMIRA LOOP ROAD, WHIPORIE STATE FOREST",
        "guarReference": "BA20260210000097",
        "tenure": "Forestry",
        "startDate": "16/02/2026",
        "endDate": "01/04/2026"
      }
    },
    {
      "type": "Feature",
      "geometry": {
        "type": "MultiPolygon",
        "coordinates": [
          [
            [
              [
                152.99756362474,
                -29.230946168494
              ],
              [
                152.99768886337,
                -29.231027780328
              ],
              [
                152.99769602165,
                -29.231109389569
              ],
              [
                152.99761014058,
                -29.231115659298
              ],
              [
                152.99757436151,
                -29.231090554778
              ],
              [
                152.99750278995,
                -29.231118797311
              ],
              [
                152.99748489731,
                -29.231212957949
              ],
              [
                152.99754572677,
                -29.231266324752
              ],
              [
                152.99767096522,
                -29.231344787435
              ],
              [
                152.99771748803,
                -29.231256907537
              ],
              [
                152.99776042927,
                -29.231219243904
              ],
              [
                152.99768885911,
                -29.231194130094
              ],
              [
                152.99767813013,
                -29.23115960539
              ],
              [
                152.99773538222,
                -29.231077997378
              ],
              [
                152.99781053374,
                -29.231049754686
              ],
              [
                152.99789283588,
                -29.230977567581
              ],
              [
                152.9980431265,
                -29.230971289722
              ],
              [
                152.99807175595,
                -29.231012094647
              ],
              [
                152.99825066627,
                -29.231027789746
              ],
              [
                152.99836517669,
                -29.231052903806
              ],
              [
                152.99845821708,
                -29.231040344055
              ],
              [
                152.99854409714,
                -29.231090570368
              ],
              [
                152.99867291723,
                -29.231121955889
              ],
              [
                152.99872301648,
                -29.231191004731
              ],
              [
                152.99881604706,
                -29.23119728643
              ],
              [
                152.99887330682,
                -29.23124750289
              ],
              [
                152.99894129747,
                -29.231282036654
              ],
              [
                152.99894486734,
                -29.231225531458
              ],
              [
                152.99895202851,
                -29.231159623074
              ],
              [
                152.99904864882,
                -29.231194147851
              ],
              [
                152.99908084893,
                -29.231222401186
              ],
              [
                152.99917746945,
                -29.231234953437
              ],
              [
                152.99927049967,
                -29.231247506192
              ],
              [
                152.99929912968,
                -29.231285170631
              ],
              [
                152.99929337211,
                -29.231297308939
              ],
              [
                152.99928385524,
                -29.231311107665
              ],
              [
                152.99928563309,
                -29.231309195248
              ],
              [
                152.99928416921,
                -29.231310875266
              ],
              [
                152.99926517614,
                -29.231333913757
              ],
              [
                152.99921552546,
                -29.23139414139
              ],
              [
                152.99916374,
                -29.231456958138
              ],
              [
                152.99905371325,
                -29.231553473161
              ],
              [
                152.99899776464,
                -29.231539275946
              ],
              [
                152.99897381386,
                -29.231481965749
              ],
              [
                152.99889540204,
                -29.231493427303
              ],
              [
                152.99888886191,
                -29.231552644983
              ],
              [
                152.99893460265,
                -29.231621426291
              ],
              [
                152.99886708251,
                -29.231674911871
              ],
              [
                152.99877342841,
                -29.231713120817
              ],
              [
                152.99868412529,
                -29.231795271715
              ],
              [
                152.9985691354,
                -29.23186269184
              ],
              [
                152.99849756333,
                -29.231916047637
              ],
              [
                152.9983972679,
                -29.231985569105
              ],
              [
                152.99833239167,
                -29.23201818487
              ],
              [
                152.99821272332,
                -29.232099150313
              ],
              [
                152.99810035279,
                -29.232151449732
              ],
              [
                152.99804532423,
                -29.23219619283
              ],
              [
                152.99818869245,
                -29.231705769702
              ],
              [
                152.99687311544,
                -29.231426002148
              ],
              [
                152.99689269576,
                -29.231382712643
              ],
              [
                152.99700931001,
                -29.2311249684
              ],
              [
                152.99702687742,
                -29.23108612971
              ],
              [
                152.99706240914,
                -29.231007602149
              ],
              [
                152.99723799108,
                -29.231027770784
              ],
              [
                152.99735250228,
                -29.231005800779
              ],
              [
                152.99747058426,
                -29.230946166739
              ],
              [
                152.99756362474,
                -29.230946168494
              ]
            ]
          ]
        ]
      },
      "properties": {
        "leadAgency": "Forestry Corporation NSW",
        "lga": "Richmond Valley",
        "supportingAgencies": "",
        "size": "1.44 ha",
        "location": "CAMIRA LOOP ROAD, WHIPORIE STATE FOREST",
        "guarReference": "BA20260210000097",
        "tenure": "Forestry",
        "startDate": "16/02/2026",
        "endDate": "01/04/2026"
      }
    },
    {
      "type": "Feature",
      "geometry": {
        "type": "MultiPolygon",
        "coordinates": [
          [
            [
              [
                152.99071039774,
                -29.229897314479
              ],
              [
                152.99075830547,
                -29.229908780176
              ],
              [
                152.99079534537,
                -29.229828545623
              ],
              [
                152.9908802887,
                -29.229803721491
              ],
              [
                152.99090082669,
                -29.229781942147
              ],
              [
                152.99358753221,
                -29.230215800358
              ],
              [
                152.99361576118,
                -29.230220360766
              ],
              [
                152.99365705973,
                -29.230227032932
              ],
              [
                152.99378211911,
                -29.230247225325
              ],
              [
                152.99541270047,
                -29.2305105011
              ],
              [
                152.99538548417,
                -29.230619406402
              ],
              [
                152.99522273627,
                -29.23083127878
              ],
              [
                152.99503399809,
                -29.230888235815
              ],
              [
                152.99485930735,
                -29.230900350463
              ],
              [
                152.99465327374,
                -29.230895392519
              ],
              [
                152.99447602894,
                -29.230903538606
              ],
              [
                152.99419819149,
                -29.230877103402
              ],
              [
                152.99416188024,
                -29.23087433095
              ],
              [
                152.99415813468,
                -29.230798757929
              ],
              [
                152.99412273755,
                -29.230789207839
              ],
              [
                152.99412818385,
                -29.230829801092
              ],
              [
                152.99403834304,
                -29.230817859712
              ],
              [
                152.99403562228,
                -29.230765317305
              ],
              [
                152.9939730045,
                -29.230755767084
              ],
              [
                152.99392127297,
                -29.230808300807
              ],
              [
                152.99382598573,
                -29.230803518647
              ],
              [
                152.99382598376,
                -29.230753374881
              ],
              [
                152.99379603879,
                -29.23074382071
              ],
              [
                152.99376327999,
                -29.230839911639
              ],
              [
                152.9935474369,
                -29.230816640936
              ],
              [
                152.99348813385,
                -29.230810893824
              ],
              [
                152.99339734643,
                -29.230765955425
              ],
              [
                152.99345790352,
                -29.230725655403
              ],
              [
                152.99354285233,
                -29.230672161269
              ],
              [
                152.9934949318,
                -29.230670253226
              ],
              [
                152.99349493834,
                -29.230630134208
              ],
              [
                152.99345355067,
                -29.230616761969
              ],
              [
                152.99339909558,
                -29.230660697864
              ],
              [
                152.99330980552,
                -29.230643494547
              ],
              [
                152.99325752697,
                -29.230622477525
              ],
              [
                152.99325970781,
                -29.230586183243
              ],
              [
                152.9932401141,
                -29.230519313275
              ],
              [
                152.99315734731,
                -29.23057470951
              ],
              [
                152.99313121163,
                -29.230591907583
              ],
              [
                152.99311596152,
                -29.230563250055
              ],
              [
                152.99309418944,
                -29.23052312731
              ],
              [
                152.99302884089,
                -29.230580434256
              ],
              [
                152.99295479038,
                -29.230530763266
              ],
              [
                152.99295044277,
                -29.230475361161
              ],
              [
                152.99288291833,
                -29.230490637688
              ],
              [
                152.99279798372,
                -29.230440964461
              ],
              [
                152.99276312889,
                -29.230463889463
              ],
              [
                152.99264116423,
                -29.230419943543
              ],
              [
                152.99258785871,
                -29.230468242673
              ],
              [
                152.99220602596,
                -29.230364782787
              ],
              [
                152.99209793431,
                -29.230366329049
              ],
              [
                152.99202342988,
                -29.230302170543
              ],
              [
                152.99195877528,
                -29.230203668612
              ],
              [
                152.99184647905,
                -29.230096196549
              ],
              [
                152.99180904182,
                -29.230170820819
              ],
              [
                152.99176140165,
                -29.230126045214
              ],
              [
                152.99174099196,
                -29.230066335755
              ],
              [
                152.99164570044,
                -29.230039471532
              ],
              [
                152.99163548411,
                -29.230081259708
              ],
              [
                152.99161846654,
                -29.230182747224
              ],
              [
                152.99160143891,
                -29.230296182411
              ],
              [
                152.99157641459,
                -29.23043722631
              ],
              [
                152.99145416976,
                -29.230468197677
              ],
              [
                152.99138614383,
                -29.230504261754
              ],
              [
                152.99132577176,
                -29.230484220003
              ],
              [
                152.99124408894,
                -29.230490183479
              ],
              [
                152.9912543055,
                -29.230448395318
              ],
              [
                152.99127472847,
                -29.230334960639
              ],
              [
                152.99117944727,
                -29.23028122343
              ],
              [
                152.99114200942,
                -29.230355847505
              ],
              [
                152.99115901208,
                -29.230472270106
              ],
              [
                152.9911079653,
                -29.23048122046
              ],
              [
                152.99103649789,
                -29.230487183689
              ],
              [
                152.99095481305,
                -29.230573745265
              ],
              [
                152.99089354786,
                -29.23069314382
              ],
              [
                152.99093872545,
                -29.230776998405
              ],
              [
                152.99081876277,
                -29.230891727935
              ],
              [
                152.99059283595,
                -29.231149293884
              ],
              [
                152.99041962947,
                -29.231334209179
              ],
              [
                152.9903865454,
                -29.231369271189
              ],
              [
                152.99031835051,
                -29.231391609318
              ],
              [
                152.99018561727,
                -29.231466221912
              ],
              [
                152.99008010419,
                -29.231561733897
              ],
              [
                152.99001543033,
                -29.231734867393
              ],
              [
                152.98996950633,
                -29.231908094536
              ],
              [
                152.9898246956,
                -29.23209370882
              ],
              [
                152.98974155848,
                -29.232171950806
              ],
              [
                152.98971250542,
                -29.232131851113
              ],
              [
                152.98959678951,
                -29.232146772761
              ],
              [
                152.98956956585,
                -29.232206471541
              ],
              [
                152.98947766251,
                -29.232287058646
              ],
              [
                152.98945043873,
                -29.232346757407
              ],
              [
                152.98936195463,
                -29.232340780883
              ],
              [
                152.98939265215,
                -29.231660196061
              ],
              [
                152.98938060149,
                -29.231655262297
              ],
              [
                152.98937397403,
                -29.231652555023
              ],
              [
                152.98940785233,
                -29.230799858171
              ],
              [
                152.98940972314,
                -29.230752986016
              ],
              [
                152.98943623889,
                -29.230085543511
              ],
              [
                152.98943281383,
                -29.229987296406
              ],
              [
                152.98942261172,
                -29.22969477126
              ],
              [
                152.98941369806,
                -29.22959455367
              ],
              [
                152.98962141871,
                -29.229603026932
              ],
              [
                152.98972813435,
                -29.229633603693
              ],
              [
                152.98974773706,
                -29.229677544823
              ],
              [
                152.98985881651,
                -29.229685198588
              ],
              [
                152.9900047368,
                -29.229702404459
              ],
              [
                152.99013541349,
                -29.229710054793
              ],
              [
                152.99023342357,
                -29.229725341463
              ],
              [
                152.99035974893,
                -29.22973299409
              ],
              [
                152.99041420037,
                -29.229757837147
              ],
              [
                152.99049260731,
                -29.229754015323
              ],
              [
                152.99060150389,
                -29.229796058691
              ],
              [
                152.99065158926,
                -29.229853371582
              ],
              [
                152.99071039774,
                -29.229897314479
              ]
            ]
          ]
        ]
      },
      "properties": {
        "leadAgency": "Forestry Corporation NSW",
        "lga": "Richmond Valley",
        "supportingAgencies": "",
        "size": "5.29 ha",
        "location": "CAMIRA LOOP ROAD, WHIPORIE STATE FOREST",
        "guarReference": "BA20260210000097",
        "tenure": "Forestry",
        "startDate": "16/02/2026",
        "endDate": "01/04/2026"
      }
    },
    {
      "type": "Feature",
      "geometry": {
        "type": "MultiPolygon",
        "coordinates": [
          [
            [
              [
                152.98316496131,
                -29.229342601206
              ],
              [
                152.98306870366,
                -29.229365110275
              ],
              [
                152.98257480682,
                -29.229283814437
              ],
              [
                152.98259540154,
                -29.229229666557
              ],
              [
                152.98266225485,
                -29.229137540606
              ],
              [
                152.98273948923,
                -29.229031113705
              ],
              [
                152.98278239584,
                -29.2289966248
              ],
              [
                152.98286298024,
                -29.228931853166
              ],
              [
                152.98292472737,
                -29.228886734506
              ],
              [
                152.98296591767,
                -29.22870622371
              ],
              [
                152.98302765778,
                -29.228670128825
              ],
              [
                152.9831614358,
                -29.228625014832
              ],
              [
                152.98327342363,
                -29.228653680725
              ],
              [
                152.98318991505,
                -29.229136549237
              ],
              [
                152.98316496131,
                -29.229342601206
              ]
            ]
          ]
        ]
      },
      "properties": {
        "leadAgency": "Forestry Corporation NSW",
        "lga": "Richmond Valley",
        "supportingAgencies": "",
        "size": "0.31 ha",
        "location": "CAMIRA LOOP ROAD, WHIPORIE STATE FOREST",
        "guarReference": "BA20260210000097",
        "tenure": "Forestry",
        "startDate": "16/02/2026",
        "endDate": "01/04/2026"
      }
    },
    {
      "type": "Feature",
      "geometry": {
        "type": "MultiPolygon",
        "coordinates": [
          [
            [
              [
                152.98535395807,
                -29.228226270565
              ],
              [
                152.98533350308,
                -29.228672834305
              ],
              [
                152.98529447533,
                -29.228886660352
              ],
              [
                152.98527140384,
                -29.229048899437
              ],
              [
                152.98522957706,
                -29.229085572784
              ],
              [
                152.98507523074,
                -29.229121653709
              ],
              [
                152.98493117668,
                -29.229094566552
              ],
              [
                152.98470582328,
                -29.229216170555
              ],
              [
                152.98463136592,
                -29.229217299409
              ],
              [
                152.98446559248,
                -29.229257193808
              ],
              [
                152.98425755447,
                -29.229382618106
              ],
              [
                152.98424786005,
                -29.229456827669
              ],
              [
                152.9842005453,
                -29.229482578548
              ],
              [
                152.98397417018,
                -29.229527686254
              ],
              [
                152.98371555883,
                -29.22948694125
              ],
              [
                152.98375479995,
                -29.229351537192
              ],
              [
                152.98372078751,
                -29.229279896043
              ],
              [
                152.98370035056,
                -29.229339594686
              ],
              [
                152.9836118637,
                -29.229387340046
              ],
              [
                152.98360507565,
                -29.229273904338
              ],
              [
                152.98360510706,
                -29.229076893035
              ],
              [
                152.98365276879,
                -29.228975408906
              ],
              [
                152.98373446029,
                -29.228879901129
              ],
              [
                152.98364598854,
                -29.228790335442
              ],
              [
                152.98369649137,
                -29.228661186803
              ],
              [
                152.98380967489,
                -29.228643149694
              ],
              [
                152.98397433062,
                -29.228561939757
              ],
              [
                152.98410810131,
                -29.228525848523
              ],
              [
                152.9841389691,
                -29.228489753931
              ],
              [
                152.98415746678,
                -29.228446503337
              ],
              [
                152.98416985223,
                -29.228417546595
              ],
              [
                152.98422130472,
                -29.228381454222
              ],
              [
                152.98425494923,
                -29.22839129381
              ],
              [
                152.98428303535,
                -29.22839950904
              ],
              [
                152.98433448679,
                -29.228435622558
              ],
              [
                152.984375645,
                -29.228408548074
              ],
              [
                152.98441680627,
                -29.22836342646
              ],
              [
                152.98482840657,
                -29.228309315476
              ],
              [
                152.98489014868,
                -29.228255172527
              ],
              [
                152.98492102632,
                -29.228219077227
              ],
              [
                152.98507536654,
                -29.228246170168
              ],
              [
                152.9852194133,
                -29.228282289936
              ],
              [
                152.98523999378,
                -29.228273259697
              ],
              [
                152.98526057937,
                -29.228201064816
              ],
              [
                152.98535395807,
                -29.228226270565
              ]
            ]
          ]
        ]
      },
      "properties": {
        "leadAgency": "Forestry Corporation NSW",
        "lga": "Richmond Valley",
        "supportingAgencies": "",
        "size": "1.62 ha",
        "location": "CAMIRA LOOP ROAD, WHIPORIE STATE FOREST",
        "guarReference": "BA20260210000097",
        "tenure": "Forestry",
        "startDate": "16/02/2026",
        "endDate": "01/04/2026"
      }
    },
    {
      "type": "Feature",
      "geometry": {
        "type": "MultiPolygon",
        "coordinates": [
          [
            [
              [
                152.98770973465,
                -29.22640520699
              ],
              [
                152.98776115373,
                -29.226666952701
              ],
              [
                152.98781257136,
                -29.226856492638
              ],
              [
                152.98787428262,
                -29.227082140805
              ],
              [
                152.98796683883,
                -29.227497335879
              ],
              [
                152.98800796834,
                -29.227659799953
              ],
              [
                152.98802854221,
                -29.227750055032
              ],
              [
                152.98803881243,
                -29.2278944644
              ],
              [
                152.98811082291,
                -29.228074991199
              ],
              [
                152.98817252707,
                -29.22832771043
              ],
              [
                152.98822396331,
                -29.228417973124
              ],
              [
                152.98824451901,
                -29.228625561756
              ],
              [
                152.98828565174,
                -29.228815105349
              ],
              [
                152.98829592714,
                -29.228923420602
              ],
              [
                152.98832679265,
                -29.228977569021
              ],
              [
                152.98838852278,
                -29.229013677845
              ],
              [
                152.98843995962,
                -29.229103940511
              ],
              [
                152.98841936491,
                -29.229239328211
              ],
              [
                152.98816707949,
                -29.22940380283
              ],
              [
                152.98810035395,
                -29.229464939003
              ],
              [
                152.987966585,
                -29.229528105205
              ],
              [
                152.98787397205,
                -29.229537125086
              ],
              [
                152.98767846867,
                -29.229555158545
              ],
              [
                152.98753441021,
                -29.229591248245
              ],
              [
                152.98741092832,
                -29.229609283834
              ],
              [
                152.98734708361,
                -29.229617279521
              ],
              [
                152.98726687219,
                -29.229627326073
              ],
              [
                152.987166959,
                -29.22966172596
              ],
              [
                152.98708181999,
                -29.22964330758
              ],
              [
                152.9869082097,
                -29.229659326583
              ],
              [
                152.98671121252,
                -29.229681421997
              ],
              [
                152.98651571128,
                -29.229681406409
              ],
              [
                152.98626874468,
                -29.229735531486
              ],
              [
                152.98616585665,
                -29.22972649669
              ],
              [
                152.98618645264,
                -29.229609165443
              ],
              [
                152.98613502107,
                -29.229455719046
              ],
              [
                152.98615560997,
                -29.229392547231
              ],
              [
                152.9861676683,
                -29.229317541728
              ],
              [
                152.98617447302,
                -29.229270583934
              ],
              [
                152.98617621079,
                -29.229239112767
              ],
              [
                152.98616592921,
                -29.229157877243
              ],
              [
                152.98617624395,
                -29.229031516544
              ],
              [
                152.98610251977,
                -29.228855568478
              ],
              [
                152.98612482855,
                -29.228797146752
              ],
              [
                152.98624020111,
                -29.228716004162
              ],
              [
                152.98606851852,
                -29.228635319506
              ],
              [
                152.98608214689,
                -29.228539805886
              ],
              [
                152.98612571243,
                -29.228446674998
              ],
              [
                152.98620468309,
                -29.228348775759
              ],
              [
                152.98628907825,
                -29.228308182389
              ],
              [
                152.98632447933,
                -29.228246097015
              ],
              [
                152.98627004209,
                -29.228184002556
              ],
              [
                152.98618728265,
                -29.228146261922
              ],
              [
                152.98613013159,
                -29.228007748719
              ],
              [
                152.98619821079,
                -29.227900300279
              ],
              [
                152.98628806221,
                -29.227773736319
              ],
              [
                152.98630714475,
                -29.227616128404
              ],
              [
                152.98627448606,
                -29.227501504247
              ],
              [
                152.98622821957,
                -29.227377314174
              ],
              [
                152.98622416955,
                -29.227125374907
              ],
              [
                152.98626505352,
                -29.226820904823
              ],
              [
                152.98633093135,
                -29.226540451828
              ],
              [
                152.98637209355,
                -29.226549479348
              ],
              [
                152.98642354412,
                -29.226513386095
              ],
              [
                152.98655730498,
                -29.226486324979
              ],
              [
                152.98661905244,
                -29.226450227801
              ],
              [
                152.98672194708,
                -29.226459261659
              ],
              [
                152.98675281696,
                -29.22643218975
              ],
              [
                152.98678370258,
                -29.226323887735
              ],
              [
                152.98686602589,
                -29.226269736665
              ],
              [
                152.98694834326,
                -29.22622461833
              ],
              [
                152.98698950428,
                -29.226161439862
              ],
              [
                152.98714387123,
                -29.225998999563
              ],
              [
                152.9872159093,
                -29.225926795582
              ],
              [
                152.9872879306,
                -29.225908751273
              ],
              [
                152.98727766818,
                -29.22575531835
              ],
              [
                152.98726738153,
                -29.225710186342
              ],
              [
                152.9873483448,
                -29.225491515318
              ],
              [
                152.98734892217,
                -29.225484772799
              ],
              [
                152.98734972678,
                -29.225475528366
              ],
              [
                152.98735280168,
                -29.22543195268
              ],
              [
                152.98734737028,
                -29.225369991195
              ],
              [
                152.9873458993,
                -29.225355366004
              ],
              [
                152.98733923166,
                -29.22528897306
              ],
              [
                152.98733926763,
                -29.225278828874
              ],
              [
                152.98733947124,
                -29.225222809977
              ],
              [
                152.98737034687,
                -29.225141578789
              ],
              [
                152.9873996226,
                -29.225109488695
              ],
              [
                152.98741151546,
                -29.225096455778
              ],
              [
                152.98746295792,
                -29.225114512287
              ],
              [
                152.98747323573,
                -29.22518671509
              ],
              [
                152.98746147363,
                -29.225246094975
              ],
              [
                152.98746419154,
                -29.225296137673
              ],
              [
                152.98747321818,
                -29.225331127524
              ],
              [
                152.98752464957,
                -29.225439437297
              ],
              [
                152.98754520549,
                -29.225628978337
              ],
              [
                152.98758634224,
                -29.22576437138
              ],
              [
                152.98759662268,
                -29.225818527154
              ],
              [
                152.98757603324,
                -29.225944881456
              ],
              [
                152.98762746943,
                -29.226017088116
              ],
              [
                152.98767891449,
                -29.226062223892
              ],
              [
                152.98767890157,
                -29.226170533315
              ],
              [
                152.98770975183,
                -29.226260794394
              ],
              [
                152.98770973465,
                -29.22640520699
              ],
              [
                152.98686593174,
                -29.226919585048
              ],
              [
                152.98685035061,
                -29.226978778159
              ],
              [
                152.98671980422,
                -29.2270270003
              ],
              [
                152.98674216764,
                -29.227103115853
              ],
              [
                152.98667774928,
                -29.227107819473
              ],
              [
                152.98663302527,
                -29.227080355845
              ],
              [
                152.98663303503,
                -29.227010513629
              ],
              [
                152.98661067602,
                -29.226975987055
              ],
              [
                152.9865489522,
                -29.226986970703
              ],
              [
                152.98655878893,
                -29.227041112847
              ],
              [
                152.986531042,
                -29.227127420091
              ],
              [
                152.98650509093,
                -29.227177642302
              ],
              [
                152.986560556,
                -29.227198835549
              ],
              [
                152.98657933675,
                -29.227219230972
              ],
              [
                152.98652118651,
                -29.22727337454
              ],
              [
                152.98649344466,
                -29.227325157698
              ],
              [
                152.98658289346,
                -29.22738009405
              ],
              [
                152.98657842488,
                -29.227335363939
              ],
              [
                152.98658916896,
                -29.227307906217
              ],
              [
                152.98664015438,
                -29.22729222031
              ],
              [
                152.98670635382,
                -29.227276526719
              ],
              [
                152.98672604625,
                -29.227256126201
              ],
              [
                152.98672962426,
                -29.227198060509
              ],
              [
                152.98676273344,
                -29.227161969722
              ],
              [
                152.98682510674,
                -29.227137165402
              ],
              [
                152.98682474063,
                -29.227172303214
              ],
              [
                152.98684532048,
                -29.227208408172
              ],
              [
                152.98684530598,
                -29.227316708731
              ],
              [
                152.9868426584,
                -29.227374529096
              ],
              [
                152.9868281296,
                -29.227461136753
              ],
              [
                152.98681440877,
                -29.227515273351
              ],
              [
                152.98683497761,
                -29.227596505329
              ],
              [
                152.98679378171,
                -29.227840191374
              ],
              [
                152.98679377884,
                -29.227903373978
              ],
              [
                152.98673203223,
                -29.2279665507
              ],
              [
                152.98652621518,
                -29.228128989958
              ],
              [
                152.98651784815,
                -29.228148910765
              ],
              [
                152.9864418481,
                -29.228081612105
              ],
              [
                152.98645886594,
                -29.2280368294
              ],
              [
                152.9865099256,
                -29.22798011905
              ],
              [
                152.98651672885,
                -29.227935345045
              ],
              [
                152.98645209128,
                -29.227842804418
              ],
              [
                152.9863635967,
                -29.227899512602
              ],
              [
                152.98633635985,
                -29.227983087143
              ],
              [
                152.98627510757,
                -29.228015919826
              ],
              [
                152.98631593222,
                -29.228087569349
              ],
              [
                152.9863771821,
                -29.228087573235
              ],
              [
                152.98640100466,
                -29.228123397824
              ],
              [
                152.98639759394,
                -29.228195035482
              ],
              [
                152.98646995829,
                -29.228262896123
              ],
              [
                152.98664968788,
                -29.228165105643
              ],
              [
                152.98674230043,
                -29.228110960212
              ],
              [
                152.98676287225,
                -29.228129009631
              ],
              [
                152.98679260955,
                -29.228348372078
              ],
              [
                152.98688632043,
                -29.228326430241
              ],
              [
                152.98692505162,
                -29.228326430151
              ],
              [
                152.98693526893,
                -29.228296580584
              ],
              [
                152.98697611114,
                -29.228269719583
              ],
              [
                152.98701013996,
                -29.228290619913
              ],
              [
                152.98708160628,
                -29.228272711992
              ],
              [
                152.98717349522,
                -29.228227950969
              ],
              [
                152.98717349849,
                -29.228177202683
              ],
              [
                152.98724836745,
                -29.228198104898
              ],
              [
                152.9872858054,
                -29.228159305591
              ],
              [
                152.98721093672,
                -29.22812944306
              ],
              [
                152.987197329,
                -29.228093618863
              ],
              [
                152.98724157703,
                -29.228054819727
              ],
              [
                152.98732665365,
                -29.228036921475
              ],
              [
                152.98741513346,
                -29.228042899485
              ],
              [
                152.98745597475,
                -29.228019016113
              ],
              [
                152.98745257431,
                -29.227956338638
              ],
              [
                152.98748661556,
                -29.227938428161
              ],
              [
                152.98751043216,
                -29.227914553422
              ],
              [
                152.98746279574,
                -29.227851855527
              ],
              [
                152.98734368924,
                -29.227875725677
              ],
              [
                152.98721777055,
                -29.227929445365
              ],
              [
                152.9870850404,
                -29.228004063226
              ],
              [
                152.98700335653,
                -29.228048824935
              ],
              [
                152.98702377225,
                -29.228111512349
              ],
              [
                152.98710543853,
                -29.228174212268
              ],
              [
                152.98703397046,
                -29.228213009677
              ],
              [
                152.9869659129,
                -29.228171209025
              ],
              [
                152.98697270812,
                -29.228242856462
              ],
              [
                152.98688633313,
                -29.228287619563
              ],
              [
                152.98688635487,
                -29.228092927631
              ],
              [
                152.98689665564,
                -29.227984614635
              ],
              [
                152.9869378521,
                -29.227695802022
              ],
              [
                152.98693785871,
                -29.227641642726
              ],
              [
                152.98692758105,
                -29.22756943969
              ],
              [
                152.98694819319,
                -29.227352822299
              ],
              [
                152.98692762968,
                -29.227190360706
              ],
              [
                152.98690706929,
                -29.227082048888
              ],
              [
                152.98694825535,
                -29.226910569337
              ],
              [
                152.98696572838,
                -29.226711561468
              ],
              [
                152.9868865485,
                -29.226666864653
              ],
              [
                152.98685566086,
                -29.226793222813
              ],
              [
                152.98681449565,
                -29.226847377991
              ],
              [
                152.98686593174,
                -29.226919585048
              ],
              [
                152.98770973465,
                -29.22640520699
              ]
            ]
          ]
        ]
      },
      "properties": {
        "leadAgency": "Forestry Corporation NSW",
        "lga": "Richmond Valley",
        "supportingAgencies": "",
        "size": "6.51 ha",
        "location": "CAMIRA LOOP ROAD, WHIPORIE STATE FOREST",
        "guarReference": "BA20260210000097",
        "tenure": "Forestry",
        "startDate": "16/02/2026",
        "endDate": "01/04/2026"
      }
    },
    {
      "type": "Feature",
      "geometry": {
        "type": "MultiPolygon",
        "coordinates": [
          [
            [
              [
                152.98682523518,
                -29.22350787684
              ],
              [
                152.98686843514,
                -29.223566953857
              ],
              [
                152.98689565134,
                -29.22360277878
              ],
              [
                152.98697392032,
                -29.22363860599
              ],
              [
                152.98691265711,
                -29.223716204887
              ],
              [
                152.98701473972,
                -29.223758007232
              ],
              [
                152.98696027552,
                -29.223850540677
              ],
              [
                152.98706235612,
                -29.223925179436
              ],
              [
                152.98703512195,
                -29.22399980248
              ],
              [
                152.98697726192,
                -29.224107260203
              ],
              [
                152.98706233187,
                -29.224131149979
              ],
              [
                152.98710317359,
                -29.224077417138
              ],
              [
                152.98710998964,
                -29.223987868239
              ],
              [
                152.98720737393,
                -29.223959406677
              ],
              [
                152.98721615929,
                -29.224013357881
              ],
              [
                152.98727787864,
                -29.224103617192
              ],
              [
                152.98728349552,
                -29.224307282622
              ],
              [
                152.98727667109,
                -29.224531164203
              ],
              [
                152.98724694062,
                -29.224645156005
              ],
              [
                152.98724601214,
                -29.224755045309
              ],
              [
                152.98715431126,
                -29.224861761041
              ],
              [
                152.98713372277,
                -29.224897862411
              ],
              [
                152.98721601765,
                -29.22506032976
              ],
              [
                152.98720571822,
                -29.225123516078
              ],
              [
                152.98706164248,
                -29.225385237969
              ],
              [
                152.9869998985,
                -29.225403288277
              ],
              [
                152.98701016028,
                -29.225601856556
              ],
              [
                152.98701014398,
                -29.225728212992
              ],
              [
                152.98695868749,
                -29.225818465659
              ],
              [
                152.9868866467,
                -29.225908716546
              ],
              [
                152.98686156214,
                -29.225974695285
              ],
              [
                152.98685576979,
                -29.225989938681
              ],
              [
                152.98682647374,
                -29.226009929197
              ],
              [
                152.98676315301,
                -29.226053107874
              ],
              [
                152.98658822875,
                -29.226089197847
              ],
              [
                152.98651620717,
                -29.226107241736
              ],
              [
                152.98634112617,
                -29.226084470118
              ],
              [
                152.98630600188,
                -29.225943305908
              ],
              [
                152.98632643895,
                -29.225847783741
              ],
              [
                152.98632644701,
                -29.22574629642
              ],
              [
                152.98631284361,
                -29.225662710832
              ],
              [
                152.98636730815,
                -29.225591075919
              ],
              [
                152.98635370323,
                -29.225531375532
              ],
              [
                152.98637413372,
                -29.225382119006
              ],
              [
                152.98638094826,
                -29.225322419752
              ],
              [
                152.98636735723,
                -29.225214957511
              ],
              [
                152.98638099009,
                -29.225041824138
              ],
              [
                152.98643546386,
                -29.224838843307
              ],
              [
                152.98643549379,
                -29.22458213351
              ],
              [
                152.98646274815,
                -29.224385124477
              ],
              [
                152.9865104103,
                -29.224200055169
              ],
              [
                152.98649681824,
                -29.224104531145
              ],
              [
                152.9865444812,
                -29.223907523804
              ],
              [
                152.98655131628,
                -29.223704540266
              ],
              [
                152.9865410482,
                -29.223529135904
              ],
              [
                152.98670176838,
                -29.223516896803
              ],
              [
                152.9867223456,
                -29.223525922372
              ],
              [
                152.98682523518,
                -29.22350787684
              ]
            ]
          ]
        ]
      },
      "properties": {
        "leadAgency": "Forestry Corporation NSW",
        "lga": "Richmond Valley",
        "supportingAgencies": "",
        "size": "1.85 ha",
        "location": "CAMIRA LOOP ROAD, WHIPORIE STATE FOREST",
        "guarReference": "BA20260210000097",
        "tenure": "Forestry",
        "startDate": "16/02/2026",
        "endDate": "01/04/2026"
      }
    },
    {
      "type": "Feature",
      "geometry": {
        "type": "MultiPolygon",
        "coordinates": [
          [
            [
              [
                152.98690526689,
                -29.223328451304
              ],
              [
                152.98674873303,
                -29.223352318771
              ],
              [
                152.98661941901,
                -29.223352302687
              ],
              [
                152.98659901926,
                -29.223232902442
              ],
              [
                152.98663307804,
                -29.222958283454
              ],
              [
                152.9866432708,
                -29.222837785819
              ],
              [
                152.98664670906,
                -29.222797088522
              ],
              [
                152.98661953286,
                -29.222504553819
              ],
              [
                152.98663374021,
                -29.222396053886
              ],
              [
                152.98666721672,
                -29.222140377526
              ],
              [
                152.98668085179,
                -29.221925457008
              ],
              [
                152.98671954866,
                -29.221704465759
              ],
              [
                152.98693865034,
                -29.221747886162
              ],
              [
                152.98699009466,
                -29.221774966049
              ],
              [
                152.98687688688,
                -29.221973521469
              ],
              [
                152.98684599797,
                -29.222163061227
              ],
              [
                152.98689739272,
                -29.222497012667
              ],
              [
                152.98690205234,
                -29.222574704562
              ],
              [
                152.98690766239,
                -29.222668500585
              ],
              [
                152.98691793287,
                -29.222794862269
              ],
              [
                152.98692789435,
                -29.223005202646
              ],
              [
                152.98692819158,
                -29.223011477027
              ],
              [
                152.98683723629,
                -29.223107552318
              ],
              [
                152.98686444881,
                -29.223197112013
              ],
              [
                152.98690526689,
                -29.223328451304
              ]
            ]
          ]
        ]
      },
      "properties": {
        "leadAgency": "Forestry Corporation NSW",
        "lga": "Richmond Valley",
        "supportingAgencies": "",
        "size": "0.44 ha",
        "location": "CAMIRA LOOP ROAD, WHIPORIE STATE FOREST",
        "guarReference": "BA20260210000097",
        "tenure": "Forestry",
        "startDate": "16/02/2026",
        "endDate": "01/04/2026"
      }
    },
    {
      "type": "Feature",
      "geometry": {
        "type": "MultiPolygon",
        "coordinates": [
          [
            [
              [
                152.98665160256,
                -29.214193393322
              ],
              [
                152.98664130983,
                -29.214247546193
              ],
              [
                152.98626066992,
                -29.214085045091
              ],
              [
                152.98593146504,
                -29.213958655594
              ],
              [
                152.98583942906,
                -29.213924035637
              ],
              [
                152.98564341095,
                -29.213850316534
              ],
              [
                152.98558977155,
                -29.213822625127
              ],
              [
                152.98546852737,
                -29.213760040542
              ],
              [
                152.98534507685,
                -29.213705868347
              ],
              [
                152.98532450354,
                -29.213651716803
              ],
              [
                152.98537597028,
                -29.213525362816
              ],
              [
                152.98545830135,
                -29.213344858637
              ],
              [
                152.98558179992,
                -29.213056051003
              ],
              [
                152.98565383329,
                -29.212920676329
              ],
              [
                152.98578763532,
                -29.212532589623
              ],
              [
                152.98585967894,
                -29.212352079621
              ],
              [
                152.98594199083,
                -29.212297938978
              ],
              [
                152.98600371872,
                -29.212261843172
              ],
              [
                152.98600372865,
                -29.212189637944
              ],
              [
                152.985942013,
                -29.21213547272
              ],
              [
                152.98599541336,
                -29.212000178403
              ],
              [
                152.98603463454,
                -29.211900815726
              ],
              [
                152.98606550347,
                -29.211882767552
              ],
              [
                152.98653874527,
                -29.211955021426
              ],
              [
                152.98684737255,
                -29.212009210984
              ],
              [
                152.98685764841,
                -29.212081412846
              ],
              [
                152.98684818941,
                -29.21212566116
              ],
              [
                152.9867958884,
                -29.212370227391
              ],
              [
                152.98675471207,
                -29.21247853168
              ],
              [
                152.98672384397,
                -29.212568784779
              ],
              [
                152.98677524662,
                -29.212839559775
              ],
              [
                152.98669283057,
                -29.213615754603
              ],
              [
                152.98666475057,
                -29.214009106277
              ],
              [
                152.98665160256,
                -29.214193393322
              ]
            ]
          ]
        ]
      },
      "properties": {
        "leadAgency": "Forestry Corporation NSW",
        "lga": "Richmond Valley",
        "supportingAgencies": "",
        "size": "2.47 ha",
        "location": "CAMIRA LOOP ROAD, WHIPORIE STATE FOREST",
        "guarReference": "BA20260210000097",
        "tenure": "Forestry",
        "startDate": "16/02/2026",
        "endDate": "01/04/2026"
      }
    },
    {
      "type": "Feature",
      "geometry": {
        "type": "MultiPolygon",
        "coordinates": [
          [
            [
              [
                152.98278357998,
                -29.21227048616
              ],
              [
                152.98282472918,
                -29.212288547428
              ],
              [
                152.98296876296,
                -29.212279543033
              ],
              [
                152.98344199681,
                -29.212333753954
              ],
              [
                152.98351402088,
                -29.212270585905
              ],
              [
                152.98354489986,
                -29.212225458911
              ],
              [
                152.98349346809,
                -29.212189345152
              ],
              [
                152.98349347978,
                -29.212090069976
              ],
              [
                152.98345235522,
                -29.211954677464
              ],
              [
                152.98334948243,
                -29.211882459375
              ],
              [
                152.98284538424,
                -29.211828239661
              ],
              [
                152.98283510193,
                -29.211783116925
              ],
              [
                152.9828248343,
                -29.211647724216
              ],
              [
                152.98286955504,
                -29.211475240954
              ],
              [
                152.98287631576,
                -29.211449166404
              ],
              [
                152.98316436846,
                -29.211503362499
              ],
              [
                152.98333926351,
                -29.211485333897
              ],
              [
                152.9837713418,
                -29.211539538178
              ],
              [
                152.98421371651,
                -29.211593746249
              ],
              [
                152.9842857261,
                -29.211647908694
              ],
              [
                152.98500586805,
                -29.211702142816
              ],
              [
                152.9854276735,
                -29.211756343775
              ],
              [
                152.98597291314,
                -29.211855683187
              ],
              [
                152.9859729097,
                -29.211918864729
              ],
              [
                152.98594729863,
                -29.211993729874
              ],
              [
                152.98591115177,
                -29.212099371447
              ],
              [
                152.98580825686,
                -29.212243770619
              ],
              [
                152.98574649556,
                -29.212442324127
              ],
              [
                152.98569503794,
                -29.212586733426
              ],
              [
                152.98559210626,
                -29.212911646183
              ],
              [
                152.9855200728,
                -29.213047020819
              ],
              [
                152.98529364146,
                -29.21361560632
              ],
              [
                152.98523236386,
                -29.213723107892
              ],
              [
                152.98520102685,
                -29.213778057812
              ],
              [
                152.98510841191,
                -29.21394050926
              ],
              [
                152.9850655377,
                -29.21412844828
              ],
              [
                152.98504663784,
                -29.21421127713
              ],
              [
                152.98494373622,
                -29.214373722726
              ],
              [
                152.98488196079,
                -29.21464448164
              ],
              [
                152.98478937164,
                -29.214626419446
              ],
              [
                152.9841103599,
                -29.214572188866
              ],
              [
                152.98365768223,
                -29.214536030171
              ],
              [
                152.98272146096,
                -29.214463708134
              ],
              [
                152.98188812571,
                -29.214409448823
              ],
              [
                152.98090047847,
                -29.214337100101
              ],
              [
                152.98082465301,
                -29.214337095849
              ],
              [
                152.98079759098,
                -29.214337085011
              ],
              [
                152.98061240135,
                -29.214373168591
              ],
              [
                152.98049732072,
                -29.214396225367
              ],
              [
                152.98025229562,
                -29.214445314639
              ],
              [
                152.9802729245,
                -29.214210654541
              ],
              [
                152.98020096603,
                -29.213903770749
              ],
              [
                152.98020103131,
                -29.213578846707
              ],
              [
                152.98017018638,
                -29.213470538567
              ],
              [
                152.98015992959,
                -29.213326121715
              ],
              [
                152.98015316649,
                -29.213277383919
              ],
              [
                152.98010856157,
                -29.212956068459
              ],
              [
                152.98007778189,
                -29.212549906652
              ],
              [
                152.98007224669,
                -29.212374004849
              ],
              [
                152.98006755221,
                -29.212224986355
              ],
              [
                152.97998530273,
                -29.211981278392
              ],
              [
                152.97988245452,
                -29.211827828445
              ],
              [
                152.97982074359,
                -29.211746590125
              ],
              [
                152.97982075527,
                -29.211665361795
              ],
              [
                152.97982076267,
                -29.211629259203
              ],
              [
                152.9798002364,
                -29.211412640175
              ],
              [
                152.97981055507,
                -29.21125018032
              ],
              [
                152.97986203258,
                -29.21105162441
              ],
              [
                152.97989438673,
                -29.211004339945
              ],
              [
                152.97992378303,
                -29.210961372941
              ],
              [
                152.97999579063,
                -29.210961389106
              ],
              [
                152.98039700827,
                -29.211015595888
              ],
              [
                152.98108627351,
                -29.211142058206
              ],
              [
                152.98162122976,
                -29.211214340895
              ],
              [
                152.9821870528,
                -29.211286620821
              ],
              [
                152.98224877152,
                -29.21130467637
              ],
              [
                152.98241337147,
                -29.211340801458
              ],
              [
                152.98246481547,
                -29.211358859348
              ],
              [
                152.9826397041,
                -29.211376934357
              ],
              [
                152.9827631527,
                -29.211413053436
              ],
              [
                152.98280310223,
                -29.211465644069
              ],
              [
                152.9828042947,
                -29.211467208286
              ],
              [
                152.98276312148,
                -29.211593566368
              ],
              [
                152.98270131641,
                -29.21200873377
              ],
              [
                152.982732161,
                -29.21213509689
              ],
              [
                152.98278357998,
                -29.21227048616
              ]
            ]
          ]
        ]
      },
      "properties": {
        "leadAgency": "Forestry Corporation NSW",
        "lga": "Richmond Valley",
        "supportingAgencies": "",
        "size": "17.63 ha",
        "location": "CAMIRA LOOP ROAD, WHIPORIE STATE FOREST",
        "guarReference": "BA20260210000097",
        "tenure": "Forestry",
        "startDate": "16/02/2026",
        "endDate": "01/04/2026"
      }
    },
    {
      "type": "Feature",
      "geometry": {
        "type": "MultiPolygon",
        "coordinates": [
          [
            [
              [
                152.97851437937,
                -29.21078064445
              ],
              [
                152.97868926913,
                -29.210807748384
              ],
              [
                152.97877157546,
                -29.21078970635
              ],
              [
                152.97893618033,
                -29.210816812575
              ],
              [
                152.97908020034,
                -29.210861962241
              ],
              [
                152.97962543525,
                -29.210925228059
              ],
              [
                152.97975918132,
                -29.210943300206
              ],
              [
                152.9797591679,
                -29.210989861069
              ],
              [
                152.97975916988,
                -29.210997449558
              ],
              [
                152.97967675601,
                -29.21151190522
              ],
              [
                152.97968700691,
                -29.21170143858
              ],
              [
                152.97984128791,
                -29.211900027165
              ],
              [
                152.97994411407,
                -29.212161784986
              ],
              [
                152.97996458184,
                -29.212694304124
              ],
              [
                152.97995427063,
                -29.212820661602
              ],
              [
                152.97998510146,
                -29.212947026056
              ],
              [
                152.98000567168,
                -29.212974099509
              ],
              [
                152.980026231,
                -29.213082410397
              ],
              [
                152.98006795731,
                -29.213280305347
              ],
              [
                152.98007762461,
                -29.213326108932
              ],
              [
                152.98011866053,
                -29.213903757994
              ],
              [
                152.98014948056,
                -29.214111351082
              ],
              [
                152.9801802974,
                -29.214337000051
              ],
              [
                152.98014941826,
                -29.214445298474
              ],
              [
                152.98000537011,
                -29.214508458026
              ],
              [
                152.97960408809,
                -29.214715991817
              ],
              [
                152.97958350951,
                -29.214725011959
              ],
              [
                152.97944975002,
                -29.214770121275
              ],
              [
                152.9793056937,
                -29.214842303689
              ],
              [
                152.97909990478,
                -29.214950578294
              ],
              [
                152.9789764327,
                -29.21503178661
              ],
              [
                152.97879122591,
                -29.215112993797
              ],
              [
                152.97840023067,
                -29.215311488322
              ],
              [
                152.97825618069,
                -29.215347566775
              ],
              [
                152.97807096749,
                -29.215473898782
              ],
              [
                152.97796807707,
                -29.215528039336
              ],
              [
                152.97756678249,
                -29.21572653431
              ],
              [
                152.97742273343,
                -29.215798714004
              ],
              [
                152.977144906,
                -29.215961126762
              ],
              [
                152.97687738257,
                -29.216087442128
              ],
              [
                152.9765069542,
                -29.216294966831
              ],
              [
                152.97628057665,
                -29.216403233164
              ],
              [
                152.97609535998,
                -29.216502483166
              ],
              [
                152.9759924714,
                -29.216538566186
              ],
              [
                152.97596160309,
                -29.216538555951
              ],
              [
                152.9759352135,
                -29.216573277069
              ],
              [
                152.97590240726,
                -29.216635598061
              ],
              [
                152.97586896899,
                -29.216701000684
              ],
              [
                152.97581751557,
                -29.216755144895
              ],
              [
                152.97574547995,
                -29.216809285395
              ],
              [
                152.97565285423,
                -29.216935627213
              ],
              [
                152.97554992594,
                -29.217107097859
              ],
              [
                152.97537496211,
                -29.217368811045
              ],
              [
                152.97513822951,
                -29.217729788418
              ],
              [
                152.97488092435,
                -29.218126872417
              ],
              [
                152.97470597466,
                -29.21828027688
              ],
              [
                152.9744693018,
                -29.218415612432
              ],
              [
                152.97441783013,
                -29.218550985047
              ],
              [
                152.97440750989,
                -29.21864124048
              ],
              [
                152.97436635819,
                -29.21865026431
              ],
              [
                152.97432406761,
                -29.218652397354
              ],
              [
                152.97426758659,
                -29.218674769586
              ],
              [
                152.97421201298,
                -29.218713410412
              ],
              [
                152.97409883216,
                -29.218740461935
              ],
              [
                152.97409658762,
                -29.218739482837
              ],
              [
                152.97405768236,
                -29.218722406523
              ],
              [
                152.9740680075,
                -29.218578001841
              ],
              [
                152.97407847188,
                -29.217873999204
              ],
              [
                152.97405792876,
                -29.217765686228
              ],
              [
                152.97408885485,
                -29.21751297774
              ],
              [
                152.97405802293,
                -29.217395634864
              ],
              [
                152.97407872889,
                -29.21691728824
              ],
              [
                152.97405818995,
                -29.216754817212
              ],
              [
                152.97404987461,
                -29.216685872582
              ],
              [
                152.97404183492,
                -29.216619260176
              ],
              [
                152.97405122209,
                -29.216235099287
              ],
              [
                152.97410985735,
                -29.215906421856
              ],
              [
                152.97413049145,
                -29.215671753983
              ],
              [
                152.97412033075,
                -29.215166318466
              ],
              [
                152.97412039376,
                -29.21493165528
              ],
              [
                152.97411121201,
                -29.214391729071
              ],
              [
                152.97411025704,
                -29.214335958921
              ],
              [
                152.97410229768,
                -29.214146219796
              ],
              [
                152.97410424929,
                -29.214066428043
              ],
              [
                152.97411355667,
                -29.214009357462
              ],
              [
                152.97413094412,
                -29.213902731188
              ],
              [
                152.97415157891,
                -29.213704174954
              ],
              [
                152.97414132644,
                -29.213541711227
              ],
              [
                152.97414138232,
                -29.213352174255
              ],
              [
                152.97414142088,
                -29.213207763642
              ],
              [
                152.97417231122,
                -29.213081411098
              ],
              [
                152.97417232537,
                -29.213027252634
              ],
              [
                152.97416205683,
                -29.212946026451
              ],
              [
                152.97417236704,
                -29.212891874218
              ],
              [
                152.97418267661,
                -29.212801619865
              ],
              [
                152.97435574372,
                -29.212438113812
              ],
              [
                152.97479403816,
                -29.212148711655
              ],
              [
                152.97497601078,
                -29.212071417938
              ],
              [
                152.97527338034,
                -29.212115880052
              ],
              [
                152.97540711217,
                -29.212152004433
              ],
              [
                152.97554085319,
                -29.212152026054
              ],
              [
                152.97559228876,
                -29.212179110591
              ],
              [
                152.97562313477,
                -29.212242303001
              ],
              [
                152.97562311666,
                -29.212314508232
              ],
              [
                152.97558193104,
                -29.212467933907
              ],
              [
                152.97559220561,
                -29.212531113111
              ],
              [
                152.97561276326,
                -29.21258527578
              ],
              [
                152.97588215358,
                -29.212694260026
              ],
              [
                152.97602245664,
                -29.212637546881
              ],
              [
                152.97606385646,
                -29.212566980115
              ],
              [
                152.97604901063,
                -29.21243567017
              ],
              [
                152.97617620588,
                -29.212289878801
              ],
              [
                152.97607368833,
                -29.212171807553
              ],
              [
                152.97578276887,
                -29.21202070201
              ],
              [
                152.9756268924,
                -29.212055792451
              ],
              [
                152.9753809371,
                -29.211932041461
              ],
              [
                152.97522199038,
                -29.211908273362
              ],
              [
                152.97512938965,
                -29.211935338963
              ],
              [
                152.97502651017,
                -29.211953365176
              ],
              [
                152.97486191262,
                -29.211917238848
              ],
              [
                152.9746870313,
                -29.211854026661
              ],
              [
                152.97460012961,
                -29.211860936325
              ],
              [
                152.97438568296,
                -29.211395703106
              ],
              [
                152.97435695549,
                -29.211039030578
              ],
              [
                152.9742512945,
                -29.210814731711
              ],
              [
                152.97431073188,
                -29.210146163524
              ],
              [
                152.97431203025,
                -29.210131543795
              ],
              [
                152.97437883285,
                -29.210112018712
              ],
              [
                152.97483147827,
                -29.210193338175
              ],
              [
                152.97509895559,
                -29.210229484582
              ],
              [
                152.9757676311,
                -29.210337918007
              ],
              [
                152.97625114453,
                -29.210419233385
              ],
              [
                152.97698154737,
                -29.21053669498
              ],
              [
                152.97734161459,
                -29.210572857772
              ],
              [
                152.97845265816,
                -29.210753554848
              ],
              [
                152.97851437937,
                -29.21078064445
              ]
            ]
          ]
        ]
      },
      "properties": {
        "leadAgency": "Forestry Corporation NSW",
        "lga": "Richmond Valley",
        "supportingAgencies": "",
        "size": "34.86 ha",
        "location": "CAMIRA LOOP ROAD, WHIPORIE STATE FOREST",
        "guarReference": "BA20260210000097",
        "tenure": "Forestry",
        "startDate": "16/02/2026",
        "endDate": "01/04/2026"
      }
    },
    {
      "type": "Feature",
      "geometry": {
        "type": "MultiPolygon",
        "coordinates": [
          [
            [
              [
                152.08662952185,
                -29.654717766767
              ],
              [
                152.08677589085,
                -29.654781384918
              ],
              [
                152.08690291626,
                -29.65476270495
              ],
              [
                152.08705148525,
                -29.654734292169
              ],
              [
                152.08712259244,
                -29.654732293946
              ],
              [
                152.08720591726,
                -29.654790961635
              ],
              [
                152.08725632355,
                -29.654897851767
              ],
              [
                152.08735274282,
                -29.655126941856
              ],
              [
                152.08741497943,
                -29.655315502314
              ],
              [
                152.087439042,
                -29.655476615225
              ],
              [
                152.08741247115,
                -29.655532516969
              ],
              [
                152.08735348198,
                -29.65552638393
              ],
              [
                152.08730693199,
                -29.655536748053
              ],
              [
                152.08726051549,
                -29.655516364548
              ],
              [
                152.08707364547,
                -29.655394548071
              ],
              [
                152.08696565577,
                -29.655338933275
              ],
              [
                152.08688906457,
                -29.655367629753
              ],
              [
                152.08685749405,
                -29.655440391906
              ],
              [
                152.086857006,
                -29.655442939165
              ],
              [
                152.08678969986,
                -29.655432900935
              ],
              [
                152.08679967409,
                -29.655379113398
              ],
              [
                152.08678017262,
                -29.655334538922
              ],
              [
                152.086716542,
                -29.655276133454
              ],
              [
                152.08672798689,
                -29.655233706657
              ],
              [
                152.08675937826,
                -29.655187543434
              ],
              [
                152.08681896213,
                -29.6552034145
              ],
              [
                152.0868983105,
                -29.655234875424
              ],
              [
                152.08696911842,
                -29.655233431436
              ],
              [
                152.0870247463,
                -29.655197100361
              ],
              [
                152.08698749311,
                -29.655158199181
              ],
              [
                152.0869105771,
                -29.655101640628
              ],
              [
                152.08691345442,
                -29.655028232043
              ],
              [
                152.08686007052,
                -29.655060713912
              ],
              [
                152.0868020162,
                -29.655120211386
              ],
              [
                152.08671094975,
                -29.655160162195
              ],
              [
                152.08664695905,
                -29.655142331137
              ],
              [
                152.08662121576,
                -29.655053276478
              ],
              [
                152.08659388666,
                -29.655140033389
              ],
              [
                152.08659113227,
                -29.655199911014
              ],
              [
                152.08656188755,
                -29.655253814925
              ],
              [
                152.08648212007,
                -29.655268723594
              ],
              [
                152.0864468312,
                -29.655256880311
              ],
              [
                152.086387511,
                -29.655212033495
              ],
              [
                152.08630630138,
                -29.655139984081
              ],
              [
                152.0862384303,
                -29.65506222373
              ],
              [
                152.08616374257,
                -29.655003747211
              ],
              [
                152.08610649423,
                -29.654974368023
              ],
              [
                152.08610043474,
                -29.654910561502
              ],
              [
                152.08614280981,
                -29.654872214261
              ],
              [
                152.08622016071,
                -29.654880471849
              ],
              [
                152.08626413936,
                -29.654909757056
              ],
              [
                152.08628342003,
                -29.654979452428
              ],
              [
                152.08630092421,
                -29.655000823194
              ],
              [
                152.08634969718,
                -29.65498957081
              ],
              [
                152.08634570962,
                -29.654941241056
              ],
              [
                152.08632209668,
                -29.654861849725
              ],
              [
                152.08633810467,
                -29.654803997688
              ],
              [
                152.08638042069,
                -29.65477144574
              ],
              [
                152.08641623512,
                -29.65472531093
              ],
              [
                152.0864242303,
                -29.654674747756
              ],
              [
                152.08647900344,
                -29.654676612252
              ],
              [
                152.08662952185,
                -29.654717766767
              ]
            ]
          ]
        ]
      },
      "properties": {
        "leadAgency": "Forestry Corporation NSW",
        "lga": "Glen Innes Severn",
        "supportingAgencies": "",
        "size": "0.64 ha",
        "location": "CAMP ROAD, MOUNT MITCHELL STATE FOREST",
        "guarReference": "BA20260210000096",
        "tenure": "Forestry",
        "startDate": "16/02/2026",
        "endDate": "17/04/2026"
      }
    },
    {
      "type": "Feature",
      "geometry": {
        "type": "MultiPolygon",
        "coordinates": [
          [
            [
              [
                152.08679025004,
                -29.653707839599
              ],
              [
                152.08681252246,
                -29.653821341184
              ],
              [
                152.08682817817,
                -29.653913640303
              ],
              [
                152.08681737921,
                -29.654035037262
              ],
              [
                152.0867680594,
                -29.654149980119
              ],
              [
                152.08671411917,
                -29.654214328301
              ],
              [
                152.08661788161,
                -29.654243418718
              ],
              [
                152.08639555458,
                -29.654298511693
              ],
              [
                152.08624838011,
                -29.654340245651
              ],
              [
                152.086115577,
                -29.654403492553
              ],
              [
                152.0860513563,
                -29.654487822105
              ],
              [
                152.08602472128,
                -29.654536101633
              ],
              [
                152.08599137825,
                -29.654596541108
              ],
              [
                152.08598705299,
                -29.654604376818
              ],
              [
                152.08601069876,
                -29.654723252104
              ],
              [
                152.08609033869,
                -29.654768100497
              ],
              [
                152.08605086474,
                -29.654765304987
              ],
              [
                152.08606366633,
                -29.654817563666
              ],
              [
                152.08595924915,
                -29.654867078169
              ],
              [
                152.08583033852,
                -29.654933822488
              ],
              [
                152.08582084147,
                -29.655005247908
              ],
              [
                152.08591113398,
                -29.65505031081
              ],
              [
                152.08602797577,
                -29.655095552112
              ],
              [
                152.08611408263,
                -29.655113543072
              ],
              [
                152.08619172935,
                -29.655088952828
              ],
              [
                152.08622658257,
                -29.655149097641
              ],
              [
                152.08621820592,
                -29.65525708239
              ],
              [
                152.08585107289,
                -29.655159773209
              ],
              [
                152.08553699813,
                -29.655105239654
              ],
              [
                152.08547655366,
                -29.654925399738
              ],
              [
                152.08541321719,
                -29.65473148948
              ],
              [
                152.08540137198,
                -29.654384665425
              ],
              [
                152.08544885149,
                -29.654159836403
              ],
              [
                152.08558141663,
                -29.653846190044
              ],
              [
                152.08559415117,
                -29.653751130683
              ],
              [
                152.08561986031,
                -29.653741627044
              ],
              [
                152.08571838243,
                -29.653804981582
              ],
              [
                152.08574560837,
                -29.65381711403
              ],
              [
                152.08577652179,
                -29.653799421442
              ],
              [
                152.08575301344,
                -29.653754485055
              ],
              [
                152.08579764817,
                -29.653730911939
              ],
              [
                152.08588330964,
                -29.653704645369
              ],
              [
                152.08583245692,
                -29.653659528269
              ],
              [
                152.08572328717,
                -29.653640858414
              ],
              [
                152.08561131897,
                -29.653622948194
              ],
              [
                152.08561320163,
                -29.653608918297
              ],
              [
                152.08567073741,
                -29.653160843926
              ],
              [
                152.08567675752,
                -29.652883929288
              ],
              [
                152.08572517652,
                -29.652903018965
              ],
              [
                152.08587187837,
                -29.65295785331
              ],
              [
                152.08608175293,
                -29.653036436676
              ],
              [
                152.08626573959,
                -29.653122789626
              ],
              [
                152.08641312345,
                -29.653217981907
              ],
              [
                152.08659528906,
                -29.653341488003
              ],
              [
                152.0866620058,
                -29.653434681584
              ],
              [
                152.08671457676,
                -29.653540216372
              ],
              [
                152.08679025004,
                -29.653707839599
              ]
            ]
          ]
        ]
      },
      "properties": {
        "leadAgency": "Forestry Corporation NSW",
        "lga": "Glen Innes Severn",
        "supportingAgencies": "",
        "size": "2 ha",
        "location": "CAMP ROAD, MOUNT MITCHELL STATE FOREST",
        "guarReference": "BA20260210000096",
        "tenure": "Forestry",
        "startDate": "16/02/2026",
        "endDate": "17/04/2026"
      }
    },
    {
      "type": "Feature",
      "geometry": {
        "type": "MultiPolygon",
        "coordinates": [
          [
            [
              [
                152.09007657298,
                -29.654880031898
              ],
              [
                152.09016126092,
                -29.65501266568
              ],
              [
                152.09036092135,
                -29.655119450431
              ],
              [
                152.09048288362,
                -29.655175685183
              ],
              [
                152.09062899107,
                -29.655222526822
              ],
              [
                152.09085586985,
                -29.655285210076
              ],
              [
                152.09109536045,
                -29.655399653997
              ],
              [
                152.09114886109,
                -29.655415718936
              ],
              [
                152.09124607319,
                -29.65543682439
              ],
              [
                152.09137640397,
                -29.655392048172
              ],
              [
                152.09152490054,
                -29.655415985393
              ],
              [
                152.09163380786,
                -29.655464482927
              ],
              [
                152.09174704536,
                -29.655518742154
              ],
              [
                152.09186043884,
                -29.655555814492
              ],
              [
                152.09196243142,
                -29.655644380571
              ],
              [
                152.09202719917,
                -29.6557384307
              ],
              [
                152.09208765506,
                -29.655835182001
              ],
              [
                152.09217523521,
                -29.655946098907
              ],
              [
                152.09218925421,
                -29.656027856219
              ],
              [
                152.09216074793,
                -29.656052386789
              ],
              [
                152.09216500921,
                -29.65606468429
              ],
              [
                152.09216522161,
                -29.656064973005
              ],
              [
                152.09135719414,
                -29.656015746024
              ],
              [
                152.09126107732,
                -29.656001316234
              ],
              [
                152.091196735,
                -29.655981472297
              ],
              [
                152.09088902692,
                -29.655930073985
              ],
              [
                152.09056056468,
                -29.655889773192
              ],
              [
                152.08988952627,
                -29.655793014022
              ],
              [
                152.08959508264,
                -29.655738069857
              ],
              [
                152.08949551194,
                -29.655729118468
              ],
              [
                152.08929412789,
                -29.655711013185
              ],
              [
                152.08907117116,
                -29.655692680271
              ],
              [
                152.08909321519,
                -29.65547389506
              ],
              [
                152.08914176523,
                -29.655035575296
              ],
              [
                152.08916851364,
                -29.654978248944
              ],
              [
                152.0892261443,
                -29.654953570664
              ],
              [
                152.08932121222,
                -29.654987545754
              ],
              [
                152.08936919426,
                -29.655004694653
              ],
              [
                152.0894513019,
                -29.654994520791
              ],
              [
                152.08952472069,
                -29.655037998738
              ],
              [
                152.08963052413,
                -29.655128263119
              ],
              [
                152.08970829645,
                -29.65514313256
              ],
              [
                152.08983818679,
                -29.655290868171
              ],
              [
                152.08990782817,
                -29.655298504325
              ],
              [
                152.08987993649,
                -29.65520877475
              ],
              [
                152.08979821926,
                -29.655175981967
              ],
              [
                152.08976618712,
                -29.655089803391
              ],
              [
                152.08966387349,
                -29.65506760568
              ],
              [
                152.08959829733,
                -29.655063576972
              ],
              [
                152.08951284022,
                -29.654991358633
              ],
              [
                152.08946425016,
                -29.654922975055
              ],
              [
                152.08941074938,
                -29.654944093883
              ],
              [
                152.08933800783,
                -29.654949943772
              ],
              [
                152.08932867983,
                -29.654950692922
              ],
              [
                152.08925548336,
                -29.654882139034
              ],
              [
                152.08922348989,
                -29.654792385541
              ],
              [
                152.08918730087,
                -29.654713340754
              ],
              [
                152.08920824967,
                -29.654663344568
              ],
              [
                152.08921729043,
                -29.65457028262
              ],
              [
                152.08925838984,
                -29.654559815993
              ],
              [
                152.08924227692,
                -29.654527477388
              ],
              [
                152.08919283899,
                -29.654484241324
              ],
              [
                152.08919962028,
                -29.654398079079
              ],
              [
                152.08926550449,
                -29.654044533967
              ],
              [
                152.08929251711,
                -29.653762095583
              ],
              [
                152.08935439099,
                -29.653569162148
              ],
              [
                152.08937360532,
                -29.653375952097
              ],
              [
                152.08931580821,
                -29.653199980603
              ],
              [
                152.08924813882,
                -29.653087546504
              ],
              [
                152.08912153916,
                -29.652955569385
              ],
              [
                152.08912743952,
                -29.652942090175
              ],
              [
                152.08909741225,
                -29.652903279033
              ],
              [
                152.08904258164,
                -29.652857060418
              ],
              [
                152.08895746008,
                -29.652800988109
              ],
              [
                152.08888330446,
                -29.652754635915
              ],
              [
                152.0888562911,
                -29.652686903514
              ],
              [
                152.08886512813,
                -29.65262664959
              ],
              [
                152.08890707654,
                -29.652569037057
              ],
              [
                152.08897381786,
                -29.652518832434
              ],
              [
                152.08901004428,
                -29.652482893509
              ],
              [
                152.08903295597,
                -29.652435313262
              ],
              [
                152.08903266541,
                -29.652434919594
              ],
              [
                152.08905893301,
                -29.652402860614
              ],
              [
                152.08906183432,
                -29.652399317289
              ],
              [
                152.08908404958,
                -29.652372204119
              ],
              [
                152.08907998471,
                -29.652317516489
              ],
              [
                152.08907989627,
                -29.652316302131
              ],
              [
                152.08911938743,
                -29.652307762788
              ],
              [
                152.0891384552,
                -29.652312725586
              ],
              [
                152.08918156989,
                -29.652323945997
              ],
              [
                152.08923518289,
                -29.652380186947
              ],
              [
                152.08928495795,
                -29.652499437557
              ],
              [
                152.08928967975,
                -29.652591245526
              ],
              [
                152.08936013888,
                -29.652771243387
              ],
              [
                152.08940658895,
                -29.652894768212
              ],
              [
                152.08945616838,
                -29.653056029944
              ],
              [
                152.08950563576,
                -29.653172532583
              ],
              [
                152.08952252763,
                -29.653310616395
              ],
              [
                152.08958601582,
                -29.653361834891
              ],
              [
                152.08967645877,
                -29.653444190223
              ],
              [
                152.08971797503,
                -29.653570550906
              ],
              [
                152.08972966941,
                -29.653728219822
              ],
              [
                152.08974275155,
                -29.653910562146
              ],
              [
                152.08975896633,
                -29.653966004651
              ],
              [
                152.08980395482,
                -29.654194341679
              ],
              [
                152.08983774466,
                -29.654389174459
              ],
              [
                152.08986629101,
                -29.654507659988
              ],
              [
                152.08990658358,
                -29.654586737333
              ],
              [
                152.08992753564,
                -29.654688357186
              ],
              [
                152.08994538199,
                -29.654758401901
              ],
              [
                152.09007657298,
                -29.654880031898
              ]
            ]
          ]
        ]
      },
      "properties": {
        "leadAgency": "Forestry Corporation NSW",
        "lga": "Glen Innes Severn",
        "supportingAgencies": "",
        "size": "3.4 ha",
        "location": "CAMP ROAD, MOUNT MITCHELL STATE FOREST",
        "guarReference": "BA20260210000096",
        "tenure": "Forestry",
        "startDate": "16/02/2026",
        "endDate": "17/04/2026"
      }
    },
    {
      "type": "Feature",
      "geometry": {
        "type": "MultiPolygon",
        "coordinates": [
          [
            [
              [
                152.09463535661,
                -29.652848374513
              ],
              [
                152.0946427164,
                -29.652942740929
              ],
              [
                152.09464994926,
                -29.653028919719
              ],
              [
                152.09465292599,
                -29.653064443385
              ],
              [
                152.09465267979,
                -29.653068541381
              ],
              [
                152.09465146508,
                -29.653088768988
              ],
              [
                152.09464575709,
                -29.653183322576
              ],
              [
                152.09462532242,
                -29.653267234042
              ],
              [
                152.09461597631,
                -29.653334025025
              ],
              [
                152.0946310947,
                -29.653477390448
              ],
              [
                152.09456515883,
                -29.653865500225
              ],
              [
                152.09447526113,
                -29.654086394288
              ],
              [
                152.09439609125,
                -29.654227327706
              ],
              [
                152.09429186655,
                -29.654314035042
              ],
              [
                152.09426409795,
                -29.654323276468
              ],
              [
                152.09414794221,
                -29.654361929487
              ],
              [
                152.09404288657,
                -29.654365360954
              ],
              [
                152.09390163431,
                -29.654392487126
              ],
              [
                152.0937632424,
                -29.654215828944
              ],
              [
                152.09363306854,
                -29.654159261795
              ],
              [
                152.09356592471,
                -29.654148245976
              ],
              [
                152.09332986671,
                -29.654200282879
              ],
              [
                152.09332335995,
                -29.654309966265
              ],
              [
                152.09334645346,
                -29.654418045214
              ],
              [
                152.0935269085,
                -29.654568404129
              ],
              [
                152.09350584417,
                -29.654630343767
              ],
              [
                152.09342694452,
                -29.654740829808
              ],
              [
                152.09333599116,
                -29.654853020591
              ],
              [
                152.09326452714,
                -29.654953300213
              ],
              [
                152.09319645384,
                -29.655048815415
              ],
              [
                152.09318304565,
                -29.655065475196
              ],
              [
                152.09316413989,
                -29.655088947176
              ],
              [
                152.09311462086,
                -29.655150448205
              ],
              [
                152.09290607962,
                -29.655272739038
              ],
              [
                152.09283170797,
                -29.655350015887
              ],
              [
                152.09279558122,
                -29.655387548937
              ],
              [
                152.09265741164,
                -29.655531112781
              ],
              [
                152.0925233907,
                -29.655639282174
              ],
              [
                152.092502805,
                -29.655693161599
              ],
              [
                152.09247133508,
                -29.655727328972
              ],
              [
                152.09243738576,
                -29.655745035414
              ],
              [
                152.09239906351,
                -29.655785621505
              ],
              [
                152.0923485078,
                -29.655782894213
              ],
              [
                152.09231051916,
                -29.655751587334
              ],
              [
                152.09226133887,
                -29.655678231041
              ],
              [
                152.09218321882,
                -29.655610357783
              ],
              [
                152.0920543803,
                -29.65549133657
              ],
              [
                152.09201839584,
                -29.655480372711
              ],
              [
                152.09196964682,
                -29.6554298988
              ],
              [
                152.09192347465,
                -29.655396152342
              ],
              [
                152.09184007435,
                -29.655342489813
              ],
              [
                152.09173051099,
                -29.655305922003
              ],
              [
                152.09162912723,
                -29.655272641945
              ],
              [
                152.09151876965,
                -29.655255886603
              ],
              [
                152.0914255947,
                -29.655220867077
              ],
              [
                152.09129150298,
                -29.655175535684
              ],
              [
                152.09107302124,
                -29.655063797448
              ],
              [
                152.09101878409,
                -29.655015668423
              ],
              [
                152.09096675649,
                -29.65502486875
              ],
              [
                152.09083851541,
                -29.654997721992
              ],
              [
                152.09077058441,
                -29.654951890611
              ],
              [
                152.09061544154,
                -29.654876803521
              ],
              [
                152.0905093486,
                -29.654839834174
              ],
              [
                152.09046231758,
                -29.65482454911
              ],
              [
                152.09044396322,
                -29.654794444606
              ],
              [
                152.09039193225,
                -29.654733273104
              ],
              [
                152.09023417713,
                -29.654613235118
              ],
              [
                152.09012855257,
                -29.654349836154
              ],
              [
                152.09011482778,
                -29.654103447633
              ],
              [
                152.09004379999,
                -29.653835408029
              ],
              [
                152.09002764244,
                -29.653725111319
              ],
              [
                152.09003162214,
                -29.653615427695
              ],
              [
                152.09005643685,
                -29.653504793496
              ],
              [
                152.09006939662,
                -29.653280440065
              ],
              [
                152.0900330959,
                -29.653173491768
              ],
              [
                152.0899211166,
                -29.653132261191
              ],
              [
                152.08985102401,
                -29.653084500324
              ],
              [
                152.08979952408,
                -29.652975266822
              ],
              [
                152.08974671771,
                -29.652831710738
              ],
              [
                152.08972387436,
                -29.652793351724
              ],
              [
                152.08961925882,
                -29.652677501619
              ],
              [
                152.08954647238,
                -29.652457856049
              ],
              [
                152.08945606795,
                -29.652288082837
              ],
              [
                152.08941066714,
                -29.65219945105
              ],
              [
                152.08938377405,
                -29.652090387662
              ],
              [
                152.08942048156,
                -29.651945744335
              ],
              [
                152.08942706014,
                -29.651887048324
              ],
              [
                152.08943270401,
                -29.651756829569
              ],
              [
                152.08953870562,
                -29.651756519852
              ],
              [
                152.08964413813,
                -29.651810968676
              ],
              [
                152.08970602104,
                -29.65176960571
              ],
              [
                152.0899759498,
                -29.65177146317
              ],
              [
                152.09000298853,
                -29.651804482158
              ],
              [
                152.09013293531,
                -29.651793434082
              ],
              [
                152.09015972754,
                -29.651853307401
              ],
              [
                152.09040280423,
                -29.651801248408
              ],
              [
                152.09052584175,
                -29.65179911132
              ],
              [
                152.09071702204,
                -29.65181833454
              ],
              [
                152.09086725515,
                -29.651831298302
              ],
              [
                152.0909801983,
                -29.651811183546
              ],
              [
                152.09111948243,
                -29.651901680173
              ],
              [
                152.09111544208,
                -29.651970292911
              ],
              [
                152.09106032267,
                -29.652020662344
              ],
              [
                152.09109392714,
                -29.6520835658
              ],
              [
                152.09107509502,
                -29.652277445541
              ],
              [
                152.09102242172,
                -29.652435266765
              ],
              [
                152.09103536635,
                -29.652515941756
              ],
              [
                152.09101035191,
                -29.652638143293
              ],
              [
                152.09099905825,
                -29.652754463721
              ],
              [
                152.09098076651,
                -29.652888650376
              ],
              [
                152.09094237447,
                -29.652977927861
              ],
              [
                152.09098598544,
                -29.653067772378
              ],
              [
                152.09093049137,
                -29.653159916922
              ],
              [
                152.09095386373,
                -29.653219764426
              ],
              [
                152.0908573333,
                -29.653314613567
              ],
              [
                152.09107201037,
                -29.653438956856
              ],
              [
                152.09105725095,
                -29.653579237154
              ],
              [
                152.09109348391,
                -29.653653497193
              ],
              [
                152.09103750024,
                -29.653799964103
              ],
              [
                152.09115217517,
                -29.653815074107
              ],
              [
                152.09115564526,
                -29.653885541589
              ],
              [
                152.09123479047,
                -29.653900405637
              ],
              [
                152.09128885403,
                -29.653967634913
              ],
              [
                152.0912612973,
                -29.653992512781
              ],
              [
                152.0912787106,
                -29.654032032307
              ],
              [
                152.09136187826,
                -29.6540552879
              ],
              [
                152.09137339212,
                -29.654142520637
              ],
              [
                152.0914562946,
                -29.654195618076
              ],
              [
                152.09151836341,
                -29.654285578477
              ],
              [
                152.09158989447,
                -29.654387551602
              ],
              [
                152.09159879391,
                -29.654461631676
              ],
              [
                152.09165043823,
                -29.654494224695
              ],
              [
                152.09167878522,
                -29.65453381072
              ],
              [
                152.09164967016,
                -29.654580176102
              ],
              [
                152.0916518034,
                -29.654647046208
              ],
              [
                152.09170673779,
                -29.654617572972
              ],
              [
                152.09174620832,
                -29.654636951365
              ],
              [
                152.09182345547,
                -29.654710302966
              ],
              [
                152.09189663187,
                -29.654781238322
              ],
              [
                152.09189736392,
                -29.654851687185
              ],
              [
                152.09192657203,
                -29.654870988467
              ],
              [
                152.09201069158,
                -29.655017811665
              ],
              [
                152.09216149835,
                -29.65512436515
              ],
              [
                152.09221318777,
                -29.655218421978
              ],
              [
                152.09239798831,
                -29.655274025522
              ],
              [
                152.09244111576,
                -29.655271014757
              ],
              [
                152.09236557901,
                -29.655207218331
              ],
              [
                152.09229598319,
                -29.655145469626
              ],
              [
                152.09221194273,
                -29.655048162443
              ],
              [
                152.09215717879,
                -29.654980070008
              ],
              [
                152.09215785065,
                -29.65490590692
              ],
              [
                152.09231341815,
                -29.654848928728
              ],
              [
                152.09242078552,
                -29.654814189112
              ],
              [
                152.09246863608,
                -29.654830638581
              ],
              [
                152.09259095123,
                -29.654776656042
              ],
              [
                152.09262844828,
                -29.654712428241
              ],
              [
                152.09278418411,
                -29.654636096545
              ],
              [
                152.09292891529,
                -29.654553249679
              ],
              [
                152.09301108044,
                -29.6544473981
              ],
              [
                152.09311813539,
                -29.654448132257
              ],
              [
                152.09317775191,
                -29.654387274666
              ],
              [
                152.09305601865,
                -29.654376762396
              ],
              [
                152.09310144868,
                -29.654251316968
              ],
              [
                152.09318251398,
                -29.654267992796
              ],
              [
                152.0931975675,
                -29.654235851308
              ],
              [
                152.09313871226,
                -29.654212878188
              ],
              [
                152.09312422989,
                -29.65418053373
              ],
              [
                152.0931663717,
                -29.654009914029
              ],
              [
                152.0933401619,
                -29.653978857408
              ],
              [
                152.0934358256,
                -29.654014978412
              ],
              [
                152.09351686468,
                -29.65403488542
              ],
              [
                152.0934586168,
                -29.653944194687
              ],
              [
                152.09331545143,
                -29.653852927391
              ],
              [
                152.09335643062,
                -29.653811289376
              ],
              [
                152.09355200213,
                -29.653822299543
              ],
              [
                152.09362298147,
                -29.653729268027
              ],
              [
                152.09334192165,
                -29.653782167364
              ],
              [
                152.09323862024,
                -29.653775011382
              ],
              [
                152.09318771494,
                -29.653687598844
              ],
              [
                152.09318861833,
                -29.653587637702
              ],
              [
                152.09327020144,
                -29.653546281376
              ],
              [
                152.09332229549,
                -29.653501489781
              ],
              [
                152.09324465085,
                -29.653513858268
              ],
              [
                152.09319681115,
                -29.653497408691
              ],
              [
                152.09327525919,
                -29.653394756209
              ],
              [
                152.09329455655,
                -29.653301374044
              ],
              [
                152.09323226077,
                -29.653249348665
              ],
              [
                152.09325487227,
                -29.653197909343
              ],
              [
                152.0934229524,
                -29.65297979293
              ],
              [
                152.09340112804,
                -29.652944170251
              ],
              [
                152.09330479406,
                -29.65298220321
              ],
              [
                152.09330139034,
                -29.652949937052
              ],
              [
                152.09333603663,
                -29.652792170091
              ],
              [
                152.09335244739,
                -29.65260847178
              ],
              [
                152.09338282297,
                -29.652515167905
              ],
              [
                152.09340929275,
                -29.65244440795
              ],
              [
                152.09344015939,
                -29.652296285457
              ],
              [
                152.09349653933,
                -29.652183808837
              ],
              [
                152.09357844285,
                -29.652106977603
              ],
              [
                152.09367546268,
                -29.651991559593
              ],
              [
                152.09386165736,
                -29.651812246141
              ],
              [
                152.09396576961,
                -29.651729117242
              ],
              [
                152.09402927903,
                -29.651645715896
              ],
              [
                152.09407807344,
                -29.651555759348
              ],
              [
                152.09410026996,
                -29.651380981969
              ],
              [
                152.09412995471,
                -29.651448021893
              ],
              [
                152.09438615104,
                -29.651692383792
              ],
              [
                152.09443173167,
                -29.651730350132
              ],
              [
                152.09459778901,
                -29.651868616069
              ],
              [
                152.09462149031,
                -29.652053555066
              ],
              [
                152.09471256286,
                -29.652331429924
              ],
              [
                152.09473691857,
                -29.652384061396
              ],
              [
                152.09472260144,
                -29.652426223477
              ],
              [
                152.09467881782,
                -29.652452037576
              ],
              [
                152.09462257245,
                -29.652485186395
              ],
              [
                152.09459660725,
                -29.652545178552
              ],
              [
                152.0946151027,
                -29.652678546591
              ],
              [
                152.09462726972,
                -29.652780558212
              ],
              [
                152.09463535661,
                -29.652848374513
              ]
            ]
          ]
        ]
      },
      "properties": {
        "leadAgency": "Forestry Corporation NSW",
        "lga": "Glen Innes Severn",
        "supportingAgencies": "",
        "size": "9.25 ha",
        "location": "CAMP ROAD, MOUNT MITCHELL STATE FOREST",
        "guarReference": "BA20260210000096",
        "tenure": "Forestry",
        "startDate": "16/02/2026",
        "endDate": "17/04/2026"
      }
    },
    {
      "type": "Feature",
      "geometry": {
        "type": "MultiPolygon",
        "coordinates": [
          [
            [
              [
                152.08615912045,
                -29.65154265747
              ],
              [
                152.08621020957,
                -29.65156092043
              ],
              [
                152.08622109413,
                -29.651511416463
              ],
              [
                152.08651356221,
                -29.651527905331
              ],
              [
                152.08693212225,
                -29.65155460906
              ],
              [
                152.08714381187,
                -29.65156819166
              ],
              [
                152.08724212889,
                -29.651585309935
              ],
              [
                152.08727511802,
                -29.651602430068
              ],
              [
                152.08735821119,
                -29.651576461209
              ],
              [
                152.08739364354,
                -29.651629777364
              ],
              [
                152.08746240103,
                -29.651661616371
              ],
              [
                152.08746532361,
                -29.651644754036
              ],
              [
                152.08746561855,
                -29.651610976912
              ],
              [
                152.08752929509,
                -29.651594523816
              ],
              [
                152.08764788209,
                -29.651614640715
              ],
              [
                152.08766122076,
                -29.651667814632
              ],
              [
                152.08777998092,
                -29.65166863257
              ],
              [
                152.08780783783,
                -29.651642281041
              ],
              [
                152.08790996101,
                -29.651650222616
              ],
              [
                152.08799585804,
                -29.651670242159
              ],
              [
                152.08803196155,
                -29.651684116509
              ],
              [
                152.08808391758,
                -29.651707909056
              ],
              [
                152.08808677136,
                -29.651705179863
              ],
              [
                152.08827438238,
                -29.651777263078
              ],
              [
                152.08849461176,
                -29.651876840183
              ],
              [
                152.08869995959,
                -29.651971302862
              ],
              [
                152.08883815715,
                -29.652021271265
              ],
              [
                152.08892809182,
                -29.652104920883
              ],
              [
                152.08899096665,
                -29.652234008383
              ],
              [
                152.08899966437,
                -29.65235115545
              ],
              [
                152.08892894754,
                -29.652437477595
              ],
              [
                152.08883316181,
                -29.652518668315
              ],
              [
                152.08873225856,
                -29.652604047057
              ],
              [
                152.08878343834,
                -29.65273440872
              ],
              [
                152.0889051901,
                -29.652853761657
              ],
              [
                152.08906335626,
                -29.652979215429
              ],
              [
                152.08919636139,
                -29.653117867655
              ],
              [
                152.08925797419,
                -29.653220255271
              ],
              [
                152.0893108547,
                -29.653381250203
              ],
              [
                152.08929313576,
                -29.653559427136
              ],
              [
                152.08928500446,
                -29.653584758545
              ],
              [
                152.08920940376,
                -29.653624684299
              ],
              [
                152.08913537321,
                -29.653649248886
              ],
              [
                152.08901611282,
                -29.653687821521
              ],
              [
                152.08874203432,
                -29.653614305007
              ],
              [
                152.08851339145,
                -29.65350528711
              ],
              [
                152.08828058126,
                -29.653403403097
              ],
              [
                152.08806831233,
                -29.653298072493
              ],
              [
                152.08794187913,
                -29.653221994507
              ],
              [
                152.08781554867,
                -29.653135165457
              ],
              [
                152.087668585,
                -29.653062523856
              ],
              [
                152.0876353654,
                -29.653108855343
              ],
              [
                152.08770057634,
                -29.653152277622
              ],
              [
                152.08779471948,
                -29.653170836482
              ],
              [
                152.08784325276,
                -29.653246387334
              ],
              [
                152.08790449172,
                -29.653275460373
              ],
              [
                152.08810452712,
                -29.653373534163
              ],
              [
                152.08823109143,
                -29.6534352957
              ],
              [
                152.08831280654,
                -29.653468089501
              ],
              [
                152.08843542613,
                -29.653511918352
              ],
              [
                152.08850451788,
                -29.653580439829
              ],
              [
                152.08859827101,
                -29.65364197394
              ],
              [
                152.08867166103,
                -29.65368903571
              ],
              [
                152.08877826059,
                -29.653689775057
              ],
              [
                152.08886398654,
                -29.653733342807
              ],
              [
                152.08901940773,
                -29.653777389449
              ],
              [
                152.08908507551,
                -29.653770676969
              ],
              [
                152.089122267,
                -29.65373869415
              ],
              [
                152.08920440079,
                -29.653724937114
              ],
              [
                152.08920327347,
                -29.65375859639
              ],
              [
                152.08919799997,
                -29.653798667238
              ],
              [
                152.08922399646,
                -29.65382818476
              ],
              [
                152.08920393742,
                -29.654037916139
              ],
              [
                152.08913797202,
                -29.654391861681
              ],
              [
                152.08910661345,
                -29.654790595349
              ],
              [
                152.08903149027,
                -29.655468907988
              ],
              [
                152.08902769899,
                -29.655506479509
              ],
              [
                152.08902273522,
                -29.655555804016
              ],
              [
                152.08900905007,
                -29.65569151783
              ],
              [
                152.0889990076,
                -29.655692053749
              ],
              [
                152.08897056159,
                -29.655701945362
              ],
              [
                152.08894816586,
                -29.655709738604
              ],
              [
                152.08887347973,
                -29.655710744339
              ],
              [
                152.08876007577,
                -29.655664393832
              ],
              [
                152.08861119992,
                -29.655626988717
              ],
              [
                152.08859499957,
                -29.655601782023
              ],
              [
                152.08857762483,
                -29.655619205681
              ],
              [
                152.08839568368,
                -29.6555783357
              ],
              [
                152.08820730502,
                -29.655547060474
              ],
              [
                152.08800095421,
                -29.655561747175
              ],
              [
                152.08772924652,
                -29.655585595331
              ],
              [
                152.0876002222,
                -29.65558902186
              ],
              [
                152.08756946009,
                -29.655585179218
              ],
              [
                152.08749760616,
                -29.655550295693
              ],
              [
                152.08749724526,
                -29.655549011721
              ],
              [
                152.08750575241,
                -29.65550467065
              ],
              [
                152.08749381265,
                -29.655424737407
              ],
              [
                152.08747584977,
                -29.655304438289
              ],
              [
                152.0874116989,
                -29.655110085271
              ],
              [
                152.08731409017,
                -29.654878194544
              ],
              [
                152.08725719121,
                -29.654757513717
              ],
              [
                152.08714358636,
                -29.65467753202
              ],
              [
                152.08704378468,
                -29.654680336642
              ],
              [
                152.08689112751,
                -29.654709537008
              ],
              [
                152.08678547605,
                -29.654725069441
              ],
              [
                152.08665274342,
                -29.654667376586
              ],
              [
                152.08648965797,
                -29.654622795827
              ],
              [
                152.08645163085,
                -29.654621490854
              ],
              [
                152.08647045793,
                -29.654600098689
              ],
              [
                152.08639095414,
                -29.654586022739
              ],
              [
                152.08628275414,
                -29.654564018601
              ],
              [
                152.0862469392,
                -29.654610144362
              ],
              [
                152.08623564524,
                -29.654664908334
              ],
              [
                152.08619074633,
                -29.654682826322
              ],
              [
                152.08611015675,
                -29.65471484155
              ],
              [
                152.08606712105,
                -29.654690605225
              ],
              [
                152.08605154001,
                -29.654612225515
              ],
              [
                152.08605313486,
                -29.654609333393
              ],
              [
                152.08607283667,
                -29.654573620415
              ],
              [
                152.08610534426,
                -29.654514687246
              ],
              [
                152.08615870806,
                -29.654444625154
              ],
              [
                152.08627300537,
                -29.654390196434
              ],
              [
                152.08641359,
                -29.654350330999
              ],
              [
                152.08663648725,
                -29.654295087398
              ],
              [
                152.08675269818,
                -29.654259967512
              ],
              [
                152.0868231132,
                -29.654175951383
              ],
              [
                152.08687850368,
                -29.654046872487
              ],
              [
                152.0868905302,
                -29.653911744168
              ],
              [
                152.08687373913,
                -29.653812798205
              ],
              [
                152.08685026771,
                -29.653693175832
              ],
              [
                152.08677184852,
                -29.653519479644
              ],
              [
                152.0867170087,
                -29.653409385511
              ],
              [
                152.08664200163,
                -29.653304616237
              ],
              [
                152.08645057043,
                -29.653174827463
              ],
              [
                152.08629900763,
                -29.653076943737
              ],
              [
                152.08610869795,
                -29.652987611624
              ],
              [
                152.08589629132,
                -29.652908080366
              ],
              [
                152.08575011738,
                -29.652853449168
              ],
              [
                152.08567803838,
                -29.652825034903
              ],
              [
                152.08567916012,
                -29.652773844028
              ],
              [
                152.08572153204,
                -29.652457476278
              ],
              [
                152.08575569259,
                -29.652128356462
              ],
              [
                152.08579077109,
                -29.651681247329
              ],
              [
                152.08579847098,
                -29.651501124809
              ],
              [
                152.08593724729,
                -29.651517253135
              ],
              [
                152.08604311272,
                -29.651523954248
              ],
              [
                152.08615912045,
                -29.65154265747
              ]
            ]
          ]
        ]
      },
      "properties": {
        "leadAgency": "Forestry Corporation NSW",
        "lga": "Glen Innes Severn",
        "supportingAgencies": "",
        "size": "10.78 ha",
        "location": "CAMP ROAD, MOUNT MITCHELL STATE FOREST",
        "guarReference": "BA20260210000096",
        "tenure": "Forestry",
        "startDate": "16/02/2026",
        "endDate": "17/04/2026"
      }
    },
    {
      "type": "Feature",
      "geometry": {
        "type": "MultiPolygon",
        "coordinates": [
          [
            [
              [
                152.09275104569,
                -29.651330878683
              ],
              [
                152.09296705222,
                -29.651325192066
              ],
              [
                152.09314763803,
                -29.651307326563
              ],
              [
                152.0933883479,
                -29.651289875839
              ],
              [
                152.09357428192,
                -29.651283981043
              ],
              [
                152.09380609509,
                -29.651345256764
              ],
              [
                152.09396395131,
                -29.651422741127
              ],
              [
                152.09397641655,
                -29.651556546588
              ],
              [
                152.09393470957,
                -29.651635057375
              ],
              [
                152.09385479942,
                -29.651706137336
              ],
              [
                152.09381883965,
                -29.651753652172
              ],
              [
                152.09375851107,
                -29.651774730186
              ],
              [
                152.09372002784,
                -29.651798341919
              ],
              [
                152.09366736511,
                -29.651879160323
              ],
              [
                152.09362766528,
                -29.651968088418
              ],
              [
                152.09361701364,
                -29.651978052843
              ],
              [
                152.09347624954,
                -29.652099097949
              ],
              [
                152.09339771113,
                -29.652203622144
              ],
              [
                152.09335342235,
                -29.652382941302
              ],
              [
                152.09331675466,
                -29.652577563774
              ],
              [
                152.09328416755,
                -29.652750185304
              ],
              [
                152.0932572944,
                -29.652867540032
              ],
              [
                152.09316499761,
                -29.652959720289
              ],
              [
                152.09309646263,
                -29.652980741661
              ],
              [
                152.0930845037,
                -29.653095277129
              ],
              [
                152.09312183249,
                -29.65320059275
              ],
              [
                152.09304432511,
                -29.653307509076
              ],
              [
                152.093071195,
                -29.653360223241
              ],
              [
                152.09307853714,
                -29.653455781541
              ],
              [
                152.0930561302,
                -29.65351532395
              ],
              [
                152.09303095176,
                -29.653579622384
              ],
              [
                152.0929763259,
                -29.653574470201
              ],
              [
                152.09291651403,
                -29.653538246641
              ],
              [
                152.09290621757,
                -29.653466545179
              ],
              [
                152.09284947904,
                -29.653392130879
              ],
              [
                152.09277221924,
                -29.653472788068
              ],
              [
                152.09288635457,
                -29.653547589636
              ],
              [
                152.09287774893,
                -29.653592891783
              ],
              [
                152.092888381,
                -29.653626401905
              ],
              [
                152.09296142206,
                -29.653712853141
              ],
              [
                152.09303242691,
                -29.653720501502
              ],
              [
                152.09305131877,
                -29.653746901243
              ],
              [
                152.09301365154,
                -29.653985419055
              ],
              [
                152.09297911203,
                -29.654178588456
              ],
              [
                152.09293951533,
                -29.654326352198
              ],
              [
                152.09285361744,
                -29.654454704187
              ],
              [
                152.09272992561,
                -29.654530265956
              ],
              [
                152.09259232369,
                -29.654632001074
              ],
              [
                152.09246050065,
                -29.654700338609
              ],
              [
                152.09230695069,
                -29.654751817122
              ],
              [
                152.09209875265,
                -29.654800534903
              ],
              [
                152.0919519414,
                -29.654814342781
              ],
              [
                152.09178979248,
                -29.654615856965
              ],
              [
                152.09181376502,
                -29.654571749891
              ],
              [
                152.09168401781,
                -29.654408490472
              ],
              [
                152.09160583454,
                -29.654286182865
              ],
              [
                152.09151140178,
                -29.654147044539
              ],
              [
                152.09145733795,
                -29.654079815352
              ],
              [
                152.09147417127,
                -29.654032177685
              ],
              [
                152.09154254599,
                -29.654027875013
              ],
              [
                152.09151566521,
                -29.653977543082
              ],
              [
                152.09145531325,
                -29.654001012029
              ],
              [
                152.09139054305,
                -29.653907440151
              ],
              [
                152.09121948028,
                -29.653796244766
              ],
              [
                152.09115389567,
                -29.653684751388
              ],
              [
                152.09110981245,
                -29.653527072775
              ],
              [
                152.09108058568,
                -29.653336115459
              ],
              [
                152.09102221834,
                -29.653148141075
              ],
              [
                152.09102117446,
                -29.652967568929
              ],
              [
                152.09103506867,
                -29.652824374999
              ],
              [
                152.09106441404,
                -29.652739218483
              ],
              [
                152.09106561058,
                -29.652605985694
              ],
              [
                152.09109489682,
                -29.652450026992
              ],
              [
                152.0911163285,
                -29.652255341687
              ],
              [
                152.09114627891,
                -29.652024886634
              ],
              [
                152.09116431746,
                -29.651843068589
              ],
              [
                152.09116092698,
                -29.651792710455
              ],
              [
                152.09116491713,
                -29.651781288593
              ],
              [
                152.09125244664,
                -29.651620186764
              ],
              [
                152.09146440742,
                -29.65118002114
              ],
              [
                152.09151187596,
                -29.65108145102
              ],
              [
                152.09153524899,
                -29.651032912221
              ],
              [
                152.09179887737,
                -29.651123794616
              ],
              [
                152.09210991839,
                -29.651190387025
              ],
              [
                152.09239891019,
                -29.651275937482
              ],
              [
                152.09275104569,
                -29.651330878683
              ]
            ]
          ]
        ]
      },
      "properties": {
        "leadAgency": "Forestry Corporation NSW",
        "lga": "Glen Innes Severn",
        "supportingAgencies": "",
        "size": "7.49 ha",
        "location": "CAMP ROAD, MOUNT MITCHELL STATE FOREST",
        "guarReference": "BA20260210000096",
        "tenure": "Forestry",
        "startDate": "16/02/2026",
        "endDate": "17/04/2026"
      }
    },
    {
      "type": "Feature",
      "geometry": {
        "type": "MultiPolygon",
        "coordinates": [
          [
            [
              [
                152.09361847779,
                -29.648106762637
              ],
              [
                152.09391832997,
                -29.648199551652
              ],
              [
                152.09448498787,
                -29.64841354263
              ],
              [
                152.09495405745,
                -29.64853612783
              ],
              [
                152.09583176747,
                -29.648814322953
              ],
              [
                152.09592200992,
                -29.648956830114
              ],
              [
                152.09601549531,
                -29.64916955244
              ],
              [
                152.09601752863,
                -29.649324772195
              ],
              [
                152.09594442234,
                -29.649476492054
              ],
              [
                152.09581389328,
                -29.649553205829
              ],
              [
                152.09568694024,
                -29.649612027452
              ],
              [
                152.09569034654,
                -29.649634900262
              ],
              [
                152.09558534084,
                -29.649709920862
              ],
              [
                152.09545618355,
                -29.649724315992
              ],
              [
                152.09528309739,
                -29.649761346318
              ],
              [
                152.09515836282,
                -29.649770039398
              ],
              [
                152.09505992861,
                -29.64977318965
              ],
              [
                152.09490436138,
                -29.649806512878
              ],
              [
                152.09482941614,
                -29.649872861192
              ],
              [
                152.09473699237,
                -29.649937175505
              ],
              [
                152.09465815754,
                -29.649950001791
              ],
              [
                152.09457774234,
                -29.649894057787
              ],
              [
                152.09446418293,
                -29.649876097553
              ],
              [
                152.09433875818,
                -29.649903316647
              ],
              [
                152.09429032125,
                -29.649861357585
              ],
              [
                152.09423383188,
                -29.649851656653
              ],
              [
                152.09419422534,
                -29.649877888019
              ],
              [
                152.09420346487,
                -29.64994600691
              ],
              [
                152.09412612639,
                -29.649973413623
              ],
              [
                152.09404251957,
                -29.650060947059
              ],
              [
                152.09408812082,
                -29.650097080854
              ],
              [
                152.09412704444,
                -29.650145337665
              ],
              [
                152.09416468346,
                -29.650155625673
              ],
              [
                152.09424386287,
                -29.650104590037
              ],
              [
                152.09426489682,
                -29.650045277494
              ],
              [
                152.09430443999,
                -29.650025491332
              ],
              [
                152.0943356261,
                -29.649994980995
              ],
              [
                152.09445398547,
                -29.650038389546
              ],
              [
                152.09452412943,
                -29.650019771095
              ],
              [
                152.09458971218,
                -29.650022127375
              ],
              [
                152.09465739957,
                -29.650034048663
              ],
              [
                152.09472107786,
                -29.650005834419
              ],
              [
                152.09483077279,
                -29.64996646366
              ],
              [
                152.09490544265,
                -29.649930679473
              ],
              [
                152.09494294157,
                -29.649894648347
              ],
              [
                152.09503045958,
                -29.649889509327
              ],
              [
                152.09514659615,
                -29.649863560767
              ],
              [
                152.09522530297,
                -29.649866006785
              ],
              [
                152.09528449575,
                -29.64984921731
              ],
              [
                152.09539176951,
                -29.649836585604
              ],
              [
                152.09547942507,
                -29.64981616419
              ],
              [
                152.0955844219,
                -29.649813067615
              ],
              [
                152.09565700362,
                -29.649765804304
              ],
              [
                152.09574462503,
                -29.649749209964
              ],
              [
                152.09578086162,
                -29.64975602921
              ],
              [
                152.0958059234,
                -29.649793570583
              ],
              [
                152.09586975075,
                -29.649839375314
              ],
              [
                152.09590755463,
                -29.649892163828
              ],
              [
                152.09594240683,
                -29.649815992943
              ],
              [
                152.09599273598,
                -29.649744305246
              ],
              [
                152.09602945303,
                -29.649758981143
              ],
              [
                152.09600603524,
                -29.64988448128
              ],
              [
                152.0959671072,
                -29.649957036273
              ],
              [
                152.09605426741,
                -29.649992254295
              ],
              [
                152.09609268452,
                -29.649975799975
              ],
              [
                152.09612891697,
                -29.649898451293
              ],
              [
                152.09620869426,
                -29.64984168618
              ],
              [
                152.09626735044,
                -29.649855218854
              ],
              [
                152.09629053279,
                -29.649861349473
              ],
              [
                152.09633995678,
                -29.649829284805
              ],
              [
                152.09636150806,
                -29.64983451047
              ],
              [
                152.09645004588,
                -29.649867946026
              ],
              [
                152.09640501513,
                -29.649936285959
              ],
              [
                152.09628156109,
                -29.649986188494
              ],
              [
                152.09621946736,
                -29.650051430216
              ],
              [
                152.09620135012,
                -29.650167708296
              ],
              [
                152.0962069794,
                -29.650302057676
              ],
              [
                152.09614810086,
                -29.65039119093
              ],
              [
                152.09608199998,
                -29.650522066509
              ],
              [
                152.09605397299,
                -29.650599480357
              ],
              [
                152.09611836399,
                -29.65065960781
              ],
              [
                152.09626204055,
                -29.650697035439
              ],
              [
                152.09624575043,
                -29.650722363386
              ],
              [
                152.09618424707,
                -29.650817951906
              ],
              [
                152.09607936062,
                -29.650830067418
              ],
              [
                152.09599469738,
                -29.650910880012
              ],
              [
                152.09592319049,
                -29.650997348477
              ],
              [
                152.09585890675,
                -29.651169806441
              ],
              [
                152.09578093563,
                -29.651267784321
              ],
              [
                152.09576212165,
                -29.651351094419
              ],
              [
                152.09422165583,
                -29.651243536988
              ],
              [
                152.09417605632,
                -29.651240355682
              ],
              [
                152.094006681,
                -29.65121203356
              ],
              [
                152.09397614963,
                -29.651051811477
              ],
              [
                152.09391375423,
                -29.650805504276
              ],
              [
                152.09383397981,
                -29.650551726843
              ],
              [
                152.09377064625,
                -29.650313021103
              ],
              [
                152.09370986399,
                -29.650085954783
              ],
              [
                152.09370237553,
                -29.65005582988
              ],
              [
                152.09368805196,
                -29.649998214054
              ],
              [
                152.0936677741,
                -29.649916669999
              ],
              [
                152.09363099297,
                -29.649749216225
              ],
              [
                152.09357026776,
                -29.649510029473
              ],
              [
                152.093533447,
                -29.649342415019
              ],
              [
                152.09348512288,
                -29.649165997069
              ],
              [
                152.09347158657,
                -29.649081603138
              ],
              [
                152.09341070339,
                -29.648986026441
              ],
              [
                152.09332501487,
                -29.648879479153
              ],
              [
                152.09321594866,
                -29.648752380972
              ],
              [
                152.09311722516,
                -29.648651027038
              ],
              [
                152.09304325689,
                -29.648575091841
              ],
              [
                152.0929001726,
                -29.648408739952
              ],
              [
                152.09276663415,
                -29.64829935919
              ],
              [
                152.09262504462,
                -29.64816788992
              ],
              [
                152.09261776425,
                -29.648133343847
              ],
              [
                152.09277621843,
                -29.6481439785
              ],
              [
                152.09284728394,
                -29.64814446882
              ],
              [
                152.09306253965,
                -29.647973834852
              ],
              [
                152.09310020278,
                -29.647983833363
              ],
              [
                152.09326395071,
                -29.648013605369
              ],
              [
                152.09361847779,
                -29.648106762637
              ]
            ]
          ]
        ]
      },
      "properties": {
        "leadAgency": "Forestry Corporation NSW",
        "lga": "Glen Innes Severn",
        "supportingAgencies": "",
        "size": "7.35 ha",
        "location": "CAMP ROAD, MOUNT MITCHELL STATE FOREST",
        "guarReference": "BA20260210000096",
        "tenure": "Forestry",
        "startDate": "16/02/2026",
        "endDate": "17/04/2026"
      }
    },
    {
      "type": "Feature",
      "geometry": {
        "type": "MultiPolygon",
        "coordinates": [
          [
            [
              [
                152.09202716886,
                -29.647833904806
              ],
              [
                152.09202097837,
                -29.647915051862
              ],
              [
                152.09205658654,
                -29.647906938623
              ],
              [
                152.0920650619,
                -29.647875952991
              ],
              [
                152.09213742644,
                -29.647883615891
              ],
              [
                152.09216850424,
                -29.647924411511
              ],
              [
                152.09214133656,
                -29.648057947454
              ],
              [
                152.09209157559,
                -29.648119683681
              ],
              [
                152.09210777532,
                -29.648142480564
              ],
              [
                152.09216953654,
                -29.64811305909
              ],
              [
                152.09222138146,
                -29.648124149895
              ],
              [
                152.09226661329,
                -29.648108940361
              ],
              [
                152.09231194181,
                -29.648084180222
              ],
              [
                152.09233808368,
                -29.648065263577
              ],
              [
                152.09237885027,
                -29.648091804798
              ],
              [
                152.09241484465,
                -29.648061568337
              ],
              [
                152.09241505981,
                -29.648061721584
              ],
              [
                152.09243122357,
                -29.648288244107
              ],
              [
                152.09265996626,
                -29.648385320801
              ],
              [
                152.09286629206,
                -29.648544321764
              ],
              [
                152.09307508774,
                -29.648731991931
              ],
              [
                152.09325900936,
                -29.648950534425
              ],
              [
                152.09334026366,
                -29.649034658783
              ],
              [
                152.09339103678,
                -29.649163943772
              ],
              [
                152.09344416072,
                -29.649336232104
              ],
              [
                152.09351215179,
                -29.649680526546
              ],
              [
                152.09356741247,
                -29.650071896068
              ],
              [
                152.093623736,
                -29.650269267823
              ],
              [
                152.09368312735,
                -29.650505461774
              ],
              [
                152.09376700071,
                -29.650679146491
              ],
              [
                152.09376926492,
                -29.65080750359
              ],
              [
                152.09381896406,
                -29.650980957686
              ],
              [
                152.09385004495,
                -29.651201683701
              ],
              [
                152.09380979312,
                -29.651199736059
              ],
              [
                152.09326145238,
                -29.651155443439
              ],
              [
                152.0927815923,
                -29.651112840748
              ],
              [
                152.09248391663,
                -29.651073778616
              ],
              [
                152.0920716569,
                -29.65103874115
              ],
              [
                152.0919444293,
                -29.651020584887
              ],
              [
                152.09190596848,
                -29.650997617569
              ],
              [
                152.09177972816,
                -29.650440547841
              ],
              [
                152.09153240271,
                -29.649975629527
              ],
              [
                152.09133568002,
                -29.649554257234
              ],
              [
                152.09139694813,
                -29.649559271411
              ],
              [
                152.09144913579,
                -29.649592580996
              ],
              [
                152.09147121272,
                -29.649691580614
              ],
              [
                152.09149212964,
                -29.649736138948
              ],
              [
                152.09154303741,
                -29.649729323011
              ],
              [
                152.09154050351,
                -29.649646210598
              ],
              [
                152.09153958705,
                -29.64956597984
              ],
              [
                152.09153996596,
                -29.649523004555
              ],
              [
                152.09159084746,
                -29.649519050047
              ],
              [
                152.09165460694,
                -29.649542410251
              ],
              [
                152.09167200142,
                -29.649614160969
              ],
              [
                152.09170311936,
                -29.649618673053
              ],
              [
                152.09176699532,
                -29.649629134179
              ],
              [
                152.09176562495,
                -29.649599046273
              ],
              [
                152.09176629911,
                -29.649524549613
              ],
              [
                152.0917619148,
                -29.649464353608
              ],
              [
                152.09170977888,
                -29.649425312267
              ],
              [
                152.09165580258,
                -29.64940917785
              ],
              [
                152.09154937972,
                -29.649388393376
              ],
              [
                152.09152506027,
                -29.649356711681
              ],
              [
                152.09147946091,
                -29.649320585935
              ],
              [
                152.09143952565,
                -29.649384781652
              ],
              [
                152.0913783129,
                -29.649443098508
              ],
              [
                152.09131921046,
                -29.649449857475
              ],
              [
                152.09129961511,
                -29.649439693142
              ],
              [
                152.09129192908,
                -29.649382335724
              ],
              [
                152.09125774565,
                -29.649353447319
              ],
              [
                152.09123852759,
                -29.649346154305
              ],
              [
                152.09098733118,
                -29.648808105648
              ],
              [
                152.09099198896,
                -29.648806977831
              ],
              [
                152.09099959305,
                -29.648722269608
              ],
              [
                152.0909960805,
                -29.648656586535
              ],
              [
                152.09097461463,
                -29.648611068047
              ],
              [
                152.09103526076,
                -29.648555374228
              ],
              [
                152.09104110651,
                -29.648512436783
              ],
              [
                152.09099784973,
                -29.648459608559
              ],
              [
                152.09095437662,
                -29.6484306557
              ],
              [
                152.09097119961,
                -29.648410412957
              ],
              [
                152.0914645944,
                -29.648171790261
              ],
              [
                152.09172723704,
                -29.64814731749
              ],
              [
                152.09174342803,
                -29.647940034192
              ],
              [
                152.09200848307,
                -29.647784532487
              ],
              [
                152.09202716886,
                -29.647833904806
              ],
              [
                152.09322321425,
                -29.650447447419
              ],
              [
                152.09327814616,
                -29.650452748767
              ],
              [
                152.09331656685,
                -29.65041360199
              ],
              [
                152.0933290238,
                -29.650281919593
              ],
              [
                152.09330033931,
                -29.65017951133
              ],
              [
                152.09330233663,
                -29.650076390893
              ],
              [
                152.09319249163,
                -29.650099958067
              ],
              [
                152.09315463051,
                -29.650391557619
              ],
              [
                152.09321944163,
                -29.650396925187
              ],
              [
                152.09322321425,
                -29.650447447419
              ],
              [
                152.09202716886,
                -29.647833904806
              ]
            ]
          ]
        ]
      },
      "properties": {
        "leadAgency": "Forestry Corporation NSW",
        "lga": "Glen Innes Severn",
        "supportingAgencies": "",
        "size": "6.26 ha",
        "location": "CAMP ROAD, MOUNT MITCHELL STATE FOREST",
        "guarReference": "BA20260210000096",
        "tenure": "Forestry",
        "startDate": "16/02/2026",
        "endDate": "17/04/2026"
      }
    },
    {
      "type": "Feature",
      "geometry": {
        "type": "MultiPolygon",
        "coordinates": [
          [
            [
              [
                152.71782223275,
                -29.022165478003
              ],
              [
                152.71795355855,
                -29.022260396309
              ],
              [
                152.71728075758,
                -29.025561543383
              ],
              [
                152.71727289819,
                -29.025600104385
              ],
              [
                152.71691646335,
                -29.02552564792
              ],
              [
                152.71674024241,
                -29.025488832819
              ],
              [
                152.71672015253,
                -29.025484631477
              ],
              [
                152.71653744174,
                -29.025446108015
              ],
              [
                152.71633312014,
                -29.02542261502
              ],
              [
                152.71608146975,
                -29.025401652671
              ],
              [
                152.71609341527,
                -29.025191835876
              ],
              [
                152.71609362041,
                -29.025053005045
              ],
              [
                152.71608382529,
                -29.024950501939
              ],
              [
                152.71606866228,
                -29.024868083663
              ],
              [
                152.71603300556,
                -29.024751265713
              ],
              [
                152.7159764277,
                -29.024602080172
              ],
              [
                152.71591650003,
                -29.024511290291
              ],
              [
                152.71578475169,
                -29.024379632485
              ],
              [
                152.71571962843,
                -29.024336556917
              ],
              [
                152.71561446105,
                -29.024276538672
              ],
              [
                152.71544993677,
                -29.024226945468
              ],
              [
                152.71544628675,
                -29.024225849316
              ],
              [
                152.71529483698,
                -29.024190248293
              ],
              [
                152.71519271827,
                -29.024177339742
              ],
              [
                152.71507948197,
                -29.02417113603
              ],
              [
                152.71506413991,
                -29.024165713687
              ],
              [
                152.71495520386,
                -29.024127227083
              ],
              [
                152.71475930367,
                -29.024036071722
              ],
              [
                152.71471502319,
                -29.023964471907
              ],
              [
                152.71467646017,
                -29.023902113204
              ],
              [
                152.71467247601,
                -29.023890876382
              ],
              [
                152.7146216547,
                -29.023747727542
              ],
              [
                152.71458590815,
                -29.023607686766
              ],
              [
                152.71455662919,
                -29.023426825099
              ],
              [
                152.71452870292,
                -29.023283323087
              ],
              [
                152.71451574644,
                -29.023102370468
              ],
              [
                152.71451072166,
                -29.022989923232
              ],
              [
                152.71452401512,
                -29.02287203018
              ],
              [
                152.71453097072,
                -29.022748443754
              ],
              [
                152.71452641943,
                -29.022632230403
              ],
              [
                152.71452965463,
                -29.022616785506
              ],
              [
                152.7145402022,
                -29.022566504557
              ],
              [
                152.71456651414,
                -29.022503720627
              ],
              [
                152.71459940459,
                -29.022448188001
              ],
              [
                152.71463521542,
                -29.02242042322
              ],
              [
                152.71481718412,
                -29.022353421796
              ],
              [
                152.7150249114,
                -29.022297781437
              ],
              [
                152.71536375682,
                -29.02222375132
              ],
              [
                152.71564774919,
                -29.022196839221
              ],
              [
                152.71596363949,
                -29.022163700362
              ],
              [
                152.71608260998,
                -29.022174182236
              ],
              [
                152.71624822427,
                -29.022214476132
              ],
              [
                152.716453643,
                -29.022267051198
              ],
              [
                152.71655684701,
                -29.022272374444
              ],
              [
                152.71664684929,
                -29.022260013232
              ],
              [
                152.71671824932,
                -29.022245408574
              ],
              [
                152.71671855347,
                -29.022245348829
              ],
              [
                152.7167896333,
                -29.022225112911
              ],
              [
                152.71680191153,
                -29.022218757848
              ],
              [
                152.71689066541,
                -29.022172865408
              ],
              [
                152.71696557835,
                -29.02212307512
              ],
              [
                152.71699678015,
                -29.0220714296
              ],
              [
                152.71701675695,
                -29.021967294926
              ],
              [
                152.71698223012,
                -29.021823985092
              ],
              [
                152.71691139662,
                -29.021720885433
              ],
              [
                152.71686598864,
                -29.021634827404
              ],
              [
                152.7168408983,
                -29.021549062954
              ],
              [
                152.71684503279,
                -29.021456172593
              ],
              [
                152.71685664632,
                -29.02147192189
              ],
              [
                152.71687624103,
                -29.021498489957
              ],
              [
                152.71710123823,
                -29.021665480137
              ],
              [
                152.71754823258,
                -29.021773477013
              ],
              [
                152.71768023445,
                -29.021915475385
              ],
              [
                152.71771422827,
                -29.022015477799
              ],
              [
                152.71782223275,
                -29.022165478003
              ],
              [
                152.71602763341,
                -29.022657865943
              ],
              [
                152.71582800354,
                -29.022705279727
              ],
              [
                152.71572990011,
                -29.022707539806
              ],
              [
                152.71567802782,
                -29.022809078417
              ],
              [
                152.71568140114,
                -29.022804252599
              ],
              [
                152.71583519086,
                -29.022760507063
              ],
              [
                152.71602405183,
                -29.022778087948
              ],
              [
                152.71611741857,
                -29.022841280597
              ],
              [
                152.71616219547,
                -29.02260514145
              ],
              [
                152.71614820478,
                -29.022611191018
              ],
              [
                152.71602763341,
                -29.022657865943
              ],
              [
                152.71782223275,
                -29.022165478003
              ]
            ]
          ]
        ]
      },
      "properties": {
        "leadAgency": "Forestry Corporation NSW",
        "lga": "Richmond Valley",
        "supportingAgencies": "NSW National Parks and Wildlife Service",
        "size": "9.1 ha",
        "location": "PIKAPENE PLANTATION, COFFEE CREEK ROAD",
        "guarReference": "BA20260210000095",
        "tenure": "National Park, Forestry",
        "startDate": "16/02/2026",
        "endDate": "31/03/2026"
      }
    },
    {
      "type": "Feature",
      "geometry": {
        "type": "MultiPolygon",
        "coordinates": [
          [
            [
              [
                152.71448056334,
                -29.022552128301
              ],
              [
                152.71446461345,
                -29.022628205352
              ],
              [
                152.71446560963,
                -29.022653585274
              ],
              [
                152.71444082105,
                -29.022646596995
              ],
              [
                152.71430040446,
                -29.022613431547
              ],
              [
                152.71407638189,
                -29.022600255171
              ],
              [
                152.71388350549,
                -29.022601067166
              ],
              [
                152.7136828157,
                -29.022601821869
              ],
              [
                152.71356264363,
                -29.022630705287
              ],
              [
                152.713390396,
                -29.022654598642
              ],
              [
                152.71329099141,
                -29.022692810565
              ],
              [
                152.71317303036,
                -29.022762962698
              ],
              [
                152.7131099675,
                -29.022815211102
              ],
              [
                152.7130805508,
                -29.022892919103
              ],
              [
                152.71307681748,
                -29.022923108836
              ],
              [
                152.71306924131,
                -29.022984530895
              ],
              [
                152.71308376619,
                -29.023099263132
              ],
              [
                152.71311150208,
                -29.023195752347
              ],
              [
                152.71316256058,
                -29.023306174036
              ],
              [
                152.71321665538,
                -29.023373071608
              ],
              [
                152.71330704905,
                -29.023458581088
              ],
              [
                152.71337681386,
                -29.023521008291
              ],
              [
                152.71343348462,
                -29.023590208271
              ],
              [
                152.71351332875,
                -29.023689394724
              ],
              [
                152.7135646982,
                -29.023767725616
              ],
              [
                152.71360817972,
                -29.023852876473
              ],
              [
                152.71364867899,
                -29.023976975655
              ],
              [
                152.71367926953,
                -29.024048269437
              ],
              [
                152.71373867785,
                -29.024103744189
              ],
              [
                152.71386079672,
                -29.02414364508
              ],
              [
                152.71401424543,
                -29.024176914696
              ],
              [
                152.71414442436,
                -29.024191667021
              ],
              [
                152.71425156892,
                -29.024162688393
              ],
              [
                152.71435638319,
                -29.024103883815
              ],
              [
                152.71447435529,
                -29.02403372991
              ],
              [
                152.71457415627,
                -29.023954257618
              ],
              [
                152.71462021302,
                -29.023924565497
              ],
              [
                152.71471404683,
                -29.024076297061
              ],
              [
                152.71492922456,
                -29.024176410786
              ],
              [
                152.71506571774,
                -29.024224638812
              ],
              [
                152.71518641035,
                -29.024231259381
              ],
              [
                152.7152824465,
                -29.024243396336
              ],
              [
                152.71542831387,
                -29.024277687557
              ],
              [
                152.71558728392,
                -29.024325599796
              ],
              [
                152.71568427924,
                -29.024380960142
              ],
              [
                152.71574265813,
                -29.024419561647
              ],
              [
                152.71586624201,
                -29.024543061386
              ],
              [
                152.71591996052,
                -29.024624462502
              ],
              [
                152.71597397049,
                -29.024766862214
              ],
              [
                152.71600833715,
                -29.024879448667
              ],
              [
                152.7160226176,
                -29.024957092648
              ],
              [
                152.71603199703,
                -29.025055231948
              ],
              [
                152.71603179273,
                -29.025190454652
              ],
              [
                152.71602003189,
                -29.025396979188
              ],
              [
                152.71579931015,
                -29.025381716455
              ],
              [
                152.71546269303,
                -29.025318587281
              ],
              [
                152.7150936979,
                -29.025238343782
              ],
              [
                152.71477607001,
                -29.025123848759
              ],
              [
                152.71402978776,
                -29.024869404373
              ],
              [
                152.71389065073,
                -29.024847605209
              ],
              [
                152.71367660222,
                -29.024774026691
              ],
              [
                152.71354242763,
                -29.024735670817
              ],
              [
                152.71338353793,
                -29.024675529618
              ],
              [
                152.71313561289,
                -29.024544615283
              ],
              [
                152.71286709605,
                -29.024371926545
              ],
              [
                152.7125956872,
                -29.024145534971
              ],
              [
                152.71233145758,
                -29.023908334109
              ],
              [
                152.71218357822,
                -29.023777926806
              ],
              [
                152.7120873019,
                -29.023659081296
              ],
              [
                152.7120664523,
                -29.023625365673
              ],
              [
                152.71200846964,
                -29.023531621174
              ],
              [
                152.71191722627,
                -29.023402782661
              ],
              [
                152.71184413145,
                -29.023304001217
              ],
              [
                152.71182183053,
                -29.023267577178
              ],
              [
                152.71179378315,
                -29.023221768972
              ],
              [
                152.71183654225,
                -29.023166141274
              ],
              [
                152.71213364985,
                -29.022779577206
              ],
              [
                152.71245184035,
                -29.022621507116
              ],
              [
                152.71265652424,
                -29.022493242725
              ],
              [
                152.71282938294,
                -29.022398422552
              ],
              [
                152.71288336855,
                -29.022367844525
              ],
              [
                152.71309477207,
                -29.02219095308
              ],
              [
                152.71334981337,
                -29.02202661923
              ],
              [
                152.71374055382,
                -29.021849575962
              ],
              [
                152.71393205497,
                -29.021743186175
              ],
              [
                152.71395080213,
                -29.021732767719
              ],
              [
                152.71397638392,
                -29.021718556609
              ],
              [
                152.71426606199,
                -29.021505189006
              ],
              [
                152.71439177179,
                -29.021435249148
              ],
              [
                152.71452642922,
                -29.021507947284
              ],
              [
                152.71453399049,
                -29.021512030308
              ],
              [
                152.71458486938,
                -29.021551029195
              ],
              [
                152.71469721833,
                -29.021664444471
              ],
              [
                152.71478152178,
                -29.021750543442
              ],
              [
                152.71483978488,
                -29.021849089756
              ],
              [
                152.71485052733,
                -29.021907690879
              ],
              [
                152.71484653441,
                -29.021979990282
              ],
              [
                152.71483036757,
                -29.022040554086
              ],
              [
                152.71477860066,
                -29.022119744169
              ],
              [
                152.71470096855,
                -29.022220952577
              ],
              [
                152.71459458439,
                -29.022379713351
              ],
              [
                152.71455004056,
                -29.022414239606
              ],
              [
                152.71451005734,
                -29.02248177666
              ],
              [
                152.71448056334,
                -29.022552128301
              ]
            ]
          ]
        ]
      },
      "properties": {
        "leadAgency": "Forestry Corporation NSW",
        "lga": "Richmond Valley",
        "supportingAgencies": "NSW National Parks and Wildlife Service",
        "size": "6.38 ha",
        "location": "PIKAPENE PLANTATION, COFFEE CREEK ROAD",
        "guarReference": "BA20260210000095",
        "tenure": "National Park, Forestry",
        "startDate": "16/02/2026",
        "endDate": "31/03/2026"
      }
    },
    {
      "type": "Feature",
      "geometry": {
        "type": "MultiPolygon",
        "coordinates": [
          [
            [
              [
                152.71592773724,
                -29.018665824214
              ],
              [
                152.71607695152,
                -29.018660092884
              ],
              [
                152.71611030523,
                -29.018651884379
              ],
              [
                152.71611406916,
                -29.018663375232
              ],
              [
                152.71624089394,
                -29.01948157533
              ],
              [
                152.71623127197,
                -29.019545206679
              ],
              [
                152.71614434738,
                -29.019499870941
              ],
              [
                152.71592119558,
                -29.019436820203
              ],
              [
                152.71567589286,
                -29.019408435446
              ],
              [
                152.71545296882,
                -29.019393170643
              ],
              [
                152.71531196911,
                -29.019361279581
              ],
              [
                152.71518687841,
                -29.019330579942
              ],
              [
                152.7150541634,
                -29.019278310183
              ],
              [
                152.71493764687,
                -29.019230889168
              ],
              [
                152.71481381789,
                -29.019178597351
              ],
              [
                152.7147011389,
                -29.019112220502
              ],
              [
                152.71465727414,
                -29.019072622652
              ],
              [
                152.71459981564,
                -29.018985313091
              ],
              [
                152.7145803641,
                -29.018911111571
              ],
              [
                152.71459660158,
                -29.018810341851
              ],
              [
                152.71462762093,
                -29.018752635384
              ],
              [
                152.71466584847,
                -29.018700102292
              ],
              [
                152.71473846483,
                -29.018650703683
              ],
              [
                152.7148226946,
                -29.018625136485
              ],
              [
                152.71490997615,
                -29.018605727408
              ],
              [
                152.71513397809,
                -29.01862926682
              ],
              [
                152.71549339675,
                -29.018666095374
              ],
              [
                152.71579082028,
                -29.018654149814
              ],
              [
                152.71592773724,
                -29.018665824214
              ]
            ]
          ]
        ]
      },
      "properties": {
        "leadAgency": "Forestry Corporation NSW",
        "lga": "Richmond Valley",
        "supportingAgencies": "NSW National Parks and Wildlife Service",
        "size": "1.17 ha",
        "location": "PIKAPENE PLANTATION, COFFEE CREEK ROAD",
        "guarReference": "BA20260210000095",
        "tenure": "National Park, Forestry",
        "startDate": "16/02/2026",
        "endDate": "31/03/2026"
      }
    },
    {
      "type": "Feature",
      "geometry": {
        "type": "MultiPolygon",
        "coordinates": [
          [
            [
              [
                152.71628543561,
                -29.01963642661
              ],
              [
                152.71641963204,
                -29.019828048253
              ],
              [
                152.71657666667,
                -29.019979882777
              ],
              [
                152.716775635,
                -29.020149849141
              ],
              [
                152.71694131145,
                -29.020294763666
              ],
              [
                152.71705344024,
                -29.020481845873
              ],
              [
                152.71711423932,
                -29.020624016701
              ],
              [
                152.71712373992,
                -29.020790937432
              ],
              [
                152.71712686214,
                -29.020811722901
              ],
              [
                152.71708551941,
                -29.020960480736
              ],
              [
                152.71700486214,
                -29.021114360797
              ],
              [
                152.71688093887,
                -29.021271713138
              ],
              [
                152.716808231,
                -29.021364612824
              ],
              [
                152.71679745913,
                -29.021391677833
              ],
              [
                152.71678483298,
                -29.021423405348
              ],
              [
                152.71677897686,
                -29.021554867669
              ],
              [
                152.71680771843,
                -29.021653111634
              ],
              [
                152.71685690908,
                -29.021746348018
              ],
              [
                152.71692410821,
                -29.021844156474
              ],
              [
                152.71695405208,
                -29.021968437931
              ],
              [
                152.71693767614,
                -29.022053781565
              ],
              [
                152.71691754492,
                -29.022087106241
              ],
              [
                152.71685634901,
                -29.022127775119
              ],
              [
                152.71676421552,
                -29.022175426824
              ],
              [
                152.71670204955,
                -29.022193122831
              ],
              [
                152.7166350982,
                -29.022206818739
              ],
              [
                152.7165538671,
                -29.022217972894
              ],
              [
                152.71646419136,
                -29.02221334234
              ],
              [
                152.71626505116,
                -29.02216237731
              ],
              [
                152.71609397682,
                -29.022120758749
              ],
              [
                152.71599511869,
                -29.022112050796
              ],
              [
                152.71596305644,
                -29.022109219515
              ],
              [
                152.71564079437,
                -29.022143034931
              ],
              [
                152.71535297641,
                -29.02217031157
              ],
              [
                152.71500848118,
                -29.02224556974
              ],
              [
                152.71479625221,
                -29.02230241896
              ],
              [
                152.71469221535,
                -29.022340719738
              ],
              [
                152.71475310697,
                -29.022249851375
              ],
              [
                152.71483091888,
                -29.022148399749
              ],
              [
                152.71488829007,
                -29.022060659381
              ],
              [
                152.71490780134,
                -29.021987558922
              ],
              [
                152.71491238581,
                -29.021904659406
              ],
              [
                152.7148990346,
                -29.021831859826
              ],
              [
                152.71483290075,
                -29.02171998172
              ],
              [
                152.71474379805,
                -29.021628999346
              ],
              [
                152.71462855795,
                -29.021512665433
              ],
              [
                152.71457699972,
                -29.021473140013
              ],
              [
                152.71458765721,
                -29.021465807833
              ],
              [
                152.7147832473,
                -29.021331185174
              ],
              [
                152.71510319137,
                -29.021096649679
              ],
              [
                152.71531097914,
                -29.020981581026
              ],
              [
                152.71554706882,
                -29.020850843637
              ],
              [
                152.71568846993,
                -29.020662352765
              ],
              [
                152.71574625179,
                -29.020630968262
              ],
              [
                152.71573545969,
                -29.020622467631
              ],
              [
                152.71572466759,
                -29.020613966998
              ],
              [
                152.7157138755,
                -29.020605466364
              ],
              [
                152.71571331512,
                -29.020596473183
              ],
              [
                152.71570252302,
                -29.020587972548
              ],
              [
                152.71569173093,
                -29.020579471913
              ],
              [
                152.71569117055,
                -29.020570478731
              ],
              [
                152.71568037847,
                -29.020561978095
              ],
              [
                152.71566958638,
                -29.020553477458
              ],
              [
                152.71566902601,
                -29.020544484277
              ],
              [
                152.71565823392,
                -29.020535983639
              ],
              [
                152.71565711317,
                -29.020517997276
              ],
              [
                152.71564632109,
                -29.020509496637
              ],
              [
                152.71563552902,
                -29.020500995998
              ],
              [
                152.71563496865,
                -29.020492002817
              ],
              [
                152.71562417657,
                -29.020483502176
              ],
              [
                152.7156236162,
                -29.020474508995
              ],
              [
                152.71561282413,
                -29.020466008354
              ],
              [
                152.71561226376,
                -29.020457015173
              ],
              [
                152.7156014717,
                -29.020448514531
              ],
              [
                152.71559067963,
                -29.020440013888
              ],
              [
                152.71558044793,
                -29.020440506424
              ],
              [
                152.71556965587,
                -29.020432005779
              ],
              [
                152.71555942418,
                -29.020432498314
              ],
              [
                152.71554863212,
                -29.020423997667
              ],
              [
                152.71552816873,
                -29.020424982732
              ],
              [
                152.71551737667,
                -29.020416482082
              ],
              [
                152.71550714498,
                -29.020416974612
              ],
              [
                152.71549635293,
                -29.020408473961
              ],
              [
                152.71548612124,
                -29.020408966489
              ],
              [
                152.71547532919,
                -29.020400465836
              ],
              [
                152.71546509749,
                -29.020400958363
              ],
              [
                152.71546453714,
                -29.020391965182
              ],
              [
                152.71545374509,
                -29.020383464527
              ],
              [
                152.71544295305,
                -29.020374963871
              ],
              [
                152.7154423927,
                -29.02036597069
              ],
              [
                152.71543160066,
                -29.020357470033
              ],
              [
                152.7154310403,
                -29.020348476853
              ],
              [
                152.71542024827,
                -29.020339976195
              ],
              [
                152.71540945623,
                -29.020331475536
              ],
              [
                152.71538787217,
                -29.020314474216
              ],
              [
                152.71537708014,
                -29.020305973555
              ],
              [
                152.71536628811,
                -29.020297472893
              ],
              [
                152.71535605643,
                -29.02029796541
              ],
              [
                152.71534526441,
                -29.020289464746
              ],
              [
                152.71533447238,
                -29.020280964081
              ],
              [
                152.7153242407,
                -29.020281456595
              ],
              [
                152.71531344868,
                -29.020272955928
              ],
              [
                152.715303217,
                -29.020273448441
              ],
              [
                152.71529242499,
                -29.020264947772
              ],
              [
                152.71528163297,
                -29.020256447103
              ],
              [
                152.7152714013,
                -29.020256939613
              ],
              [
                152.71524981728,
                -29.020239938269
              ],
              [
                152.7152395856,
                -29.020240430776
              ],
              [
                152.71522879359,
                -29.020231930102
              ],
              [
                152.71521800159,
                -29.020223429427
              ],
              [
                152.71520776991,
                -29.020223921931
              ],
              [
                152.71519697791,
                -29.020215421254
              ],
              [
                152.71518674624,
                -29.020215913757
              ],
              [
                152.71517595424,
                -29.020207413078
              ],
              [
                152.71516572257,
                -29.020207905579
              ],
              [
                152.71515493057,
                -29.020199404898
              ],
              [
                152.71514413858,
                -29.020190904217
              ],
              [
                152.71513334659,
                -29.020182403535
              ],
              [
                152.71512255459,
                -29.020173902851
              ],
              [
                152.71511176261,
                -29.020165402167
              ],
              [
                152.71510097062,
                -29.020156901482
              ],
              [
                152.71509073895,
                -29.020157393977
              ],
              [
                152.71507994697,
                -29.02014889329
              ],
              [
                152.71506915499,
                -29.020140392602
              ],
              [
                152.71505836301,
                -29.020131891913
              ],
              [
                152.71504757103,
                -29.020123391224
              ],
              [
                152.71503733937,
                -29.020123883713
              ],
              [
                152.71502654739,
                -29.020115383022
              ],
              [
                152.71501631573,
                -29.02011587551
              ],
              [
                152.71500552376,
                -29.020107374817
              ],
              [
                152.71498506044,
                -29.020108359788
              ],
              [
                152.71497426847,
                -29.020099859092
              ],
              [
                152.71496403681,
                -29.020100351575
              ],
              [
                152.71495324484,
                -29.020091850877
              ],
              [
                152.71494245288,
                -29.020083350178
              ],
              [
                152.71493166092,
                -29.020074849479
              ],
              [
                152.71492142926,
                -29.020075341958
              ],
              [
                152.7149106373,
                -29.020066841257
              ],
              [
                152.71489984535,
                -29.020058340555
              ],
              [
                152.71488961369,
                -29.020058833032
              ],
              [
                152.71487882173,
                -29.020050332327
              ],
              [
                152.71486802978,
                -29.020041831622
              ],
              [
                152.71485779813,
                -29.020042324096
              ],
              [
                152.71484700618,
                -29.020033823389
              ],
              [
                152.71483621423,
                -29.020025322682
              ],
              [
                152.71483565394,
                -29.020016329502
              ],
              [
                152.714824862,
                -29.020007828793
              ],
              [
                152.71481407006,
                -29.019999328083
              ],
              [
                152.71480327812,
                -29.019990827373
              ],
              [
                152.71479248618,
                -29.019982326662
              ],
              [
                152.71478169425,
                -29.019973825949
              ],
              [
                152.71477090231,
                -29.019965325236
              ],
              [
                152.71476011038,
                -29.019956824522
              ],
              [
                152.71474931845,
                -29.019948323807
              ],
              [
                152.71474875817,
                -29.019939330627
              ],
              [
                152.71473796625,
                -29.019930829912
              ],
              [
                152.71472717432,
                -29.019922329195
              ],
              [
                152.7147163824,
                -29.019913828477
              ],
              [
                152.71471582212,
                -29.019904835298
              ],
              [
                152.7147050302,
                -29.019896334579
              ],
              [
                152.71469423829,
                -29.01988783386
              ],
              [
                152.71469367801,
                -29.01987884068
              ],
              [
                152.71468288609,
                -29.01987033996
              ],
              [
                152.71467209418,
                -29.019861839239
              ],
              [
                152.71466130227,
                -29.019853338517
              ],
              [
                152.71465107064,
                -29.019853830973
              ],
              [
                152.71464027873,
                -29.019845330249
              ],
              [
                152.71461869492,
                -29.019828328799
              ],
              [
                152.71460790302,
                -29.019819828072
              ],
              [
                152.71459767139,
                -29.019820320524
              ],
              [
                152.71458687949,
                -29.019811819795
              ],
              [
                152.7145561846,
                -29.019813297142
              ],
              [
                152.7145453927,
                -29.01980479641
              ],
              [
                152.71443284476,
                -29.01981021327
              ],
              [
                152.71442317338,
                -29.019819698886
              ],
              [
                152.71439247848,
                -29.019821176191
              ],
              [
                152.71438280709,
                -29.019830661804
              ],
              [
                152.71435211218,
                -29.019832139098
              ],
              [
                152.71434244079,
                -29.019841624708
              ],
              [
                152.71433159526,
                -29.019842146682
              ],
              [
                152.71431174588,
                -29.019843101992
              ],
              [
                152.71430207448,
                -29.019852587599
              ],
              [
                152.71429184285,
                -29.019853080024
              ],
              [
                152.71428217144,
                -29.019862565629
              ],
              [
                152.71425147653,
                -29.019864042897
              ],
              [
                152.71424180512,
                -29.0198735285
              ],
              [
                152.71413948871,
                -29.019878452661
              ],
              [
                152.71412869685,
                -29.01986995189
              ],
              [
                152.71406730701,
                -29.01987290634
              ],
              [
                152.71405651515,
                -29.019864405562
              ],
              [
                152.71400535695,
                -29.019866867574
              ],
              [
                152.7139945651,
                -29.019858366792
              ],
              [
                152.71386155378,
                -29.019864767908
              ],
              [
                152.71385076194,
                -29.019856267112
              ],
              [
                152.71381096086,
                -29.01985818249
              ],
              [
                152.71380281715,
                -29.019847876507
              ],
              [
                152.71380185415,
                -29.01982747419
              ],
              [
                152.71378286839,
                -29.019770298143
              ],
              [
                152.71376894947,
                -29.019767774838
              ],
              [
                152.71375675421,
                -29.01976557449
              ],
              [
                152.71373692032,
                -29.019751456304
              ],
              [
                152.71373534365,
                -29.019746408739
              ],
              [
                152.71373129595,
                -29.019733488243
              ],
              [
                152.71373692436,
                -29.019704731785
              ],
              [
                152.71373933142,
                -29.019688677363
              ],
              [
                152.71374920389,
                -29.019658859756
              ],
              [
                152.71376251582,
                -29.019640765173
              ],
              [
                152.71376600635,
                -29.019637656632
              ],
              [
                152.71378458648,
                -29.01962110353
              ],
              [
                152.71382184666,
                -29.019582517287
              ],
              [
                152.71385849549,
                -29.019534281845
              ],
              [
                152.71388196542,
                -29.019486671598
              ],
              [
                152.71388726658,
                -29.019430257104
              ],
              [
                152.71388741667,
                -29.019422122737
              ],
              [
                152.71388764037,
                -29.019410557176
              ],
              [
                152.71388880501,
                -29.01934885751
              ],
              [
                152.71388287657,
                -29.019289104785
              ],
              [
                152.71387147706,
                -29.019212197473
              ],
              [
                152.71386642582,
                -29.019131106004
              ],
              [
                152.71386031186,
                -29.019096546436
              ],
              [
                152.71384823675,
                -29.019061182308
              ],
              [
                152.7138277478,
                -29.019003925321
              ],
              [
                152.71379524415,
                -29.018934843848
              ],
              [
                152.71379026165,
                -29.018885003853
              ],
              [
                152.7137862838,
                -29.018821143329
              ],
              [
                152.71378405876,
                -29.018785422447
              ],
              [
                152.71375859501,
                -29.018706125156
              ],
              [
                152.71374987087,
                -29.01865684408
              ],
              [
                152.71374276173,
                -29.018616685818
              ],
              [
                152.71373996086,
                -29.018571719963
              ],
              [
                152.71374007949,
                -29.0185650574
              ],
              [
                152.71374076926,
                -29.018524893655
              ],
              [
                152.71374154056,
                -29.018480107684
              ],
              [
                152.71374409599,
                -29.018459021931
              ],
              [
                152.71374440867,
                -29.018456463208
              ],
              [
                152.71375463492,
                -29.018415028726
              ],
              [
                152.71375453757,
                -29.018413960016
              ],
              [
                152.71377879441,
                -29.01837140834
              ],
              [
                152.71378102848,
                -29.018369217178
              ],
              [
                152.71378846571,
                -29.018361922791
              ],
              [
                152.713798137,
                -29.018352437242
              ],
              [
                152.71379757682,
                -29.018343444073
              ],
              [
                152.71380724811,
                -29.018333958523
              ],
              [
                152.7138169194,
                -29.018324472973
              ],
              [
                152.71381635922,
                -29.018315479805
              ],
              [
                152.71382603051,
                -29.018305994254
              ],
              [
                152.71383570179,
                -29.018296508702
              ],
              [
                152.71384537307,
                -29.018287023149
              ],
              [
                152.71385504436,
                -29.018277537596
              ],
              [
                152.71386471563,
                -29.018268052042
              ],
              [
                152.71387438691,
                -29.018258566487
              ],
              [
                152.71388405819,
                -29.018249080932
              ],
              [
                152.71389372946,
                -29.018239595376
              ],
              [
                152.71389793646,
                -29.018235469159
              ],
              [
                152.71394248045,
                -29.018407729618
              ],
              [
                152.71397710908,
                -29.018503182819
              ],
              [
                152.71406765685,
                -29.018631592405
              ],
              [
                152.71422744097,
                -29.018813000521
              ],
              [
                152.71433938584,
                -29.018967927677
              ],
              [
                152.71441489485,
                -29.019062477699
              ],
              [
                152.71458406729,
                -29.019167402892
              ],
              [
                152.71478686555,
                -29.019227295462
              ],
              [
                152.71491116901,
                -29.019279789978
              ],
              [
                152.71496527961,
                -29.01930264931
              ],
              [
                152.7151658826,
                -29.019381652377
              ],
              [
                152.71529600711,
                -29.019413589038
              ],
              [
                152.71544282497,
                -29.019446787598
              ],
              [
                152.71566948042,
                -29.019462314786
              ],
              [
                152.71590763074,
                -29.019489880293
              ],
              [
                152.71611887318,
                -29.019549553596
              ],
              [
                152.71628543561,
                -29.01963642661
              ]
            ]
          ]
        ]
      },
      "properties": {
        "leadAgency": "Forestry Corporation NSW",
        "lga": "Richmond Valley",
        "supportingAgencies": "NSW National Parks and Wildlife Service",
        "size": "6.34 ha",
        "location": "PIKAPENE PLANTATION, COFFEE CREEK ROAD",
        "guarReference": "BA20260210000095",
        "tenure": "National Park, Forestry",
        "startDate": "16/02/2026",
        "endDate": "31/03/2026"
      }
    },
    {
      "type": "Feature",
      "geometry": {
        "type": "MultiPolygon",
        "coordinates": [
          [
            [
              [
                152.71510932452,
                -29.017793953613
              ],
              [
                152.71527333606,
                -29.01780964635
              ],
              [
                152.71527746089,
                -29.017579542799
              ],
              [
                152.71534133602,
                -29.017362032592
              ],
              [
                152.71537775708,
                -29.017331414964
              ],
              [
                152.71540698838,
                -29.017302343104
              ],
              [
                152.71541112482,
                -29.017205511405
              ],
              [
                152.7155201752,
                -29.017189798505
              ],
              [
                152.71561734872,
                -29.017093160448
              ],
              [
                152.71565631011,
                -29.017055060022
              ],
              [
                152.71571490498,
                -29.017169338459
              ],
              [
                152.71575999992,
                -29.017270682485
              ],
              [
                152.71591715609,
                -29.017243398689
              ],
              [
                152.71606380143,
                -29.017225298074
              ],
              [
                152.71612334854,
                -29.017151794626
              ],
              [
                152.71615523704,
                -29.016976973753
              ],
              [
                152.71625317858,
                -29.016903543038
              ],
              [
                152.71633715202,
                -29.016830090205
              ],
              [
                152.71644910858,
                -29.016735211209
              ],
              [
                152.71647403513,
                -29.016554240028
              ],
              [
                152.71625441652,
                -29.016449464651
              ],
              [
                152.71608132863,
                -29.016479112525
              ],
              [
                152.71613161213,
                -29.016356588774
              ],
              [
                152.71627273086,
                -29.016258880786
              ],
              [
                152.71645867374,
                -29.016174682398
              ],
              [
                152.71657390496,
                -29.016191152333
              ],
              [
                152.71680370377,
                -29.016223979506
              ],
              [
                152.71731310916,
                -29.016336655326
              ],
              [
                152.71773106005,
                -29.016426754167
              ],
              [
                152.71792084202,
                -29.016483181739
              ],
              [
                152.71797175106,
                -29.016498319203
              ],
              [
                152.71787332075,
                -29.016604545053
              ],
              [
                152.7177330833,
                -29.016792107201
              ],
              [
                152.71757583617,
                -29.017020420446
              ],
              [
                152.71740093872,
                -29.017282010835
              ],
              [
                152.7172935763,
                -29.01745273636
              ],
              [
                152.71724909417,
                -29.017521952067
              ],
              [
                152.71722868349,
                -29.017553738675
              ],
              [
                152.71716600742,
                -29.017651287747
              ],
              [
                152.71709220369,
                -29.017799001402
              ],
              [
                152.71701437481,
                -29.017939764892
              ],
              [
                152.71694400887,
                -29.018081558096
              ],
              [
                152.71686714925,
                -29.018189306231
              ],
              [
                152.71676437344,
                -29.018299952855
              ],
              [
                152.71652571508,
                -29.018460808331
              ],
              [
                152.71629611027,
                -29.018549914202
              ],
              [
                152.71606717297,
                -29.018606262412
              ],
              [
                152.71592938385,
                -29.018611551945
              ],
              [
                152.71579240558,
                -29.018599880503
              ],
              [
                152.71549557565,
                -29.0186117975
              ],
              [
                152.71514119724,
                -29.018575484042
              ],
              [
                152.71490593553,
                -29.018550754757
              ],
              [
                152.71480505082,
                -29.018573199905
              ],
              [
                152.71470877584,
                -29.018602431734
              ],
              [
                152.71461969785,
                -29.018663013833
              ],
              [
                152.71457359623,
                -29.018726371206
              ],
              [
                152.71453690158,
                -29.018794615724
              ],
              [
                152.71451774771,
                -29.018913475866
              ],
              [
                152.7145418531,
                -29.019005385434
              ],
              [
                152.71460777924,
                -29.019105565113
              ],
              [
                152.71466148512,
                -29.019154052223
              ],
              [
                152.71468750036,
                -29.019169379092
              ],
              [
                152.71463174601,
                -29.019152912856
              ],
              [
                152.7145981452,
                -29.01914299333
              ],
              [
                152.71443703208,
                -29.019043065295
              ],
              [
                152.71436500733,
                -29.018952884724
              ],
              [
                152.71425267984,
                -29.01879741676
              ],
              [
                152.71409299562,
                -29.018616130154
              ],
              [
                152.71400530656,
                -29.01849176835
              ],
              [
                152.71399156722,
                -29.018453904597
              ],
              [
                152.71399463189,
                -29.018404092282
              ],
              [
                152.71398910855,
                -29.018393182159
              ],
              [
                152.71398246452,
                -29.018323424538
              ],
              [
                152.71400144152,
                -29.018283923151
              ],
              [
                152.7140487457,
                -29.01822092309
              ],
              [
                152.71406936548,
                -29.018135637655
              ],
              [
                152.71416120996,
                -29.017993444064
              ],
              [
                152.71428239078,
                -29.017863891851
              ],
              [
                152.71432022037,
                -29.017821282163
              ],
              [
                152.71433797046,
                -29.017801296188
              ],
              [
                152.71446292706,
                -29.01766053948
              ],
              [
                152.71463537806,
                -29.017447500525
              ],
              [
                152.71476603653,
                -29.017273753091
              ],
              [
                152.71489631049,
                -29.017121843699
              ],
              [
                152.71499591253,
                -29.017005208949
              ],
              [
                152.71510000926,
                -29.016832081248
              ],
              [
                152.71517030457,
                -29.016623571025
              ],
              [
                152.71519722808,
                -29.016505248042
              ],
              [
                152.71521695533,
                -29.016353942153
              ],
              [
                152.71523927543,
                -29.01629893647
              ],
              [
                152.7152539886,
                -29.016262661913
              ],
              [
                152.71526095355,
                -29.016245486087
              ],
              [
                152.71525702049,
                -29.016140194228
              ],
              [
                152.71526126875,
                -29.016084191321
              ],
              [
                152.71525809852,
                -29.016037755058
              ],
              [
                152.71525926969,
                -29.01599495238
              ],
              [
                152.71526069553,
                -29.015943225575
              ],
              [
                152.71541065982,
                -29.015960802829
              ],
              [
                152.71567146303,
                -29.016012804689
              ],
              [
                152.71613291196,
                -29.016113298758
              ],
              [
                152.71602427208,
                -29.016226978016
              ],
              [
                152.7158580558,
                -29.016447927115
              ],
              [
                152.71577556212,
                -29.016573949746
              ],
              [
                152.71561933568,
                -29.016803726373
              ],
              [
                152.71532191962,
                -29.017133576513
              ],
              [
                152.71511139892,
                -29.017321749453
              ],
              [
                152.71493952867,
                -29.017339511604
              ],
              [
                152.71485808007,
                -29.017578207798
              ],
              [
                152.71482502272,
                -29.017634984077
              ],
              [
                152.71479659474,
                -29.017661635812
              ],
              [
                152.71484421821,
                -29.017728960867
              ],
              [
                152.71495490406,
                -29.017755465161
              ],
              [
                152.71510932452,
                -29.017793953613
              ]
            ]
          ]
        ]
      },
      "properties": {
        "leadAgency": "Forestry Corporation NSW",
        "lga": "Richmond Valley",
        "supportingAgencies": "NSW National Parks and Wildlife Service",
        "size": "6.19 ha",
        "location": "PIKAPENE PLANTATION, COFFEE CREEK ROAD",
        "guarReference": "BA20260210000095",
        "tenure": "National Park, Forestry",
        "startDate": "16/02/2026",
        "endDate": "31/03/2026"
      }
    }
  ]
}